age,gender,university_year,GPA,study_hours_per_day,class_attendance_percent,sleep_hours,screen_time_hours,social_media_hours,gaming_hours,exercise_hours_per_week,part_time_job,relationship_status,mental_stress_level,AI_tool_usage_hours,exam_preparation_days,coffee_consumption_per_day,extracurricular_hours_per_week,final_exam_score,assignment_score
23,Female,4,3.81,4.2,96,6.2,3.9,3.3,0,2.1,Yes,Single,4.8,1.5,15,3,7.6,100,100
26,Female,2,3.46,3.3,94,6.6,4.9,3.2,2.7,5,No,Single,3.9,2.3,11,3,5.2,100,83
18,Female,3,4,4.5,100,6.3,3.7,1.4,0,2.6,Yes,In a Relationship,4.8,0,12,3,4.6,100,100
20,Male,4,3.77,5.8,97,7.1,6.9,3.7,2.1,3.2,No,Single,5.9,2.9,11,1,4,100,98
28,Female,2,4,3.1,96,8.4,4.8,0.6,0,4.4,Yes,In a Relationship,3.1,1.5,15,4,1.4,100,94
18,Male,2,4,3.1,96,6.1,5.6,1.8,3.9,2.9,No,In a Relationship,5,1.3,13,3,1.7,96,94
27,Male,1,4,5.9,100,8.2,1.6,0,0.5,0,Yes,In a Relationship,2.9,0.2,22,2,3.8,100,97
19,Male,1,3.5,4.7,89,6.1,7.7,5.1,1.7,5.1,No,Single,5,0.6,10,0,0,100,93
20,Male,3,3.72,2.8,90,6,5.6,2.5,2.7,5.5,No,Single,5.3,0.8,21,0,4.7,100,100
21,Female,2,3.47,4.3,100,8,8.8,6.1,0.1,0,No,Single,6.2,0,3,1,4.1,92,99
26,Female,2,3.24,2.8,80,8.1,6.7,4,1.6,0.9,No,Single,4.3,0.9,14,3,4.2,100,81
25,Female,3,3.57,2.8,73,8,4.4,3.5,1.1,7,No,In a Relationship,3.2,0.3,4,3,5.3,92,88
24,Female,2,3.51,3.9,100,5.4,3.5,1.9,2.8,3.5,No,Single,5.2,1.9,7,1,1.2,100,94
26,Female,2,2.71,0.6,77,6.4,3.7,1.2,2.8,3,Yes,Single,4.8,0,7,2,5.6,74,87
26,Female,4,2.93,0.9,71,8,2.9,3.6,2,2.1,Yes,Single,3.4,1,7,1,6.1,92,85
19,Female,3,3.45,2.7,84,7,6.5,2.7,0,0.9,No,Single,4.8,0.2,9,2,2,100,99
21,Female,2,3.3,2,85,5.7,2.2,0.8,0.8,2.6,Yes,Single,3.8,1.2,23,1,1.5,96,98
24,Male,4,4,4,100,7.5,4.3,0.5,1.4,4.9,Yes,Single,2.5,3.6,8,1,5,100,100
25,Female,1,2.97,2.1,72,6.1,5.1,1.4,3.1,3,No,Single,5.2,2.9,4,2,0.3,87,67
21,Female,4,2.6,1.4,74,9.2,7.8,5.5,0,4.2,Yes,Single,3.9,0.7,14,1,4.2,87,75
24,Male,1,3.98,5.7,100,8.9,10.3,6.1,1.2,6.5,No,Single,3.4,1,13,3,3,100,93
18,Male,2,4,3.2,98,7.7,7,3.1,3.2,1.8,Yes,Single,3.4,0.4,23,2,7.4,96,100
26,Female,4,4,3.6,100,8.6,5.6,3,1.2,3.6,Yes,In a Relationship,3.3,1,12,3,0,98,100
23,Female,2,3.36,1.4,83,7.1,4.8,2.3,1.5,5,Yes,Single,2.7,1.9,1,3,6.6,72,99
18,Female,3,3.99,2.7,94,7.9,5.7,1.4,0,1.1,Yes,Single,2.7,0,10,3,3.8,100,100
27,Male,4,3.77,3.7,90,8.8,8.2,4.9,0.9,3.4,No,In a Relationship,3.3,2.8,10,0,6,98,97
24,Female,1,3.24,1.8,72,7.3,9.9,5.6,2.2,6.7,Yes,Single,3.5,2.1,6,3,2.8,97,84
19,Female,3,4,4.1,100,6.7,1.6,1.5,0.5,2.3,No,Single,3,2.1,9,2,3.4,100,100
22,Male,3,3.01,2.6,78,5,5.8,2.7,0,5.1,Yes,Single,4.7,1.6,11,3,2.5,100,77
23,Male,1,3.96,3.1,94,6.9,3.2,2.1,0.3,2.7,Yes,In a Relationship,1.9,0.3,12,0,1.9,100,92
22,Female,3,3.83,2.6,91,8,5.2,2.2,3.1,6.6,Yes,In a Relationship,2.1,2.2,5,1,1.5,100,84
21,Male,1,4,6.3,100,8.1,8.5,4.6,2,0,Yes,In a Relationship,4.9,0.9,15,5,4.6,100,100
20,Female,1,4,3.5,97,7.6,5.9,0.8,2.7,3.1,Yes,In a Relationship,4.2,0,20,0,7.8,100,88
22,Female,3,3.41,1.9,88,6.4,5.4,3.5,2.3,0,Yes,In a Relationship,4.9,1.3,13,2,3.8,85,84
24,Female,1,3.45,4.7,100,4.6,6.3,3.9,4.7,1.6,No,Single,5.5,0,18,3,3.8,100,96
28,Female,3,3.1,1.7,79,6.4,5.5,2.6,2.8,1.6,Yes,In a Relationship,4.4,0.6,13,1,4.6,93,86
27,Male,4,3.48,3.8,82,6.6,5.9,4.1,1.5,2.5,Yes,In a Relationship,3,1.9,7,1,6,100,87
22,Female,1,3.13,0.6,71,6.6,7.2,3,1.2,0.6,No,In a Relationship,5.4,1.1,13,2,2.9,83,67
22,Male,3,2.9,1.5,84,7.7,7.5,4.6,2.1,2.9,No,In a Relationship,5.2,1.2,9,7,2.3,92,95
22,Female,4,4,3.8,95,9.4,3.6,0.5,3.1,3.9,No,Single,2.9,2.4,6,2,3,100,100
20,Female,4,3.67,4.6,100,7.1,6,2.3,0.4,0,No,In a Relationship,6.9,0,12,1,5.8,100,97
23,Male,2,4,3.8,100,6.7,5.6,2.7,2.1,1.7,Yes,Single,3.1,2.3,16,1,4.1,100,100
19,Male,1,4,3.3,97,6.7,2,0,1.7,8.1,Yes,Single,1,1.3,10,0,1.1,100,100
28,Female,1,3.94,3,100,7.1,4.1,1.2,1.9,3.7,No,Single,4,1.1,22,3,5.2,92,97
25,Male,3,3.16,1.3,79,6,3.6,1.6,1.1,0,Yes,In a Relationship,4.2,1.2,17,2,1.5,86,75
26,Male,3,3.37,2.4,87,7.1,7.3,4.2,2.2,0.2,Yes,Single,4.2,1.8,9,3,5.6,100,97
23,Female,1,3.27,2.8,100,7.5,5.9,1.7,3.2,3.5,No,In a Relationship,3.1,2.2,9,0,6.1,92,82
20,Male,1,4,5.1,95,7.3,3.2,1.6,2,3.2,Yes,In a Relationship,2.8,1,23,2,3.4,100,100
20,Male,2,3.68,4,89,7.5,5.2,4,0,1.8,Yes,In a Relationship,6.3,1.1,10,2,7.3,99,94
22,Male,4,3,0.9,91,7.5,3.5,0.4,0.3,7.4,No,In a Relationship,4.3,1.8,14,2,7.4,84,100
21,Female,4,4,4,100,4.9,2.1,0,3.7,8.2,No,Single,1,0,14,0,3.4,100,100
18,Female,2,3.35,2.9,80,7.8,5.3,2.3,0,2.5,Yes,In a Relationship,2.2,1.1,3,0,5.6,76,99
25,Female,1,4,2.5,100,6.2,4,0.6,0,4.7,No,Single,2.4,1.7,3,4,8.4,100,100
25,Male,2,3.89,4.4,80,5.7,1.1,0.7,0.7,4.8,Yes,Single,2.6,0.7,16,1,3.5,100,95
19,Male,4,3.96,5,100,5.7,7.5,3.7,0.5,5.1,Yes,Single,3.7,0.4,7,2,1.8,100,95
27,Female,1,4,4.9,100,7.5,5.7,4.1,1.5,1.7,Yes,Single,4.5,1,12,3,1.6,100,100
21,Female,2,3.07,2.2,75,6.7,7,4,2.1,6.9,No,Single,3.4,0.6,4,1,6.2,95,96
20,Male,4,3.14,3,77,5,6.7,4.5,2,2.9,No,Single,4.1,1,10,2,1.5,100,90
21,Male,3,3.65,4,89,7.6,7,4.7,0.9,3.8,No,Single,3.4,0.7,13,5,3.6,94,94
20,Male,3,3.95,5,100,5.3,5,0,0.8,3,No,In a Relationship,5.1,2.8,2,0,3.1,100,100
23,Male,1,3.4,2.8,100,7.2,6.9,3.5,1.1,2.7,No,Single,4,0.1,12,2,4.7,100,90
21,Male,1,3.87,3.2,100,7.3,6.1,2,3.1,3.6,Yes,Single,3.1,2,13,1,3.4,100,100
21,Male,4,3.54,1.8,97,8.1,4.9,1.7,0.9,0.6,No,In a Relationship,2.2,0.6,10,3,4.8,82,93
28,Male,1,3.42,1.7,80,9.1,7.3,3.6,2,0,No,Single,3.8,1.5,6,2,3.8,88,93
25,Female,1,3.76,4.7,100,5.4,3.7,0.2,1.3,2.6,Yes,In a Relationship,4.6,1.8,10,2,3.1,100,100
24,Female,4,4,5.5,100,6.9,3.5,0.2,0.8,1.2,Yes,Single,4,2.7,10,1,3.2,100,81
19,Male,1,3.54,3.4,87,6.7,8.1,3.8,2.6,4.1,No,Single,5.2,1.6,22,1,2.6,96,100
26,Female,2,4,5,99,7.5,6.7,3.5,0.7,3.9,No,In a Relationship,2.8,0.8,11,3,4.8,100,93
25,Male,2,3.92,4,100,7.3,8.7,3,1.8,3,Yes,In a Relationship,2.8,1.3,10,1,6.1,100,100
21,Female,1,3.42,2.5,82,6.6,5.7,1.5,2.3,6,No,Single,4.2,3.1,11,2,4.6,99,94
28,Female,1,3.6,4,87,6.5,5.5,3.9,2.1,3,No,In a Relationship,5.5,1.4,14,0,1.1,89,93
19,Female,3,4,5.8,100,5.7,6.6,3.8,1.9,0.1,No,Single,5.2,0,14,5,5.3,100,100
19,Female,3,4,3.4,94,8.2,6.4,2.9,1.6,2.6,Yes,Single,4.6,0.8,14,2,3.5,100,97
24,Female,1,4,5.8,100,7.6,4.1,1,1.7,5.3,Yes,In a Relationship,1.5,0.8,15,3,2.5,100,100
24,Female,4,2.88,0.5,69,8.1,6,2.2,1.5,0,No,Single,2.8,1.9,5,4,2.6,80,79
24,Female,3,3.94,4.7,92,6.6,8.1,4.1,0.8,2.8,No,Single,3.2,0,15,0,1.7,100,93
19,Male,2,3.55,3.6,95,6.2,6.2,4.8,0.7,4.2,No,In a Relationship,5.3,0.7,13,4,7.6,100,100
25,Male,4,3.19,3.1,92,5.7,6.8,2.3,1.5,8.3,Yes,In a Relationship,3.5,1.4,9,3,4.1,95,75
20,Male,3,3.23,3.6,89,7.4,4.8,2.4,1.7,5.4,No,In a Relationship,2.8,0.9,13,2,1.5,96,90
27,Female,4,2.9,0.5,64,5.8,4.9,2.6,1.8,3.3,Yes,In a Relationship,3.6,1.3,11,3,6.3,76,83
22,Female,4,3.41,3.2,85,9.2,5.5,3.2,2.3,4,No,Single,5.7,1.3,12,2,9.3,96,87
20,Male,1,4,4,92,5.4,5.9,1.9,0,0,No,Single,4.6,1.4,13,2,5,100,89
19,Female,2,4,5.7,100,7.3,2.7,0,2,0.9,No,In a Relationship,4.7,0.3,4,3,3.7,100,94
22,Male,1,3.48,2.7,80,8.9,6.8,4.6,1.9,4.3,Yes,Single,3.7,2,13,1,2,80,95
18,Female,1,3.35,2.3,98,7.7,8,5.5,1.9,3.3,No,In a Relationship,4.3,0.7,15,2,6.6,95,83
21,Male,4,3.5,2.7,94,7.2,2.7,1.9,2.1,3.6,No,Single,4.9,1.2,13,0,5.7,100,84
25,Male,2,3.7,4.9,100,5.8,3.2,1.2,0.5,3.1,No,In a Relationship,4.6,0,8,1,2.6,100,90
21,Female,1,3.58,4,94,5.3,4.1,2.6,1.8,3,No,Single,4.6,1.2,8,2,6.2,100,97
23,Male,2,3.12,2.7,79,7.9,5.2,2.5,1.8,3.2,Yes,In a Relationship,4.7,1.4,13,2,3.6,90,79
26,Male,1,4,4.3,90,8.8,8.1,4.3,0,0.9,Yes,Single,7,1.2,16,0,6.8,100,100
25,Male,1,3.88,3.6,100,6.5,6.6,2.9,3.3,2.5,No,Single,3.7,0.4,19,2,5.2,100,100
26,Male,3,4,5,100,5.6,6.1,1.6,0.3,0.5,No,In a Relationship,5.1,2.3,16,0,4.8,100,100
28,Female,3,3.2,2.4,66,4.1,5,0.8,1.8,1.8,No,In a Relationship,4.1,1.8,15,2,1.4,100,80
24,Male,1,3.67,3,88,5.8,6.5,4.1,0,5.4,No,In a Relationship,3.6,1.1,1,2,5,99,100
26,Female,4,3.06,2.9,98,6.9,6.7,3.7,2.9,2.6,Yes,Single,3.6,1.1,9,4,3,82,100
27,Male,4,2.98,1.3,75,8.9,7.4,4.4,0.7,4.2,Yes,Single,5.4,0.5,14,3,6.7,75,81
28,Male,3,4,3.9,100,7.8,1.7,1.3,1,3.2,Yes,In a Relationship,1.3,0.6,9,1,1.6,100,85
24,Male,4,3.68,3.9,97,7.4,7.1,5.6,0.2,2.2,No,In a Relationship,5.7,2.7,7,0,6.5,100,99
18,Female,2,3.81,3.5,100,6.5,3,0.2,0.9,1,No,In a Relationship,2.8,0.8,7,3,3.1,100,100
26,Female,3,3.54,3.1,85,6.3,6.7,3.9,1.7,2.2,Yes,Single,6.7,4,21,3,2,100,75
24,Male,2,3.81,1.4,88,8.7,3.6,0,3.5,3.4,Yes,In a Relationship,2,0,6,3,5,100,99
23,Male,3,3.66,2.9,88,7.2,5.2,1.6,2.6,4.2,No,Single,2.9,1.6,11,2,0.7,100,86
18,Male,3,3.26,3,82,4.5,6,5.1,2.6,3.2,No,In a Relationship,7.4,1.4,8,4,2.6,100,96
19,Male,4,3.27,2.3,83,6.2,7.6,4,0,4.3,Yes,Single,5.4,1.2,8,2,3.1,100,79
25,Male,4,3.43,3.3,88,6,5.2,2,1.8,0,No,Single,5.3,0,14,2,3.4,95,95
26,Male,4,3.72,4.1,82,6.3,5.7,2,0.9,4.7,No,In a Relationship,4.5,0,16,2,3.7,100,96
23,Female,3,4,6.3,100,7.7,7.3,3,0.1,0.7,No,In a Relationship,3.3,1.4,6,4,3.6,100,99
21,Female,4,3.72,3.8,85,6.9,6.4,3.6,0.7,5,No,In a Relationship,4.8,0.2,12,3,2.9,100,72
19,Male,3,3.86,3.9,83,6.9,9.2,4.7,1.5,4,No,Single,4.5,2.4,11,0,4.3,100,91
22,Male,4,4,3.4,91,8.6,4,2.1,1,0,No,In a Relationship,4.2,1,10,1,5.3,91,92
27,Male,2,3.16,0.6,82,6.2,2.3,0.4,1.9,4.5,Yes,Single,3.6,1.5,7,0,1.7,84,77
22,Male,2,4,3.5,88,9.2,6.5,3,0,5,No,Single,1.9,1.2,18,0,6.8,100,94
23,Male,1,3.61,3.6,86,6.2,4.7,2.1,4.6,5.5,Yes,In a Relationship,4.2,1.1,7,2,1.1,100,94
23,Male,4,4,7.2,100,7.1,4.1,0.8,1.8,1.5,Yes,In a Relationship,3.3,2.7,5,3,6.7,100,100
28,Male,2,3.36,3.2,83,6.7,8.6,3.2,0.9,3.4,No,Single,3,2.3,17,2,2.9,100,100
24,Female,4,3.99,4,88,7.1,6,2.5,1.1,4.4,Yes,Single,3.5,1.4,13,1,5.7,100,100
24,Male,2,3.95,3.4,99,7.5,6.6,3.3,0,4.5,No,In a Relationship,3.8,1.9,6,4,3.1,100,100
26,Female,2,3.32,1.7,83,7.5,3.5,1.5,0,3.8,Yes,In a Relationship,3.8,2.4,12,3,6.9,75,91
19,Female,4,4,5.2,100,6.1,4.5,3.5,1.3,2.1,No,In a Relationship,2.5,0.6,9,3,0.5,100,100
28,Male,3,4,4.6,100,5.7,3.7,0.8,1.8,5,No,Single,3.7,0,19,1,3.1,100,84
18,Female,2,4,4.7,100,10,5.9,1.6,0,5,Yes,In a Relationship,1.6,1.8,11,5,2,100,100
28,Male,2,3.4,2.1,88,6.4,5,2.4,0.3,2.7,No,In a Relationship,5,2.4,15,0,1.2,89,100
20,Female,1,3.4,5.6,100,7.8,8.9,5.4,1.7,1.4,No,In a Relationship,5.1,0,12,0,6.3,100,96
23,Male,1,2.33,1.4,60,5.1,8.7,4,0.1,1.5,No,Single,5.2,0.6,19,0,2.7,74,71
23,Male,3,3.84,4.4,98,6.7,9.1,4.4,2.7,5.7,No,In a Relationship,4.1,1,13,0,3.3,97,100
22,Male,3,3.93,6.8,100,6.8,8.4,4.9,1.9,4.9,No,Single,4.9,0.2,18,1,0.9,100,100
25,Female,3,2.82,2,80,7.6,11.2,8,0.9,3,No,Single,6.8,1.1,15,0,4.7,83,100
28,Female,2,3.24,2.7,73,3.7,4.1,2.9,1.7,2.6,No,Single,4.5,0.1,9,1,2.9,84,88
23,Male,2,3.73,3.6,87,7.2,7.1,4.9,0.4,0,No,In a Relationship,5.1,0.9,12,0,3.5,91,94
22,Female,3,3.19,2.7,70,5.6,7,4.3,0.4,2.8,Yes,Single,6.7,1.9,11,1,1.6,99,79
18,Female,4,2.52,1.2,81,7.4,6.3,4.3,3.4,0.6,No,In a Relationship,4.6,0,9,0,6.6,68,86
19,Male,1,3.61,3.6,96,5.8,8.8,5.5,3.7,3.3,Yes,In a Relationship,5.9,0.1,7,1,6.9,100,95
25,Female,4,3.35,1.9,77,6,7.5,2.2,0.9,5.4,No,Single,2.5,2.6,19,2,4.9,100,94
20,Female,3,4,4.2,97,6.7,6.9,2.1,1.5,1,No,In a Relationship,2.6,0.4,2,3,4.4,100,96
27,Male,4,2.94,2.1,73,5.7,6.6,3.3,0.9,3.5,No,In a Relationship,3.6,0,19,3,5.4,92,87
24,Male,2,4,5.8,100,6.4,6.4,2.5,3,5,Yes,In a Relationship,3.1,1.4,5,3,6.8,100,100
27,Male,2,3.02,2.3,86,5.6,5.4,3.3,4,3.4,Yes,Single,5.7,1.1,15,0,1.1,97,88
23,Female,2,2.82,3,76,4.8,9.9,5.1,0.7,2,Yes,Single,7.1,1.3,9,0,0,95,84
26,Male,2,4,4.7,100,8.2,3.2,2.1,0,3,Yes,In a Relationship,1.4,1.3,4,0,10,100,100
26,Male,4,2.77,1.7,78,5.4,6.4,2.3,2.7,4.9,No,Single,3.5,2.5,18,1,0,89,82
24,Male,3,3.5,3.8,100,6.8,6.7,3.1,2.4,3.5,No,In a Relationship,4.9,0.5,1,1,2.9,100,100
27,Female,3,4,5.5,100,7.9,4.6,2.5,3.2,3,No,Single,3.5,1.1,16,3,4.5,100,100
18,Male,3,3.12,1.1,89,6.3,2.7,0,1.8,5.3,Yes,In a Relationship,4.2,0.8,13,1,4.4,92,100
22,Female,1,3.9,3.8,100,6,3.5,1.9,0,4,No,In a Relationship,4.5,1.9,17,0,3.6,100,100
21,Male,1,3.7,3.9,81,7.3,5.5,3.8,0,0.6,No,In a Relationship,4.6,2,15,0,5.5,100,100
25,Female,1,3.97,4.7,99,8.3,6.1,5,3.9,4.3,No,Single,4.1,1.6,15,2,3.9,100,100
25,Female,1,2.74,1.6,79,5.6,5,1.1,1.4,4.9,No,Single,3.4,3.4,16,3,2.6,83,76
27,Female,4,3.31,1.5,76,6.8,5.5,1.1,0.4,0.5,No,Single,3.1,1.8,16,1,4.7,96,94
26,Female,1,3.92,4.3,98,4.9,3.2,2.8,0,0,No,In a Relationship,6.3,2.5,14,2,1.2,84,100
22,Female,3,4,3.9,100,6.5,5.2,0,2.1,0.9,No,Single,4.3,0.3,10,0,6.8,100,91
22,Female,4,3.25,3.9,81,7,5.1,2.1,1.6,2.8,No,Single,4.3,0.5,11,1,4.2,94,92
26,Female,3,3.76,4,83,6,3.5,0.2,0,5,No,In a Relationship,3.2,3.2,13,2,2.3,100,100
22,Male,2,3.51,2.5,94,6.5,6.1,4.9,0.3,1.2,No,Single,4.4,0,11,3,3.6,91,88
25,Female,2,4,3.8,92,5.3,6.2,1.6,0.5,4.1,No,In a Relationship,4.5,2,23,1,4.1,100,100
27,Female,3,3.61,3.9,92,7.1,8.5,5.3,2.1,0,Yes,In a Relationship,5.8,2.5,12,0,3.4,100,96
24,Female,1,2.82,2.4,76,8.3,8.9,4.5,3.7,3.4,No,In a Relationship,6.2,2.4,6,4,8,89,79
24,Male,2,4,6.3,100,5.7,6.3,1.8,1,2.2,No,In a Relationship,3,0,11,1,3.5,100,100
19,Male,3,3.87,4.2,100,6.3,5.8,1.2,3.6,7.2,Yes,Single,2.1,0.8,8,2,0.4,100,100
22,Female,1,3.44,1.7,86,7.6,4.7,2.5,1.5,0,No,Single,2.8,1.8,22,3,2.4,93,99
20,Female,2,4,4.5,100,8.5,5.4,2.6,0.4,3,No,In a Relationship,3.2,1.9,12,1,4.7,100,99
21,Female,1,2.82,2,64,5.2,5.6,3.3,3.3,0,Yes,Single,3.8,1.2,15,2,7,91,79
21,Male,4,3.55,4.7,100,6.8,5.7,1.6,2.1,1.9,Yes,Single,5.1,0.5,15,4,5.3,100,76
26,Male,3,3.74,5.2,100,7.3,7.3,3.9,3.2,0,No,Single,6.1,0.9,17,1,1.7,100,99
22,Female,4,3.4,2.3,79,6.9,7.5,3.2,2,7.6,Yes,Single,3.2,0.6,13,2,1.4,90,97
19,Female,3,3.78,4.9,100,4,6.6,2.3,4.7,2.3,No,In a Relationship,4,0,10,2,2.4,100,91
20,Male,2,4,4.1,94,7.6,2.6,1.7,1.9,2.6,Yes,In a Relationship,2,0.9,12,1,0,100,93
27,Female,4,4,4.7,100,8.8,7.1,2.5,2.2,2.9,No,In a Relationship,2.6,3,6,1,7.6,100,100
23,Female,3,4,6.3,100,7.1,5.7,1.6,0.6,0.7,No,In a Relationship,4.6,0.9,11,2,4,100,100
24,Female,3,2.88,3.1,89,5.8,5.5,2.9,2.7,5.1,No,Single,3.3,0,21,0,4.6,83,93
28,Male,3,3.58,2.4,80,6.4,6.3,2.9,1.3,4.3,No,In a Relationship,6,0.8,16,2,5.6,100,92
26,Female,4,3.61,2.2,83,9.1,6.1,3.2,2.4,4.8,No,In a Relationship,4.6,2.9,11,0,2.6,100,89
24,Male,2,3.07,2.3,85,8.1,9.1,5.4,3.4,0.6,Yes,Single,5.2,0,22,0,3.5,88,82
27,Female,1,3.73,3.4,91,7.8,5.2,2.6,1.6,5.3,Yes,In a Relationship,2.8,1.2,9,1,2.4,97,90
22,Female,4,3.84,4,100,7.4,7.9,4.3,2.4,5,No,In a Relationship,3.6,1.9,14,2,3.2,100,92
25,Male,1,3.62,3.9,82,6.2,6.2,3.1,3.3,2.5,Yes,In a Relationship,6.2,0.1,10,3,4.6,98,86
25,Male,2,4,4.7,100,6.8,4.9,2.4,0.2,4.8,No,Single,3,1.4,11,3,2.9,100,100
25,Female,4,4,3.5,95,6.9,5.8,2.6,1.7,3.5,Yes,In a Relationship,4.9,0.3,14,1,4.8,100,94
22,Male,1,3.98,5.7,100,7.7,8.9,2.7,0,0,No,In a Relationship,4.4,0,15,1,4.6,100,100
19,Male,1,3.89,3.1,88,8.8,5.4,3.2,1.3,2.6,No,In a Relationship,4.4,1.8,11,3,5.8,100,88
28,Female,3,4,7.6,100,8.3,4.1,1.4,2.7,2,No,In a Relationship,2.4,3,8,2,8.2,100,100
25,Male,3,3.75,4.4,100,5.3,2.8,0.6,0,3.2,Yes,In a Relationship,3.4,0.8,21,1,6.1,100,95
20,Male,3,3.43,2.2,88,7.3,6.1,3.8,0.4,5,No,In a Relationship,3.9,1.8,13,1,3.7,100,95
28,Female,4,3.21,1.9,76,7.9,8.1,4.1,0,0,No,Single,4.2,1.7,7,1,2.5,93,89
21,Female,3,3.92,4.2,94,7.7,7.8,3.9,2.6,2.1,No,Single,5.7,1.4,7,3,4.5,100,100
21,Male,2,3.61,3.2,93,6.2,6,3,2.1,1.4,Yes,Single,4,0.5,22,1,2,100,91
27,Female,2,4,4.6,95,10,8.2,4,3,1.4,No,Single,3.2,0.2,24,3,0,100,98
20,Female,1,3.54,4.2,98,5.5,7.9,3.9,2.7,1.4,Yes,Single,6.7,0.4,14,1,6.5,100,100
25,Female,1,3.32,3.4,86,5.7,6.8,4,0.8,3.1,No,In a Relationship,6.1,1,9,0,2.3,100,88
23,Female,4,3.34,2.2,96,7.3,2.7,1.5,1.3,4,No,Single,4.8,0.8,14,1,5.8,99,83
18,Female,3,3.35,1.2,82,9.5,5.2,1.2,1,3.7,No,Single,1,0.1,10,5,5,92,91
18,Male,3,3.52,2.8,100,6,5.4,2.2,3.4,3.4,Yes,In a Relationship,4.3,1,15,2,4.5,95,93
18,Male,2,4,4.8,100,6.7,5.8,2.8,2.2,4.2,No,Single,4,0.6,14,4,5.5,100,97
19,Male,3,3.9,3.8,100,8.3,4.8,2.4,2.8,7.8,Yes,In a Relationship,1.9,1.8,12,1,2.7,88,100
21,Female,2,3.53,1.6,80,7,3.9,0,2.5,3.3,No,Single,3.2,0.8,12,0,2.5,100,95
18,Male,2,3.08,3.8,91,6.6,8.8,5.4,0.9,5,Yes,In a Relationship,4.5,2,11,2,0,90,97
21,Female,2,3.81,4.1,95,7.7,5.1,2.4,0.3,4.9,No,In a Relationship,3.4,1.4,17,2,5.9,100,100
21,Female,4,3.19,2.2,71,7.3,4.6,3.1,2.1,6.6,No,Single,6.8,0.7,11,1,7,91,91
18,Male,3,4,3.7,91,8.2,9,4.7,3.4,4.1,Yes,Single,4.5,1,22,6,5.5,100,96
27,Female,4,4,3.6,100,8.5,3.7,0,1.9,1.3,No,Single,3.1,1.1,23,1,3.4,100,93
26,Female,1,3.18,1.8,83,7.4,5.3,2,0,3.6,No,In a Relationship,4.3,1.4,10,1,6.5,98,84
21,Female,2,4,4,96,7.4,2,2.2,2.2,3.5,No,In a Relationship,3.8,1.6,10,1,6.8,100,90
21,Male,1,4,4.3,98,7.3,5.3,2.3,0.8,4.6,Yes,Single,2.3,0.7,12,2,1.3,100,99
23,Male,1,4,5.1,100,7.6,5.2,2.5,0,1.3,No,In a Relationship,2.4,1,9,0,3.3,100,88
24,Female,2,3.95,5.1,100,7.1,7.3,5,3.6,5.5,No,Single,4.4,1.3,16,4,0.6,100,100
19,Female,3,2.96,1.4,63,7,7.7,3.8,0.4,3,No,In a Relationship,4.2,0,18,0,1.4,89,85
23,Female,2,3.55,2.1,79,8.4,8.1,4.2,3.2,4.7,Yes,In a Relationship,1.8,1.8,18,2,6.4,99,95
21,Female,2,3.72,4.3,99,8.8,6.4,2.9,3.3,3.6,Yes,In a Relationship,5,0.2,11,2,5.1,99,100
18,Female,4,3.79,4.3,93,5.2,4.9,0.7,2,3.2,Yes,Single,3.9,0.9,11,1,3.5,100,94
23,Male,2,4,4.3,100,7,1.8,0,0.4,3.5,No,Single,4.3,0.5,2,4,2.8,100,91
27,Female,4,4,9.3,100,6.2,3,0.5,3,4.3,No,Single,1,1.9,9,1,1.8,100,100
23,Female,1,4,4.4,93,6.6,6.4,3.3,0.5,6.9,No,In a Relationship,5.1,2.2,7,4,5.1,100,97
20,Female,3,4,5.2,100,7.5,5.1,2.8,1.4,0,No,In a Relationship,4,1.1,6,0,4.6,99,91
27,Male,4,3.81,4.9,93,7.8,6.4,2.5,1.2,4.1,Yes,In a Relationship,4.7,1.1,10,4,6.2,100,100
19,Female,4,4,4.5,84,6.9,4.6,2.2,1,3.1,Yes,In a Relationship,4.1,1.2,10,2,5,100,100
20,Female,1,3.27,3,89,4.7,10.4,5.8,1.8,2.6,Yes,Single,6.6,1.2,12,1,5.2,89,100
27,Male,4,3.8,4.6,100,5.8,3.5,1.6,0,0,No,Single,5.1,2.2,19,2,3.3,100,95
21,Female,1,3.28,2.3,87,8.1,9.8,4.2,0.6,4.2,No,Single,3.6,4.2,18,0,3,87,87
28,Male,1,3.22,3.1,86,3.7,8.2,2.8,0.3,2.8,Yes,Single,4.6,1,6,1,3.8,100,97
28,Female,1,3.33,2.8,89,8.4,5.6,2.7,2.2,1.3,No,In a Relationship,3.5,1.8,14,0,1.7,100,87
19,Female,3,4,3.6,100,7.6,9,4.6,2.4,3.1,No,In a Relationship,3.1,0.4,8,0,3.1,97,98
26,Male,2,4,7,100,8.6,7.5,5,1.2,2.4,Yes,In a Relationship,4,0.4,13,4,4.4,100,100
27,Male,3,3.28,0.7,95,6.8,6.6,2.4,2.3,0,No,In a Relationship,3.9,0.2,19,2,4.2,80,100
23,Female,2,3.76,4.5,100,4.5,6.8,4,1.4,3.2,No,Single,3.9,2.5,10,2,5.5,100,81
22,Male,1,2.96,1.1,80,7.5,4.8,3.3,1.1,4.2,No,In a Relationship,4.3,1.9,7,0,4.6,96,83
24,Male,4,3.73,2.8,89,8.5,1.6,2.8,1.9,1.9,No,Single,3.8,0.8,12,1,4.7,99,88
28,Female,2,4,5.1,100,8.1,5.8,3.1,1.8,3.5,No,Single,4,1.4,19,2,2.1,100,100
24,Female,2,3.65,3.6,91,6.2,5.1,1.8,0.1,3.2,No,In a Relationship,4.6,2,22,0,10.6,100,86
20,Female,3,3.39,1.9,87,7.1,6.9,2.3,2.7,5.1,No,In a Relationship,3.2,2.4,9,1,3.4,85,95
23,Female,4,3.73,2.4,91,6.4,4.9,1.9,0,2.8,No,Single,3,1.6,13,1,7.8,82,81
26,Female,1,3.45,4.5,85,6,8.4,4.2,0,4.6,No,In a Relationship,5,1.3,13,2,0.8,100,97
22,Male,3,4,2.4,100,8.1,5.2,2.7,0.2,2.4,No,Single,1,2.5,5,2,5.2,100,100
24,Female,4,3.83,3.8,90,5.6,3.5,0.9,1.5,6.9,Yes,Single,2.9,0.1,5,2,3.9,98,97
28,Female,4,3.43,3.6,72,5.9,6,1.7,3.5,2.1,No,In a Relationship,5,0,14,3,2.9,100,77
22,Male,2,3.62,2.5,88,5.7,1,0,3.2,1.6,No,Single,4.7,2.5,10,1,4.7,99,95
20,Male,3,4,6.7,100,5.2,5.1,2.1,0.3,2.8,Yes,Single,3.9,0.8,5,0,2.5,100,100
26,Female,1,3.93,4.5,100,7.2,5.4,2.9,1.4,1.5,Yes,In a Relationship,2.1,2.5,15,1,7.8,100,100
22,Female,2,3.32,0.5,76,8.4,7.2,2.6,0,0.5,No,Single,1.4,3.1,12,2,6.5,85,93
28,Female,1,3.56,3.8,92,6.8,8.2,5.8,0.6,4.5,No,Single,5.7,3.1,12,2,4.2,89,83
18,Male,4,3.34,2.5,89,5.2,7.3,3.7,4,0,No,Single,5.3,0,7,2,2.5,100,98
20,Male,3,3.98,4.8,94,8,7.7,3.6,1.2,1.6,No,Single,6.3,2,3,1,5.6,100,100
20,Male,2,3.69,2.3,91,9,1.5,0.3,3,0.3,Yes,Single,1.5,0.7,9,0,0.6,100,80
27,Male,2,3.56,3.3,96,6.2,5.1,2.3,2.6,3.3,No,In a Relationship,4.4,0.5,12,2,0.9,100,83
18,Female,1,3.99,4.3,93,6.4,4.6,2.1,0.6,0,No,Single,6.3,1.6,8,0,2.1,100,98
25,Male,2,4,4.8,91,7.6,5.7,1.6,0.4,4.1,Yes,Single,3.4,0.6,7,1,0,100,89
23,Female,4,3.98,1.7,91,8.9,5.4,1.6,1.4,4.3,Yes,In a Relationship,1.1,1.9,10,3,0,91,100
22,Female,2,3.45,3,89,6.4,2.8,0.1,1.3,0,No,Single,6.6,2.5,12,6,6,91,96
27,Male,2,3.37,2.8,84,5.4,2.6,0.9,2.7,3.4,Yes,In a Relationship,5.4,1,19,1,2.8,100,95
24,Female,1,3.8,2.5,86,7.8,8.3,4.1,1.1,4,No,In a Relationship,3.9,1.6,13,2,4.3,92,82
23,Female,4,4,6.1,100,8,5.5,2.6,2.6,4.9,No,Single,4.1,0.7,5,1,3.2,100,96
20,Male,4,4,4.1,100,7,3.1,2,0.6,0.1,No,Single,5.2,1.7,2,2,3.5,100,100
21,Male,2,3.25,1.6,68,6.3,4,2.8,1.5,0,Yes,In a Relationship,5.6,2.6,1,1,1.6,80,77
21,Male,1,3.55,4.9,100,8.2,8.1,4.6,0.2,6,No,Single,2.4,1.6,14,4,3.6,100,90
18,Female,1,4,6.7,100,7.6,4.3,2.8,0,1.4,No,In a Relationship,4.5,1.1,7,4,2.5,100,100
26,Male,3,4,5,97,6.1,8.8,3.6,0.3,1.9,No,In a Relationship,6.4,2.5,14,1,3.5,100,98
23,Male,2,2.94,1.2,73,7.1,3.4,1.5,2.2,4.3,Yes,Single,3.8,0.8,18,2,1.1,86,88
20,Female,1,3.48,2.8,87,5.4,4.9,1.9,3.3,0.7,No,In a Relationship,5.1,0.8,15,2,4.1,100,79
28,Female,2,4,5.4,100,7.8,6.5,3.3,1.3,2.5,No,Single,3.6,0.5,11,2,3.6,100,100
25,Male,4,3.49,2.4,80,6.7,7.7,5.6,2.1,4.8,No,In a Relationship,4,0,21,2,2.6,96,89
18,Female,1,3.6,4.2,95,6.5,5.2,4.9,1.1,0.2,No,In a Relationship,4.1,0.3,10,0,6.7,100,94
27,Female,2,4,4.7,100,7,6.9,3.7,0.9,2,Yes,In a Relationship,5.4,1.3,7,1,1.8,100,98
19,Male,2,3.53,2.1,84,7,5.1,3,2.9,0.7,No,In a Relationship,4.4,1.4,14,1,3.3,100,87
27,Male,1,3.45,3.4,100,8.1,8,4.9,3.2,1.5,No,Single,3.5,0.2,16,3,3.7,94,92
18,Female,2,2.89,0.5,57,7.7,6.9,4,3.3,5.4,No,In a Relationship,4.8,0.7,1,2,5.5,91,78
22,Male,2,3.64,2,70,6.8,3.3,0,2.6,5.8,Yes,In a Relationship,1.9,0,18,5,5.9,100,84
28,Male,4,4,3.1,96,7.9,6.1,1.2,1.1,3.5,No,In a Relationship,2.2,3.4,4,3,0,100,100
27,Female,3,3.49,1.6,82,7.5,5.6,3.3,0.7,4.1,No,Single,3.4,2.7,2,1,7.3,100,94
28,Male,3,4,5.9,100,6.5,2.5,0.1,0,4,Yes,Single,2.8,0.5,10,0,6.4,100,88
26,Male,3,3.06,1.4,81,6.9,2.5,1.5,4,1.7,Yes,In a Relationship,4.3,1.3,7,1,2.1,90,88
28,Female,3,4,2.8,98,6.8,4.6,1.8,0,3.5,No,Single,2.8,0.3,14,0,7.3,96,94
27,Male,4,4,3.7,100,7.6,5.9,2.4,1.5,0.4,No,Single,5.2,2.2,14,0,5.2,98,95
20,Male,1,4,5.7,100,6.6,4.8,2.4,0,1.1,No,In a Relationship,4.9,1.8,14,1,5.1,100,100
28,Female,3,3.05,1.3,79,6.5,5.9,2.4,2.9,2.8,Yes,Single,3.6,0,18,2,2.9,97,70
26,Male,2,4,5.2,100,9.4,6.8,4,2,0.9,No,Single,4,0.2,10,0,4.5,100,98
24,Female,2,3.78,3.5,86,8.1,3.8,2.4,3.2,0.5,No,In a Relationship,3.6,1.1,14,2,4.5,99,100
19,Female,3,2.91,2,75,6.1,5.6,2.2,1.8,1.6,Yes,Single,4.5,2.6,4,4,1.2,98,79
24,Female,1,4,4.2,100,7.7,3.6,0.8,2.4,5.3,No,Single,4.1,0.8,17,2,1.8,100,100
19,Male,3,3.72,3.8,78,7.1,7.4,4.3,2,6.1,Yes,Single,3.6,2.5,9,2,2.5,100,94
21,Female,4,3.48,2.6,81,7.5,4.1,1.8,3.2,2.9,No,Single,3.7,1.5,11,1,2.2,89,78
20,Female,3,3.62,3.6,87,7.2,3.4,1.2,2,4.2,No,Single,2.4,0.4,10,0,5.3,100,97
18,Female,2,3.84,2.9,98,8.4,6.3,3.1,2.8,1.9,Yes,Single,4.5,0.8,12,2,3.2,99,95
25,Male,1,4,3.7,89,7.4,4.3,1.6,4.1,0,Yes,In a Relationship,4.3,1.8,10,3,9.5,97,97
24,Female,4,3.94,4.5,100,6.9,7.1,2,0.5,1.2,No,Single,5.5,2,1,2,6.4,99,98
23,Female,4,4,5.9,100,8.3,7.2,3.2,0.5,2.4,Yes,In a Relationship,3.1,2.1,18,1,1.5,100,100
22,Female,2,3.37,1.6,95,7.3,6,2.3,3.1,3.3,No,In a Relationship,4.4,1.4,9,1,3.5,100,100
27,Female,4,4,6.7,100,7.1,9.1,6.3,1.8,2.8,Yes,In a Relationship,6.7,1.6,10,1,3.8,100,100
25,Male,3,3.11,0.6,82,7.4,3.3,2.7,1.9,2.4,No,In a Relationship,3.6,3.5,11,1,1.9,93,84
22,Female,2,3.74,3.3,93,6.9,5.7,3.7,2.4,1.9,No,In a Relationship,4.6,3.6,15,1,2,94,94
18,Male,2,4,4.4,100,7,2.2,0,1.8,3.7,No,Single,3,1.2,10,3,2.4,100,92
26,Male,3,4,3.9,97,6.3,4.2,1.5,0,0.3,Yes,In a Relationship,4.1,0,17,1,4.1,100,91
23,Male,1,3.99,2.6,88,6.1,4.2,1.2,1.8,4.6,No,In a Relationship,3.6,1.3,21,1,7.1,95,100
28,Male,1,3.49,3.2,88,5.8,5.2,1.4,0.1,1.8,Yes,Single,4.8,1.3,20,6,3.9,98,83
19,Male,2,3.2,2.8,91,5.3,6.7,3.4,2.2,7.1,No,In a Relationship,4,0,13,0,4.6,97,87
18,Female,2,2.88,2.6,100,5.9,8.8,4.4,2.1,2.4,No,In a Relationship,5.1,1.3,9,1,4.7,77,82
18,Male,2,3.91,4.8,100,6.8,5.9,3.3,1.9,2,Yes,In a Relationship,4.8,0.2,9,1,5.5,100,97
20,Female,3,3.81,4,100,7.1,5.8,2.5,1.3,1.9,Yes,In a Relationship,3.7,1.6,10,2,3.5,100,88
22,Female,2,3.61,2.5,91,6.7,5.3,1.9,4.2,2.1,No,Single,3.6,1.8,8,0,6,100,96
23,Male,1,3.42,4.8,72,4.2,7.8,4.5,4.4,4.2,No,Single,4.6,1.7,14,1,4,100,92
19,Male,3,3.32,4,98,8.9,10.4,5.9,0,2.9,No,Single,4.6,2.2,11,3,4.3,100,99
25,Female,2,3.8,4.7,100,8.3,7,3,0.9,5,Yes,In a Relationship,3.7,1.7,12,3,0.3,100,98
20,Male,2,3.65,4.4,87,7.5,5.6,4.2,3.7,3.9,No,Single,4,2,10,2,4.7,100,95
20,Female,4,3.47,2.3,74,9.3,6.2,3.3,2.8,3.1,No,In a Relationship,2.7,2.5,14,1,2.9,98,86
24,Male,2,3.85,2.7,86,5.8,6.9,3.9,1.2,3.7,Yes,In a Relationship,4.7,0.8,13,2,4.7,100,95
20,Female,4,4,4.6,100,9.3,6.7,1.1,3.1,5.4,Yes,Single,2.5,1.1,10,0,1.7,100,100
23,Male,1,3.89,4.4,95,5.8,4.7,2.1,0.5,4.3,No,In a Relationship,4.1,0.8,11,1,4.6,100,100
26,Female,4,3.44,3.5,90,7.3,5.2,3.4,0.6,3.6,Yes,Single,6.3,0.5,11,3,0.2,100,93
27,Female,4,3.4,3.7,100,5.5,8.1,4.6,1.5,3.8,No,Single,4.5,0.9,15,3,5.9,100,76
28,Female,1,4,5.4,100,7,5.2,1.6,2.1,0.7,No,In a Relationship,3.9,2,8,2,1.6,100,98
18,Male,2,4,2.6,83,7.5,2.9,0,2.1,8.1,No,Single,2.5,1.9,10,2,5.7,100,100
18,Male,1,4,4.3,94,6.8,4.8,2.1,1.9,4.1,Yes,Single,2.9,0,3,2,2,100,91
21,Female,1,3.81,3.2,100,7.9,8.4,4.3,1.7,4.3,No,In a Relationship,6,2.9,7,1,4.8,100,94
19,Female,1,3.75,3.2,90,7.1,2.4,0.4,1.3,2.9,No,In a Relationship,3.1,2,11,2,2.8,100,89
27,Female,4,4,5.1,100,6.4,3.6,1,1,0,No,In a Relationship,4.7,1.4,10,1,2.5,100,97
23,Male,2,4,4.7,100,6.3,5.4,3,1.5,2.5,Yes,Single,4.5,0,2,2,5.2,100,100
22,Female,4,4,4.7,100,8,6.9,2.6,1.9,3.2,No,In a Relationship,4.6,0,15,1,2.8,100,100
19,Female,3,4,5.5,100,6.2,7,3.7,0.5,1.4,Yes,In a Relationship,4,2.7,8,3,5.4,100,100
26,Female,2,4,3.5,100,8.1,2.7,1,0,1.3,Yes,In a Relationship,4.9,2.2,4,0,3,100,100
23,Female,3,4,4.5,100,8.5,4.1,2.3,1.6,2.3,Yes,Single,3.7,2.3,14,1,5,100,100
20,Male,4,3.06,3,91,5,9.8,4.6,1.7,4.5,No,Single,5.8,1.1,16,3,5.2,100,94
26,Male,2,3.71,4,93,8.4,5.3,1,1,5.5,No,Single,1.6,2.5,1,1,2.7,100,100
19,Male,4,3.71,3.3,93,9.5,9,5,0.8,3.3,Yes,In a Relationship,4.4,0,15,3,4.2,92,88
26,Male,1,4,3.6,93,7.3,4.2,1.2,1.7,1.9,No,In a Relationship,2.6,0,11,3,3.7,100,96
18,Female,1,3.56,4.4,100,7.7,8.9,4.1,1.4,2.3,No,In a Relationship,5.7,2.2,11,5,3.9,100,95
25,Female,2,3.44,2.3,87,8.2,3.9,2.2,1.4,3.2,No,In a Relationship,2.1,0.3,6,2,5.3,88,94
26,Male,4,4,6.6,100,6.7,5,1.1,4.1,3.4,Yes,In a Relationship,3.6,1.2,11,5,1.2,100,100
23,Female,2,3.18,2,81,7.2,4.6,2.1,0,3.9,Yes,In a Relationship,3.2,0,12,3,6.3,80,93
27,Male,3,2.61,1.7,76,5.4,6.3,3.6,0,2.1,No,In a Relationship,3.6,0,23,2,0.5,85,77
27,Female,4,3.57,5.2,100,7.2,6.7,2.8,1.3,4.1,Yes,Single,2.8,0.2,15,4,2.9,100,100
25,Male,1,3.63,4.7,91,7.6,7.3,4.5,2.4,3.9,No,Single,4.8,0.8,12,2,4,100,99
26,Female,4,3.76,4.4,100,7.6,7.5,5,0.6,2.2,No,Single,4,0.3,18,0,3.2,100,100
21,Female,4,4,4.4,100,8.3,3.4,1,0,0,Yes,Single,2.8,1.8,16,0,6.7,100,95
18,Female,1,3.71,3.5,98,6.1,1.5,0.9,1.3,1.2,No,In a Relationship,4.4,2.2,5,0,4.9,100,89
20,Female,4,3.49,2.2,91,6.4,4.7,0.8,1.3,6.1,No,Single,3.8,1.8,15,4,3,92,93
28,Male,3,4,3.6,100,9.3,3.3,1.5,0,0,No,Single,4,0,12,1,4.2,100,100
22,Male,3,3.07,2.5,76,6.8,9.7,4.5,2,5.6,Yes,In a Relationship,4.3,1.7,8,0,6.3,87,87
22,Female,3,4,5,100,7.2,6.3,3.6,1.3,0,No,In a Relationship,5.1,0,7,1,6.3,100,100
18,Female,2,4,3.3,77,6.9,6.6,2,2.2,1.5,Yes,In a Relationship,4.2,3.1,11,3,6.5,100,92
25,Female,1,3.1,2.3,72,6,3.6,2.8,2.1,2.3,Yes,In a Relationship,3.5,1.2,12,1,4.5,87,93
23,Male,2,3.26,3,88,8.9,8.8,4.9,0,6.6,No,Single,3.8,0.3,18,3,4.8,99,92
23,Male,1,3.79,4.1,100,6.4,9.9,5.7,1.5,3.1,No,In a Relationship,4.4,1.3,1,2,3.7,100,92
18,Female,4,3.78,2.7,96,5.6,7.8,3.2,1.4,2.6,No,In a Relationship,5.4,1.4,6,3,5.2,100,90
19,Female,4,3.03,2.3,97,6.5,1.2,0,0.9,1.1,Yes,Single,3.6,1.9,13,2,5.6,95,80
22,Female,1,3.41,3.9,78,4.6,5.4,3.2,1.9,4,No,In a Relationship,2.7,0,11,3,6,99,87
19,Male,3,3.59,3.9,94,6.2,7.9,4.2,1.1,2,Yes,Single,6.1,0.5,13,1,6.1,85,86
27,Male,1,3.71,2.7,77,5.8,6.3,3.1,0.6,2.5,No,In a Relationship,4.2,1.7,10,1,4.4,100,97
25,Male,3,3.08,2.8,87,7.7,7.3,3.9,1.2,2.3,No,In a Relationship,3.8,2,13,1,4.1,87,83
24,Female,4,3.91,3.8,100,6.2,5.9,3.3,0.4,4.4,Yes,In a Relationship,5.2,4.5,4,2,3.2,100,96
22,Male,2,3.7,1.3,89,8.1,5.8,0.9,1.6,4.5,No,Single,2.5,2.6,22,3,2,87,93
21,Male,2,3.26,1.4,94,8.7,7.6,1.5,0.8,1.2,Yes,In a Relationship,3.9,0.5,14,3,4.3,86,95
25,Male,4,3.58,2.4,77,7.9,5.4,2.3,1.1,1.7,Yes,Single,3.2,3,14,0,3.9,87,90
18,Female,1,3.4,3.2,79,6.7,7.9,4.4,0,1.5,No,In a Relationship,5.9,1.8,7,0,3.8,91,80
27,Female,3,4,4,100,7.2,4.8,1.7,0,3.4,No,Single,3.7,2.6,9,1,6.2,100,98
20,Male,2,4,5.7,100,5.2,8,3.5,2,4.8,Yes,Single,5,1.7,15,3,4.7,100,98
18,Male,2,4,4.8,100,6.8,7.3,3.3,3.1,3.4,Yes,In a Relationship,4.1,2.6,10,2,4.3,100,88
27,Male,3,3.28,3.3,85,6,6.9,5.2,1.5,0,No,In a Relationship,7.6,2.3,13,2,4.4,99,93
20,Male,2,3.5,3.5,100,7.8,5,2.7,3.7,4.5,No,In a Relationship,5.3,1.8,8,0,5,100,93
24,Female,1,4,2,98,10,2,0.2,2.2,0.3,No,In a Relationship,1,0.8,5,1,3.2,93,100
28,Male,2,3.68,3.5,97,7.6,10,3.8,1.2,1.6,No,In a Relationship,5.5,0.8,18,3,4.7,100,91
23,Male,1,2.75,3.1,72,4.6,9.8,6,3.5,3.4,No,In a Relationship,5,0.3,8,2,5.6,72,64
20,Female,3,3.96,4,100,6.6,6.2,3.9,0.5,2.8,No,In a Relationship,5.2,1.1,17,2,2.7,100,100
19,Male,3,3.72,2.3,86,7.1,3.8,1.6,2,4.7,Yes,Single,1.4,2.3,8,2,0,86,88
26,Female,2,4,4.3,91,7.1,5.2,1.2,1.8,1.8,No,Single,4,1.8,11,0,0.4,100,94
23,Female,1,4,5.8,100,6.1,5.5,1.4,0,1.1,No,In a Relationship,3.4,0.4,10,1,1.2,100,100
27,Male,1,3.18,3.3,81,7.3,9.8,5.8,1.1,2.4,No,In a Relationship,4.8,2.2,11,1,1.9,95,73
25,Female,2,3.46,4.1,100,5.5,4.8,2.3,3.8,5,No,Single,3.6,0,16,4,1.6,99,100
22,Male,4,4,4.5,94,5.9,5.2,1.8,0.9,4.3,No,In a Relationship,3.1,1.5,20,4,0,100,91
21,Female,3,3.4,2.9,94,7.8,5.7,2.6,0.8,3.2,No,In a Relationship,3,2.6,11,2,6.6,92,93
28,Female,3,4,3.8,77,5.8,4.2,2.3,2.2,5.7,No,Single,3.4,0,13,1,0.8,100,92
19,Male,2,3.64,3.5,97,7.6,7.1,5.2,0,5.3,No,Single,4.2,1.4,11,3,6.8,90,100
24,Female,2,3.58,3.6,87,5.4,4.8,1.3,2.5,4.6,No,Single,4,0.5,12,1,6.3,100,95
25,Female,3,3.63,2.3,88,9.1,7.8,4.6,1,0.6,No,In a Relationship,6.4,2.8,8,2,4.4,86,82
26,Male,4,3.84,3.5,94,6.1,6.7,3,0.1,4.6,No,Single,3.2,3.4,7,3,4.5,85,91
22,Female,2,4,4.2,99,6.7,8.5,4.6,2.7,2.6,Yes,Single,5.1,1.8,14,3,3.7,100,100
26,Male,3,4,5.7,100,7.4,10,5.2,2.1,2.2,Yes,In a Relationship,5.8,2.1,13,1,4.8,100,100
23,Female,3,4,4.9,100,6.3,5,2.9,3.4,1.6,No,Single,3.9,2.6,18,2,6.1,100,100
21,Female,1,4,6.7,100,7.2,6.1,2.3,2,2.7,Yes,In a Relationship,1.6,2,12,0,5.3,100,100
25,Male,2,3.96,2.3,100,7.7,6.8,2.9,1.7,1.7,No,In a Relationship,2.2,0.4,12,4,4.6,100,95
21,Female,4,4,4.8,100,8.2,5.3,2.7,1.8,3.3,No,In a Relationship,1.3,0.8,15,0,3.6,100,100
27,Male,4,4,3.8,100,7.9,3.4,0.3,1.3,2.7,No,Single,4.4,0.7,17,1,0.1,100,100
22,Female,3,4,6.8,100,6.8,7.8,5.1,0.3,3.4,Yes,Single,5.6,0,11,2,4,100,97
24,Male,2,3.24,2.3,85,6.8,8.7,3.2,2.4,4.1,No,Single,4.8,2.2,1,1,2,100,91
28,Female,4,4,2.2,96,9.8,4.2,1.1,1.3,2.4,No,In a Relationship,3.5,0,7,0,3.6,82,98
22,Female,4,4,2.6,97,8.1,3.5,0,2.6,1.5,No,Single,2.3,2,17,4,2.9,97,87
19,Female,1,3.08,0.5,77,5.9,2.7,0,0.6,0,Yes,Single,6.2,0.5,21,3,6.5,83,98
22,Female,4,4,2.7,100,7.1,6.4,4,0.4,4.5,No,Single,4.6,1,19,0,7.1,100,97
18,Female,3,3.91,2.4,100,6.6,3.3,1.9,1.6,3.2,No,In a Relationship,3.7,1.8,10,6,5.3,100,100
24,Male,4,3.91,3.7,98,6.8,6.4,2.1,1.6,2.6,No,Single,5.1,2.7,10,1,4.3,100,87
22,Male,2,3.62,4,100,5.5,7.4,3.5,1.8,5.3,Yes,Single,5.1,2.1,16,0,1.1,100,94
24,Female,4,4,6.3,100,6.5,4.6,2,1.3,0.4,Yes,Single,5.8,1.1,15,1,3.8,100,99
18,Female,4,4,4.9,100,9.2,5.5,3.6,3,3.1,Yes,Single,5,1.2,1,3,5,100,100
28,Female,4,3.56,2.6,92,7.7,6.1,2.9,0,1.1,No,In a Relationship,3.9,0,12,1,6.3,100,98
19,Female,4,2.77,2.2,83,4,5.1,2.7,0.8,4.3,No,Single,5,1.8,12,0,6.6,93,80
28,Male,4,3.91,4.2,100,8.5,3.1,0.4,1.6,0,Yes,In a Relationship,2.3,1.1,6,1,5.1,100,100
18,Female,1,3.71,1.5,78,8.3,3.1,1.6,1.6,4.6,No,In a Relationship,1.2,0.3,9,1,4.9,82,98
22,Male,1,3.92,6.2,100,6.6,7,3.7,1.2,4.5,No,In a Relationship,5.1,2,13,2,4.2,100,100
18,Female,1,4,5.3,100,7.9,5.1,1.8,0.2,1.2,Yes,Single,4.7,2.6,11,4,2.4,100,100
25,Female,3,3.58,2.8,87,6,8.9,4.6,0,3.1,No,In a Relationship,3.1,1,17,1,1.5,100,95
19,Female,4,2.57,0.9,70,6.4,9.1,6.3,2.5,1.2,Yes,Single,5.3,0.6,21,2,4.5,92,81
18,Female,2,4,5.5,100,8.8,6.4,3.8,1.7,3.9,Yes,Single,3.7,0.6,17,2,4.2,100,100
25,Male,2,3.58,3.3,80,6.7,6.1,5,2.7,4.6,No,Single,4.9,1.6,14,1,5.9,100,77
22,Male,1,3.5,5.4,100,4.8,8.2,3.9,0,1,No,Single,7.7,0,11,2,4.4,100,100
24,Male,4,3.4,1.1,81,6.9,6.1,2,0.2,0.4,No,In a Relationship,3.7,1.3,16,1,8.2,77,84
23,Female,1,3.49,2.6,100,6.9,6.1,3.1,1.2,5.2,No,Single,3.6,0.8,9,3,3.1,94,100
23,Male,2,3.83,3.5,96,8.4,7.2,5.8,0,6.9,No,In a Relationship,4.6,1.7,9,2,8.3,97,96
27,Male,1,3.89,3.6,90,7,3.5,2,1,4,Yes,Single,3.2,1.8,6,4,4,100,100
21,Male,4,3.84,2.8,79,6.5,3.5,1.2,2.6,4.1,No,In a Relationship,2.9,0.1,4,0,7.1,98,100
27,Male,1,4,4.4,100,8.3,5.3,1.1,0.4,2.3,Yes,Single,2.5,1.9,18,1,1.4,100,94
28,Female,2,3.37,1.9,74,7.1,5.8,2.5,3.1,3.4,Yes,In a Relationship,4.1,1.7,13,3,3.2,89,87
23,Female,3,3.47,3.3,87,6.1,2.5,1.3,0.5,3.7,Yes,Single,3.5,1,15,2,5.1,100,92
20,Male,2,3.29,3.7,84,8.4,8.8,5.3,2.5,2.6,Yes,Single,5.3,0.8,11,3,5.2,92,84
26,Female,2,3.98,4.3,94,7.2,5.1,3.1,0.4,5.7,Yes,In a Relationship,3.9,0.8,21,2,5.4,100,98
20,Female,1,4,4.6,100,7,6.7,4.3,3.3,3.4,Yes,In a Relationship,1.7,1,21,0,4.4,100,99
22,Female,4,3.43,1.8,74,7.2,6.6,2.4,1.9,3.6,No,Single,2,0.3,12,4,2.1,85,90
21,Male,1,3.16,1.2,74,5.7,5,1.1,2.1,2.7,No,In a Relationship,3.4,0.5,12,4,2.1,85,94
28,Female,1,4,5.4,98,6.4,5.1,0.8,0.2,2.9,Yes,In a Relationship,4.5,1.4,11,2,4.2,100,100
27,Female,4,4,4,86,7,4.4,1.4,0.6,5.4,Yes,Single,2.4,0.6,6,2,2.9,96,100
18,Female,3,3.13,2.4,82,6.8,7.4,3.3,2,3.3,No,Single,4.7,2.1,10,2,4.8,97,79
27,Male,3,4,5.8,100,8.5,5.9,3.6,2.3,3.3,No,In a Relationship,4.4,1.1,10,0,1.3,100,92
21,Male,1,3.74,3.7,84,7.3,6.4,3.7,0.2,3.4,No,In a Relationship,4.8,0.7,1,2,2.7,100,89
22,Male,4,4,5.3,100,8,3.2,0.6,3.2,2.3,No,In a Relationship,2.4,1.5,1,2,8.1,100,100
21,Male,1,3.4,3.6,79,7,5.8,2.8,1.7,0.2,No,In a Relationship,3.5,0.8,12,2,5.8,100,86
20,Female,4,4,6.6,100,8.3,2.8,1.3,2.2,6.1,Yes,Single,1.1,0.4,16,3,4.7,100,99
23,Male,2,4,6.1,100,7.5,6.1,3.4,1.9,5.1,No,Single,6.7,0.9,8,0,6.4,100,100
23,Male,3,3.43,3.1,77,7,8.2,3.5,0,5.5,No,In a Relationship,4.3,0,21,4,5.9,95,76
23,Female,4,3.7,5,100,7,2.7,1,3.5,0.9,No,Single,5.6,0,11,1,8.4,100,95
21,Female,1,4,4.5,100,5.9,5.7,4.3,3.4,5.9,No,In a Relationship,3.6,0.3,8,2,4.6,100,98
28,Male,3,4,5.6,100,7.6,7.8,6.3,1.1,6.9,No,Single,5.7,0,5,4,1,100,99
26,Male,1,2.69,2.1,80,7,10.3,4.1,4.1,5.1,Yes,Single,3.7,1.9,12,2,4.8,96,90
25,Female,1,3.63,4.5,100,6.4,6.2,2.6,1.7,6.3,No,Single,3.5,2.5,2,0,4.6,100,83
21,Female,2,4,5.1,100,8.3,5,2.3,1.8,4.6,Yes,Single,2.8,1.5,8,1,4.6,100,93
24,Male,1,2.88,0.9,66,5.5,5.6,2.5,1.2,1.3,No,Single,3.9,0,12,1,4,72,83
18,Female,3,3.12,1.7,84,6.5,5,1.7,1.3,4,No,In a Relationship,2.7,0,5,0,5.5,74,92
19,Male,4,2.87,0.5,62,8.2,5.4,3.2,4,1,No,In a Relationship,4.2,1.6,9,0,7.1,74,90
21,Male,1,3.89,3.1,81,7.4,3.5,1.1,2.6,1.8,Yes,In a Relationship,2.9,1,12,1,4.7,100,100
20,Male,3,4,4.6,100,6.9,2.8,0,1.7,3.6,Yes,In a Relationship,3,0,6,0,6.6,100,97
22,Female,4,4,5.8,100,7.3,5.2,3.1,0.9,3.4,No,In a Relationship,3.2,0.3,15,3,6.4,100,90
19,Female,2,4,3.6,100,7.2,5.3,2.8,0.9,3.9,Yes,In a Relationship,4.5,0.1,17,2,2.7,94,100
28,Male,2,4,5.9,100,5.2,5.3,1.9,1.2,0,No,In a Relationship,4.5,2.7,7,1,2.2,100,100
22,Female,1,3.49,1.4,88,6.6,2.7,0.9,0.2,2.7,Yes,In a Relationship,5.1,1.9,11,1,3.6,81,98
18,Female,2,3.04,0.9,89,8.9,9.3,3.2,1.8,4.1,No,Single,3.3,0.9,11,3,3.5,80,95
19,Female,4,4,3.4,94,6.2,5.2,1.3,3.4,4.5,Yes,In a Relationship,3.3,1.4,14,1,5.3,90,96
23,Female,1,3.62,4.1,100,6.6,4.1,2.6,3.1,4.6,Yes,Single,5.4,1.3,11,3,4.8,100,90
25,Female,4,3.74,3.5,100,6.4,5.4,5.4,0,3.5,No,In a Relationship,4.7,1.3,8,4,0.6,100,100
19,Female,4,2.84,0.5,64,6.9,6,3.8,1.6,2.2,Yes,Single,4.3,3,7,1,3.4,82,76
27,Female,4,4,3.4,93,6.3,4.5,0.7,0,4,No,In a Relationship,2.6,2.6,16,4,0,100,92
25,Female,4,3.46,1.5,97,7.6,4.5,0.9,2.6,2.4,No,In a Relationship,3.4,2.7,9,6,0.3,87,86
24,Male,2,4,4.5,92,7.2,5.9,3,1.4,4.8,No,In a Relationship,3,1.5,8,0,0,100,90
25,Female,3,4,4,100,7.9,3,0.7,4.2,3.9,No,In a Relationship,3.5,0.9,17,2,3.7,100,100
28,Female,4,3.17,2.1,81,5.7,1.9,0,2.1,2.9,Yes,Single,3.4,0,13,1,2.6,95,88
27,Female,1,3.56,2.7,96,6.6,6.1,3.6,0.3,1.5,Yes,Single,5.7,0.2,7,2,2.7,100,92
22,Female,3,3.2,1.9,71,6.7,5.1,3.3,0,5.2,No,Single,4.7,2.2,11,1,5.9,86,75
23,Female,3,3.9,3.4,91,7.5,6,3.5,1.6,4.1,No,Single,3.4,0,7,0,3.3,100,94
25,Female,4,3.82,4.9,92,6,7.8,3.2,1.9,7.2,No,In a Relationship,3,1,6,0,0,100,100
24,Male,2,3.24,2,73,8.1,4.8,2.7,0.9,4.1,No,In a Relationship,3.1,0,9,1,2.8,87,82
21,Female,3,4,4.3,88,8.4,5.5,1.8,1.2,4.2,No,Single,2.9,1.1,11,5,7.6,100,98
28,Male,4,3.03,2.7,82,5.8,7.5,3.6,0.5,0.1,No,Single,5.7,0.1,9,1,2.6,91,84
24,Male,4,2.95,2.3,83,6.4,6.8,5.1,1.8,3.6,No,Single,5.5,1.9,15,2,5.6,84,95
28,Male,1,3.35,3.3,92,6.4,4,2,0.9,2.4,No,Single,4,1,15,4,3.8,74,90
20,Female,2,3.81,1.9,93,10,5.6,1.3,0.8,4.7,Yes,In a Relationship,1.4,0.4,8,3,3.4,100,100
22,Male,2,3.41,2.7,86,6.5,3,1.1,0,3.7,No,In a Relationship,2.8,0.2,11,1,8.2,100,84
24,Male,4,3.48,1.7,95,9,4.4,1.5,3.7,5,Yes,Single,3,1.3,10,2,4.3,100,95
26,Female,1,4,6.4,100,5.5,8.5,3.1,0.4,7.3,Yes,In a Relationship,3.2,1.3,7,4,2.8,100,86
24,Female,2,3.48,3.6,98,5.8,4.2,0,2.4,1.4,No,Single,4.3,0.6,13,2,1.8,85,95
24,Male,3,3.13,2.5,85,6.2,6.6,3.5,1.2,4.9,No,Single,4.8,0.9,3,2,1.2,97,91
20,Male,1,3.52,3.8,87,6,7.8,3.8,1.9,4.4,No,Single,6.1,0.7,7,0,5.9,89,91
20,Male,3,3.8,3.3,100,6.7,3,0.1,1.4,7,Yes,Single,1.8,0,6,3,5.4,100,100
24,Male,4,3.41,3.2,98,6.1,5.5,1.3,0.8,4.4,Yes,Single,3.2,1.2,7,3,4.7,100,91
19,Male,2,4,4.4,96,6,3.4,2.9,1.2,4.2,No,Single,1.9,0,7,6,3.6,97,100
18,Female,4,4,4.6,100,8.4,5.4,2.6,0.2,4.7,No,In a Relationship,2.2,0.3,4,3,3,100,100
20,Male,3,3.6,2.7,86,8.5,4.1,3.6,3.7,4.8,Yes,Single,2.5,1.5,11,1,3.8,98,86
23,Male,2,3.36,2.6,87,8.1,5.8,2.6,1.1,5.9,No,Single,3.5,1,10,2,3.2,86,100
26,Male,1,3.22,3.1,89,7.6,7.4,4.7,2.3,1.4,No,Single,6.7,2.7,12,3,5.6,99,93
19,Male,4,2.74,0.5,59,7.1,6.9,2.3,2.4,2.2,No,Single,4.6,0.4,13,2,3.6,72,79
28,Female,1,2.59,1.2,77,6.4,5.2,1.3,2.2,6.5,No,Single,4,0.8,14,2,5.3,61,86
21,Male,1,3.82,5.6,100,5.9,3.6,1.2,2.2,0,Yes,Single,3.7,1.4,8,1,2.5,100,90
25,Male,3,4,6,100,7.4,6.4,3.9,0,2.8,No,Single,3.2,1.2,12,0,6.4,100,95
27,Male,3,3.58,3.1,89,5.6,6.3,2.8,0,3.3,Yes,Single,4.3,2.2,11,1,6.4,100,97
28,Female,2,3.57,4.4,95,5.8,6.1,3.8,0,2.6,No,In a Relationship,4.3,1.8,11,2,3.9,100,87
25,Male,1,3.99,4,100,8.4,6.7,3.7,0.2,6.2,No,Single,2.4,2.6,10,2,5.4,100,100
20,Female,4,4,8.1,100,9.3,4.6,0,2.1,4,No,In a Relationship,2.2,0,8,2,4.7,100,100
24,Female,1,4,5.2,100,7.5,3.1,1.1,4.9,2.2,No,Single,2.2,2,11,2,4.6,100,100
18,Female,2,3.84,3.3,100,8.3,3.8,1.3,3.9,1.7,No,In a Relationship,4.1,0.2,10,5,4,100,98
20,Female,4,3.51,2.1,100,6.7,4.2,1.6,3.3,3.6,Yes,Single,3.2,1.6,13,1,3.2,96,86
21,Female,4,3.24,1.1,80,5.4,9,2.2,0.1,5.3,No,In a Relationship,3.9,1,17,4,6.3,89,93
26,Male,4,3.34,3.8,87,7.7,8,4.3,2.9,3.3,No,In a Relationship,4.5,0.5,7,0,3.4,100,92
18,Male,1,4,2.4,82,7.7,9,4.6,1.7,2.7,No,In a Relationship,4.1,2.4,9,3,1.8,100,100
24,Male,3,2.73,1.4,75,7.1,6.3,2.4,0,1.6,No,Single,5.4,0,24,3,3.5,73,83
20,Male,1,3.7,2.5,86,6.7,6.4,2.4,3.7,3.7,No,In a Relationship,2.3,3,3,2,5,100,97
21,Male,3,3.57,1.9,95,8.2,5.3,1.7,0.8,3.6,No,In a Relationship,4.4,1.8,4,2,2.3,100,94
19,Female,3,4,6,100,5.8,6.3,2.9,3.8,1.6,Yes,Single,4.5,1.4,17,1,1.2,100,100
26,Female,2,4,4.8,95,6.1,4.4,3.1,2.3,5.1,No,In a Relationship,5,1.1,22,1,5.4,100,100
19,Female,1,3.68,3.5,92,5.8,7.4,4,0.8,6.4,No,Single,4.5,0.8,19,1,3.8,100,97
21,Female,2,4,5.7,100,7.1,6.9,4,0,3.1,No,Single,5.3,1.7,14,0,3.1,100,98
24,Male,4,3.75,3.6,90,5.7,3.7,0,1.9,3.6,No,Single,3.2,0,10,3,5.3,100,86
21,Female,4,3.11,2.2,86,6.2,5.5,2.6,3.1,0.8,Yes,Single,4.9,0,11,4,4.2,96,99
25,Female,4,4,5.8,89,6.2,8.8,4.9,1.6,4.5,Yes,Single,6,1.3,14,5,2.9,100,95
23,Female,1,3.83,4.3,95,6.7,6.2,2.1,2.8,3.9,No,Single,3.8,0.5,17,0,3.1,92,100
27,Male,4,2.82,1.9,82,5.2,4,4.5,1.5,2.3,No,In a Relationship,6.9,0.3,15,1,3.6,93,93
27,Male,2,3.72,3.2,77,7.1,4.8,2.3,0.9,1.5,Yes,Single,4.5,0,2,3,3.5,100,92
21,Male,3,3.11,2.2,72,8.5,3.9,3.1,1.1,6.7,Yes,In a Relationship,2.2,2.4,6,0,0.7,100,96
19,Female,4,3.29,1.4,71,7.2,4.4,1.1,2.1,3.8,No,In a Relationship,2.8,3,13,4,3.2,89,83
18,Female,2,4,4.9,88,8.8,3.8,1.2,0.9,1.2,Yes,Single,4,1.1,5,5,3.7,100,84
24,Female,3,4,6.4,100,8.6,8.5,3.9,0.8,4.7,No,In a Relationship,2.4,1,2,2,4.8,100,95
25,Female,3,3.2,1.4,78,7.9,7.3,4.1,0,3.5,No,Single,5,1.6,16,3,4.3,100,90
22,Male,4,3.57,4.3,93,7.1,5.2,2.8,1.7,3.1,Yes,Single,3.6,1.6,13,1,0,100,95
19,Female,3,3.36,2.5,79,7,5.1,1,0.9,5,No,In a Relationship,1.7,0.7,20,0,5.2,93,93
22,Male,1,3.6,2.8,100,7.9,5.5,2.9,0,0,Yes,Single,4.6,2.4,17,4,10.2,98,93
25,Male,4,2.97,2.6,87,6.5,7.1,4.7,0.9,0,No,In a Relationship,4.9,2.3,9,1,0.7,92,70
24,Female,1,3.17,2.2,73,4.7,8.9,5.4,1.6,5.8,No,In a Relationship,4.8,1.9,13,1,5.1,97,88
28,Female,2,3.83,3.6,100,7.6,7.2,2.3,2,2.7,Yes,In a Relationship,3.1,3,8,2,1.7,100,100
27,Male,3,4,2.3,90,5.6,4.3,0.3,2.3,2.1,No,In a Relationship,3.9,2,4,0,4.6,100,100
24,Female,4,3.38,3.9,87,5.8,7.8,4.1,1.7,0.3,No,Single,5.2,0.5,18,3,0.5,97,89
24,Male,3,3.47,3.4,88,7,8.7,2.4,0.4,3.4,Yes,In a Relationship,4.2,1.3,11,2,2.9,84,93
23,Female,1,3.59,3.1,82,6.9,6.3,4.2,2,3.6,Yes,Single,5.6,2.1,19,2,4.6,98,93
21,Male,4,2.74,2.1,71,5.3,5.3,3.2,0.5,5.9,No,In a Relationship,4.8,0.1,13,2,2.7,75,82
23,Male,3,2.89,2.6,98,7.2,4.7,1.5,0.7,3.7,No,Single,5.1,0.9,13,0,0.5,100,93
27,Female,2,4,4.6,99,8.2,7.7,2.9,0.6,2.4,No,In a Relationship,5.9,0,15,3,3.6,100,89
27,Female,1,4,4.3,100,5.6,6.7,4.8,0.9,3.8,Yes,Single,4.9,3.2,11,1,3.2,99,98
27,Male,4,3.1,2,79,8.5,7.7,2.6,2.6,5.2,No,In a Relationship,1.9,1.6,11,2,8.4,89,90
27,Male,1,3.8,3.6,88,5.1,2.5,1.2,2.1,4.8,No,Single,3.4,1.8,13,1,6.6,100,90
20,Male,2,4,4.6,100,9.5,3.3,0.4,2.3,4.2,No,In a Relationship,2.1,0,18,2,1.4,100,99
18,Male,3,2.95,1,70,6.5,4.8,1.6,3,3.5,No,In a Relationship,5.9,2.3,15,0,0,86,74
28,Female,4,4,4.3,95,7.2,4.1,2.2,0.1,1.8,No,Single,3.6,1.5,12,2,6.4,100,87
25,Male,1,2.97,2.5,83,4.7,6.3,4,1.5,0.9,No,Single,6.1,0,10,2,4.1,93,73
19,Female,4,3.94,4.4,100,6.9,5.1,1.1,1.3,0.6,Yes,In a Relationship,3.2,1.7,11,2,0.6,100,100
28,Female,4,3.01,2.4,84,7.3,9.8,5.1,1.9,3.8,Yes,In a Relationship,4.4,0.2,8,2,3.1,80,83
22,Female,2,3.22,0.8,68,6.9,1.3,0.8,1.9,4,No,In a Relationship,1.9,1.3,7,1,4.5,77,87
25,Male,4,2.61,1.1,63,6.3,9.5,6.3,0,5.2,No,Single,3.8,2,11,3,4.7,79,88
23,Female,4,3.18,3.6,82,5.9,8.3,5.4,3.1,4.1,Yes,Single,6.6,1.4,12,0,1.2,96,86
25,Male,1,4,3.9,100,8.4,6.1,3,0.8,5.1,No,In a Relationship,4.3,0,16,0,1.9,92,100
18,Male,3,3.98,2.1,96,7,2.9,0.3,1.7,2.7,No,In a Relationship,2.8,1.5,6,3,3,91,90
18,Female,2,4,4.5,100,8.8,4.2,2.7,2,4.5,No,In a Relationship,4.2,2.1,12,3,4.9,100,92
23,Male,2,2.7,1,70,6.4,7.1,2.2,1.5,1,Yes,In a Relationship,3.1,1,14,2,0.8,76,64
24,Male,4,4,3.4,85,6.5,5.3,0.9,0,2.9,No,In a Relationship,3.3,1.7,7,2,5.5,100,87
27,Male,3,3.77,1.7,86,8,6.1,3.2,1.7,0,Yes,Single,4.7,1.7,10,1,2.3,97,89
23,Male,3,2.89,2.5,81,5.1,4,1.6,1.5,3.1,Yes,Single,5.5,0,16,3,3.6,79,82
18,Male,3,3.62,3.6,95,5.5,4,1.7,1.4,5.4,Yes,Single,3.9,2.5,12,1,2.3,99,91
20,Female,4,4,2.2,90,8.3,2.4,2.5,1.2,3.1,Yes,In a Relationship,4,0.6,2,3,4.1,100,96
18,Female,2,3.4,2.9,85,5.6,5.3,1.9,2.4,4.4,No,In a Relationship,3.5,0.5,16,3,3,100,93
28,Male,3,4,5,100,4.8,9.8,5.9,3.6,3.5,No,In a Relationship,6.2,0.5,12,2,3.9,100,94
18,Male,3,3.61,2.6,81,9.2,5.2,2,3.8,1.9,Yes,Single,4.5,2.4,4,1,2.9,100,91
20,Female,2,4,4.8,98,5.3,6.4,3.5,2.5,2.6,No,In a Relationship,3.4,2.7,8,1,2.6,100,100
27,Male,3,2.95,1.8,86,7.2,6.2,3,2.4,5.4,Yes,In a Relationship,4.7,1.7,11,2,5.3,89,82
24,Male,2,3.43,4.3,100,7.1,5.3,3.3,0,4.4,Yes,Single,3.7,0.7,14,0,4.5,98,91
21,Male,4,3.98,5.7,100,3.6,5.8,3.4,1.7,1.8,Yes,In a Relationship,4.3,4.1,17,1,3.7,100,100
19,Male,3,2.83,0.5,79,6.7,6.9,4.1,2.1,0.2,No,In a Relationship,5,1.2,7,1,3.5,75,96
26,Male,1,3.57,2.3,94,7.5,7,3.2,0,3.4,No,In a Relationship,5.3,0.5,10,1,6.4,92,99
21,Female,3,4,4.4,100,7.4,7.8,3.1,4,1.8,Yes,In a Relationship,3.8,2.2,16,1,0.2,100,91
27,Female,2,3.67,3.2,95,8.1,5.6,2.9,1.4,2.6,No,Single,4.1,1.1,17,0,5.9,100,90
24,Female,3,4,4.1,100,6.5,4.3,2.6,0.4,0.1,No,Single,3.1,3.3,10,1,3.9,100,92
22,Female,1,3.85,2.6,98,7.9,4.4,1.4,0.2,5.1,No,Single,1,0.4,9,1,5.2,100,100
28,Male,2,3.38,3.6,80,6.2,8.1,2.7,1.8,2.8,Yes,Single,3.3,1,14,2,6.4,100,95
24,Male,2,3.48,3.3,88,5.3,5.1,3.2,2,3.1,Yes,In a Relationship,5.8,2.7,2,5,2.9,86,80
22,Female,1,4,5.3,94,5.4,7.5,3.4,3.2,1.3,No,In a Relationship,5.2,1.7,12,2,0.9,100,98
20,Male,4,3.84,3.9,100,5.2,7.7,3.1,0.4,2.4,No,In a Relationship,6,0.9,12,0,1.3,100,94
25,Male,3,4,4,100,8.2,5.1,2.5,1.4,3.2,No,In a Relationship,4.6,0.3,10,2,3.5,100,96
27,Male,3,3.08,2.9,75,5.2,4.9,2.7,1.3,1.8,No,Single,4.1,0.1,14,1,2.1,100,84
26,Female,1,3.47,2.8,97,7.3,5.7,2,0.9,2.6,No,Single,5.3,0,17,3,4.2,89,92
25,Female,4,3.71,2.9,98,6.7,6.7,3.3,0.5,5.8,No,Single,3.3,2.2,7,2,8.6,97,91
28,Male,2,3.97,4.1,94,6.9,6.3,2.5,4,0,Yes,In a Relationship,5.6,2,8,3,5.7,100,100
22,Male,1,3.61,2.9,88,8.6,8.6,3.1,2.6,3.4,No,In a Relationship,4.5,1.7,15,3,3.3,95,88
24,Male,4,3.59,3.9,93,6.5,7.5,4.3,1.6,1.4,No,Single,5.2,0.1,5,2,4.7,95,92
28,Male,3,4,6.6,100,7.7,3.3,1.7,2,5.7,No,In a Relationship,2.9,0.9,9,5,3.4,100,97
23,Female,2,3.92,4.8,100,7,6.8,3.7,2.8,2.6,No,In a Relationship,4.8,1.5,23,3,0.2,100,100
26,Female,3,3.73,3,100,6.8,6.1,2.8,0.6,0.9,Yes,In a Relationship,4.7,2.5,13,0,0.8,100,95
28,Male,4,4,5.3,100,9.8,10.3,5.8,0.3,2.6,No,In a Relationship,4,1.6,11,2,2.7,100,100
20,Female,1,3.89,2.9,100,5.3,5.3,2.5,1.1,3.7,Yes,In a Relationship,3.9,1.3,3,2,5.2,97,100
26,Female,1,2.84,0.5,81,8.5,6.3,3.8,2.7,8.6,No,In a Relationship,2.4,0.3,1,1,6.7,78,74
22,Male,4,3.25,2,83,7.8,4.2,2.8,4.4,0,No,In a Relationship,5.6,2.1,17,0,4.6,89,82
21,Female,1,3.6,0.7,81,6.4,4.4,0.7,1.2,0.6,Yes,Single,2.3,0.9,6,2,7.4,100,87
19,Male,1,3.66,3,100,9,9,2,0.1,5.6,No,In a Relationship,2,0,12,1,3.9,96,100
28,Male,1,3.26,3.5,87,4.8,6.8,4.1,1.9,0,Yes,Single,5.6,0.3,18,5,1,89,98
22,Female,1,4,6,100,6.4,5.7,2.2,1.3,3,No,Single,3.8,1.9,10,1,6.8,100,100
18,Male,3,4,4,95,5.5,2.3,0,3.1,2,No,In a Relationship,4,1.9,10,4,2.2,100,99
26,Male,2,3.7,3.2,91,7.5,4.3,2.8,1.6,1.7,No,In a Relationship,2.8,0,15,0,2.9,100,93
21,Male,2,3.78,4.7,100,5.7,4.7,1.2,2.2,2.7,Yes,Single,5,1.1,19,1,2.7,100,91
26,Male,2,2.73,0.5,71,7.5,6,3,1,2.3,No,In a Relationship,5,0,16,4,0,82,88
26,Female,1,3.56,3.9,87,6.8,5.2,5.1,1.8,5.1,No,In a Relationship,5.3,1.6,19,3,4,100,85
22,Male,3,3.96,4.7,100,6.4,8.9,4,0,5.7,No,Single,4,1.8,1,3,2.9,100,100
20,Female,4,3.33,1.3,78,7.5,8.6,5.1,1.1,3.9,No,Single,3.9,0.1,14,1,3.2,76,86
27,Male,4,4,5.2,100,6.7,5.1,2,0.5,2.5,Yes,In a Relationship,3.6,1.2,18,3,5.5,100,100
19,Female,4,3.94,4,100,5.7,5.1,2.6,1.8,3.5,No,In a Relationship,4.4,2,14,1,1.3,100,98
28,Female,1,4,2.9,100,10,4.7,1.2,1.2,4.6,No,Single,2.7,2.2,11,1,4.9,100,100
19,Female,3,4,4.4,100,6.4,5.3,1.8,0,5,No,Single,3.4,0.4,6,0,3.3,100,100
23,Male,3,4,6.9,100,4.3,4.9,1.4,2.1,3.7,Yes,In a Relationship,4.7,2.3,8,2,8.7,100,99
22,Female,2,3.85,3.8,100,6,5.1,0.8,2,6.1,No,In a Relationship,2.6,1.5,19,1,5.2,100,100
20,Male,2,3.72,3.9,93,5.5,9.4,4.8,2.7,1.8,Yes,In a Relationship,5.9,0.7,12,2,4.9,100,100
26,Male,3,3.97,2.8,83,8,5.4,0,1.2,5.3,No,Single,1.9,1.1,9,1,3.2,100,100
22,Female,1,3.45,2.2,90,7.4,6.9,4.9,0.8,4.4,No,In a Relationship,4.8,2,4,1,3.9,100,100
28,Female,2,3.86,4.7,100,7.5,7,4.7,0.5,1.8,No,In a Relationship,3.1,2,14,3,5.2,100,89
26,Female,3,3.74,2.2,91,6.6,6.9,3.5,2,3.5,Yes,Single,4.9,2.1,8,1,0.3,92,100
20,Female,4,3.88,3.6,94,6.7,3.2,1.1,2,3.6,No,In a Relationship,3.9,0.5,12,3,4.4,95,100
27,Female,4,3.64,2.8,96,6.6,2.7,0.4,0.8,2.7,Yes,In a Relationship,3.8,1.4,21,6,2.9,100,97
25,Male,4,3.82,4.2,100,6.9,5.6,2,1.3,2.7,Yes,Single,2.9,1,16,1,1.6,100,94
26,Female,3,3.77,4,98,8,7.8,3.7,1.9,0,No,In a Relationship,4,1.4,19,1,6.9,100,100
19,Male,1,4,5.1,100,7.4,7.3,2.8,1.5,1.6,Yes,In a Relationship,3.3,0.7,13,1,3.7,100,100
27,Male,3,2.97,2.7,91,7.6,4,1.2,1.6,2.5,No,In a Relationship,3.6,2.8,16,2,2,96,87
22,Male,3,3.78,3.1,78,7.6,8.1,4.5,3.3,1.9,Yes,Single,5.4,1.2,19,2,2.5,100,91
23,Male,2,3.19,2,63,8.1,8.6,5.3,0,1.3,Yes,In a Relationship,4.3,1.1,8,0,3.1,95,80
19,Female,2,3.81,2.8,84,7.3,5.5,2.5,1.1,5.1,No,In a Relationship,4.7,1.6,12,2,4.4,100,100
19,Male,1,3.88,4.1,100,7.4,5,3,3.5,2.8,Yes,In a Relationship,5.4,2.3,9,1,6.9,100,100
28,Female,2,4,4.6,100,8.4,2.4,0.5,1.9,7.3,Yes,Single,1.9,1.2,9,2,0.7,100,93
20,Female,3,3.52,2.1,91,6.2,6,2.2,0.4,3.4,No,Single,4.4,0.9,11,0,2.2,98,90
24,Male,2,4,4.8,100,6,5.6,3.6,1.9,5.1,Yes,In a Relationship,2.6,2.1,7,2,4.9,100,95
26,Male,2,4,5.5,100,5.6,4.2,3.3,1.9,2.6,Yes,Single,4.3,2.9,10,3,5.7,100,97
18,Female,2,4,4.1,98,7.2,5,2,2.8,1.7,No,In a Relationship,2.7,2.6,15,3,4.1,100,100
24,Male,4,4,6.3,100,4.8,7.1,2.4,2.6,3.5,Yes,Single,3.7,0.2,12,2,6.8,100,100
25,Female,4,3.81,2.3,96,7.6,1.7,2.1,0.6,5.6,No,In a Relationship,3.6,2,8,0,3.1,95,97
27,Male,1,3.11,1.6,78,6.9,5.1,2.4,1.7,2.8,No,In a Relationship,4.7,1.1,16,4,3.1,78,78
26,Female,1,2.95,0.8,76,8.4,7.2,3.4,2.2,3.9,No,Single,4.4,2.5,7,1,8.5,85,73
28,Female,2,4,5.7,100,6.2,1,0,0.5,3.5,Yes,Single,3.4,3,6,3,7.6,100,100
19,Male,3,4,4.5,100,6.8,5.4,2.7,1.6,2.8,No,In a Relationship,4.7,0,18,7,8.2,100,100
22,Male,1,3.94,3.4,77,8.3,4.9,3.3,0,2.9,Yes,In a Relationship,2.2,1.2,16,3,1.2,89,92
27,Female,3,3.89,3.9,99,8.7,3.7,1.9,1.7,1,No,In a Relationship,2.2,0.7,10,2,3.5,99,93
28,Male,3,2.83,1.8,74,6.2,4.6,2.1,1.8,3,Yes,In a Relationship,3.9,0.5,21,1,4.6,88,71
26,Female,1,4,7.2,100,7.2,3.8,2.1,0.9,4.3,No,In a Relationship,4.1,0.3,9,2,5.1,100,100
19,Male,2,3.8,3.7,90,7.4,3.7,2.1,2.6,3.6,No,In a Relationship,3.1,0.8,15,1,1.3,92,97
27,Female,4,3.69,3.7,80,7.4,5.7,2.8,2.8,3.4,No,Single,2.5,0.9,4,1,1.2,90,82
20,Male,3,4,4.6,94,6.7,8.7,3,0.3,4.5,No,In a Relationship,3.3,0.8,7,0,4,100,91
28,Female,3,4,4.2,100,8.5,3.9,0,2.9,3.4,Yes,In a Relationship,1.4,0,17,1,2.4,100,100
26,Male,2,3.77,3.8,97,4.7,8,3.8,1.6,3,No,Single,3.6,1.3,19,3,4.9,100,88
19,Female,2,3.09,2.3,79,6.5,6.4,2.4,0.5,4.5,Yes,In a Relationship,6,2.3,11,2,4.8,100,81
27,Male,1,3.72,4.2,86,7.5,7.9,5.7,3.2,3.3,No,Single,6.2,0.6,23,1,7.1,100,99
22,Male,2,4,6.3,100,7.5,4.4,1,1.6,2.5,Yes,Single,1.3,0,19,6,3.8,100,100
24,Male,4,4,5.5,100,8.6,5.8,1.5,0.2,3.9,No,Single,1,1.3,9,2,1.1,100,100
21,Female,4,4,5.9,100,8.4,6.5,2.5,0.6,2.9,Yes,Single,2.7,2.3,10,1,1.3,100,100
24,Female,3,3.33,2.7,88,6.7,6.6,3.4,1.6,2.4,No,In a Relationship,3,1.4,5,2,1.2,91,92
19,Female,2,3.04,2,79,8.6,3.6,0,2.1,3.3,No,In a Relationship,4.7,0.5,10,1,7.1,89,79
28,Male,3,3.15,3.3,78,6.1,7.6,1.6,2.9,3.3,No,Single,3,0.2,13,1,3.3,93,88
26,Female,4,3.87,3.6,87,8.1,7.7,3.7,2,0.8,Yes,Single,4.8,1.9,12,2,4.5,99,98
20,Female,4,4,5.1,100,9.2,4,1.4,0,3.7,No,Single,2.1,1,12,3,2.6,100,100
21,Male,4,3.2,1,65,8.5,7.8,4.9,0.8,6.7,No,Single,2.5,0.7,17,1,6.3,83,82
23,Female,1,4,5.8,100,7.1,3.8,2.1,4.4,1,No,Single,5.2,0.6,13,1,2.2,100,100
21,Male,1,4,3.3,93,6.6,7.3,1.5,4,2,No,Single,4.5,1.4,15,2,2,100,100
18,Female,1,3.31,2.9,78,5.2,8.6,3.7,1.8,8.6,No,In a Relationship,3.9,1.3,14,4,5.3,100,87
18,Female,4,2.97,2,82,7.4,8.3,5.2,2.5,1.4,No,Single,7.6,1.3,13,0,5.2,100,79
27,Female,2,2.45,1,65,5.7,9,3.4,2.1,5.6,No,In a Relationship,4.5,0.2,17,0,2.5,69,79
26,Male,3,3.71,4.7,87,6,8.5,4.7,3.3,2.5,No,In a Relationship,4.8,0.2,16,1,2.9,100,95
22,Female,3,3.48,3.6,100,5.6,7.8,5.3,2.4,3.1,No,In a Relationship,7.5,0.5,6,3,5.1,100,91
25,Male,4,3.1,1.6,74,6.4,5.5,1.4,1.8,2.7,Yes,In a Relationship,4.2,1.5,21,5,4.7,91,82
18,Male,2,3.14,1.6,83,7,7.7,4.2,3.2,3.9,No,In a Relationship,6.1,1.7,13,2,4.6,81,100
19,Female,2,3.82,3,87,7.3,4.5,0.5,2.1,0,No,In a Relationship,3.6,2.7,7,2,2.5,100,90
26,Female,1,4,6,95,6.3,4.8,3.4,1,3.4,No,In a Relationship,1.5,0.4,12,3,3.7,100,99
26,Female,1,3.86,3.1,92,8.3,4.7,2.7,2.5,2.2,No,In a Relationship,2.2,1.9,13,0,3.9,98,100
25,Female,1,2.62,1.2,62,6.8,9.5,4.7,2.5,0,No,Single,6.6,0,15,1,4.7,65,70
25,Female,3,3.47,3.1,82,6.1,9.6,4.6,0.9,5.2,No,In a Relationship,4.1,1.6,17,1,7.4,96,81
18,Male,2,3.85,3.1,83,7.3,8.4,3.7,3.2,0,No,Single,5.2,0,16,2,4.9,100,92
28,Male,4,3.15,0.5,86,9.4,8.9,3.2,2.3,7.3,No,Single,3.7,0,21,0,5.4,76,81
28,Male,1,3.44,3.4,79,7.4,7.3,3.6,1.5,4.2,No,Single,4.2,2,13,2,2.8,78,90
22,Male,1,3.73,3.2,95,6.6,6.5,2.9,2,0.3,No,In a Relationship,3.9,1.4,11,1,2.9,100,100
23,Male,2,3.8,4.5,99,5.2,4.6,2.7,3,5.7,No,In a Relationship,4.1,0.9,5,4,2.7,100,86
18,Male,4,3.83,6.3,100,6.7,7.3,5,1.7,1.5,Yes,In a Relationship,5.5,0,17,3,1.5,100,100
18,Male,1,4,5.2,95,7.3,5.7,5.1,1.1,1.6,Yes,Single,4.8,1.6,15,1,5.9,100,97
28,Male,2,3.22,3.1,91,6.5,5.2,2.6,0.4,0,Yes,In a Relationship,3.4,1.3,9,1,3.3,97,87
23,Male,4,2.76,1.8,78,5,3.7,3.2,0,1.3,No,In a Relationship,4.9,1.9,13,2,6.6,76,82
18,Male,2,4,7.4,100,6,7.2,2.9,0.7,1.5,No,In a Relationship,4.7,0,12,1,5.2,100,100
20,Female,3,4,3.6,100,8.7,3.9,0.4,0.8,4.6,Yes,Single,1,1.8,13,2,2.8,100,98
22,Female,1,4,3.5,88,8.7,2.9,2.3,3.9,5.3,Yes,Single,1.9,0.7,11,2,5,100,100
24,Female,3,3.81,3.5,93,5.9,8,5.2,0,0.5,Yes,Single,5.2,1.5,13,3,5.4,100,92
26,Male,1,4,3.8,99,7.8,7.1,1.7,1.2,3.5,Yes,Single,1.4,1.1,4,2,6,97,100
28,Male,3,3.01,3.3,77,5.6,8.8,6,0,0,No,In a Relationship,6.6,0.3,10,0,5.6,97,82
25,Female,2,2.98,2.6,78,8.7,6.4,4.6,0.9,3.5,No,Single,4.3,0.8,14,2,5.7,89,83
19,Male,4,3.5,2.7,94,7.3,4.3,3.4,4.9,7.3,No,In a Relationship,2.8,0.3,8,1,0,100,100
22,Male,2,4,3.5,100,8.1,4.5,3.6,0,0,No,Single,3.2,0.7,14,2,4.9,100,98
20,Male,4,3.06,2.7,91,4.9,5,1.4,1.1,1,No,Single,5.1,0.3,22,0,8,90,86
24,Male,2,3.71,2.4,93,7.8,4.9,2.4,0,4.5,Yes,Single,3.9,1.6,6,2,4.4,100,96
18,Male,3,3.68,3.7,99,7,7.6,5,1.9,4.7,No,In a Relationship,4.7,0.3,3,0,6.8,100,100
24,Female,3,3.75,3.1,91,8,4.4,1.9,2.8,1.1,No,In a Relationship,3.8,1.8,18,1,4.7,95,100
27,Female,4,4,5.8,100,8.1,7.2,4.4,0,5.9,No,In a Relationship,4.3,4.5,22,3,3.1,100,100
21,Male,3,2.84,0.5,68,7.1,2.2,0.7,2.7,1.4,Yes,Single,3.4,0.9,14,0,3.2,90,89
27,Male,1,3.94,5.1,100,6.3,4.4,1,3.3,6.3,Yes,In a Relationship,2,0,12,1,4.7,100,100
22,Male,1,3.37,5.4,96,7.9,7,5.7,2.8,3.9,Yes,In a Relationship,4.7,3.3,9,1,4.6,100,89
18,Female,2,3.18,0.5,72,6.9,4.9,2.8,1.9,5.5,Yes,In a Relationship,3.2,1.5,15,0,3.9,88,92
20,Male,2,3.72,3,100,6,6.2,2,0,3.7,No,In a Relationship,3.9,1.1,12,3,2.2,100,100
27,Male,1,3.3,2.9,81,5.9,8.3,4.8,3.7,4.3,No,Single,5.9,0.8,16,0,3.4,95,91
26,Female,2,2.89,1.4,74,5.2,8.5,4.7,1.2,4.4,Yes,Single,4,0.1,3,3,5,80,86
27,Male,1,3.02,2.3,57,6.4,9.8,4.2,0.8,5.3,No,In a Relationship,4.6,0.9,14,0,2.9,69,87
28,Female,1,4,1.8,89,8.3,4.8,1.9,2.6,2.9,No,Single,2,0.4,8,0,4.2,99,100
28,Male,3,4,6.1,100,7.2,5.4,2.4,1.2,1.2,Yes,In a Relationship,3.3,0.4,17,4,5.6,100,93
26,Female,2,4,4.9,100,6.4,6,3.3,0.5,2.8,No,Single,6.1,1.8,6,2,5.1,100,96
18,Male,4,4,5.4,98,8,6.3,3.8,1,1.7,No,In a Relationship,4.8,2.2,15,0,2.7,100,99
20,Male,1,3.99,4.6,91,6,3.8,2,1.3,1.8,No,In a Relationship,4.5,1,9,1,2.9,100,100
20,Female,2,3.82,1.8,76,7.1,6.2,3.1,3.3,6.3,No,In a Relationship,1.8,1.7,10,2,2.8,83,94
21,Male,2,3.53,2.7,76,6.8,6.6,3.2,1.8,4.2,No,Single,3.8,3.3,16,1,6,100,79
23,Female,2,3.9,4.2,100,7.9,8.2,4.7,3,4.2,No,Single,2.2,0.4,8,2,2.9,100,99
19,Male,4,2.89,1.7,78,5.1,7,3.9,0.9,5.1,No,Single,4.8,0,4,2,4.9,85,73
26,Male,4,3.77,4.6,100,6,4.6,0.5,0.3,4.2,No,In a Relationship,2,2,12,0,6.5,100,94
19,Male,3,3.14,3.1,84,5,5.5,2.5,2.8,6.7,No,In a Relationship,4.5,0.5,9,4,7.1,100,77
26,Male,1,3.68,2.9,85,6.7,3.9,1.4,1.2,0,Yes,Single,4.4,0.7,5,3,3.9,100,94
28,Female,1,4,4.6,96,8.5,5.6,3.7,1.3,1,Yes,Single,3.1,1.3,14,1,3.3,100,100
24,Male,3,3.79,4.2,90,6.4,5.3,4.2,2.8,1.6,No,In a Relationship,5.5,2.4,13,2,5.3,97,90
28,Female,1,3.15,3,84,6.4,7.8,3,0.4,0.2,No,Single,7,1.3,13,0,4.5,82,84
19,Male,2,4,5.2,100,8,4.6,2.4,2,3.2,No,In a Relationship,3.3,0,15,1,6.4,100,100
27,Female,1,3.8,1.9,91,8.3,4.8,2.9,1.3,3.3,No,Single,4.5,1.6,2,2,4.6,100,95
25,Female,1,3.71,4.4,100,6.9,5.6,3.1,2,7,No,Single,1.3,1.4,8,2,8.2,100,93
28,Male,2,3.95,4.4,90,7.8,4.5,1.8,2.4,4.8,Yes,In a Relationship,3.5,0.3,13,1,2.4,100,100
28,Female,2,3.52,3,93,5.7,6,1,4.1,2,Yes,Single,3.4,0,17,3,2.4,100,96
27,Male,3,4,4,100,8.7,2.6,0,0,4,Yes,Single,1.9,0.8,13,0,0,100,95
27,Female,1,3.04,1.6,92,9.6,10.9,4.7,0.8,0,No,Single,5.1,0,18,2,4.2,100,93
24,Male,4,3.87,4.9,100,7.6,6.6,3.5,1.7,3.3,No,In a Relationship,3.8,0,9,2,0,100,85
27,Male,1,3.49,3.2,86,4.5,8.8,3.3,1.3,3.2,Yes,Single,3.5,0,9,0,6.4,96,92
21,Male,1,2.81,2.7,65,6.3,8.8,4.7,0.8,1.2,No,Single,7,0,10,3,6.5,77,78
21,Male,2,4,5.1,100,7.7,4.3,0.9,0,2.6,No,In a Relationship,1.7,2.1,12,4,2.5,98,94
20,Male,2,3.67,2.4,84,6.5,5.1,0.2,0.7,1.6,Yes,In a Relationship,2.6,1,3,0,5.9,88,84
25,Female,1,3.46,1.4,83,8.5,7.7,3.4,1.9,1.1,No,In a Relationship,4.3,1.5,12,1,5.2,83,93
27,Female,2,2.76,1.2,68,7.7,7,3.2,2.6,4.3,No,In a Relationship,3.9,1.4,12,2,2.9,82,90
23,Female,4,4,4.4,100,6.2,6,0.2,1.4,5.1,No,Single,3.3,0,9,3,4.5,100,97
20,Male,1,3.02,1.6,61,7,5.7,3.3,2,4,No,In a Relationship,4.2,0.6,8,1,3.8,100,75
24,Male,3,4,6.1,99,5.9,4,2.2,1.5,2.1,Yes,In a Relationship,5.5,1,13,0,1.7,100,96
19,Female,3,2.49,0.5,67,6.8,3.8,1.6,2,1.7,No,In a Relationship,4.4,1.1,15,1,5.4,65,87
28,Female,4,4,6,100,6.3,7.4,2.3,0,2.2,No,In a Relationship,3.1,1.7,13,2,3.1,100,94
25,Male,2,4,3.8,100,8.4,4.7,0,2.2,2.6,No,Single,1,2.1,13,1,8.4,100,100
19,Male,3,4,3.4,86,9.5,4.3,1.9,0.8,1.3,No,In a Relationship,3.3,1.6,12,2,5.2,100,87
27,Female,2,3.67,2.7,81,5.3,1.9,1.7,0.8,5.1,Yes,Single,5.3,3,12,2,3.7,100,90
19,Female,3,3.49,4.1,86,4.7,6.4,3.6,1.4,2.6,No,In a Relationship,4,1.6,15,3,3.6,100,95
25,Male,3,3.44,3.4,98,6.7,4.4,2.6,1.3,4.5,Yes,In a Relationship,2.7,0.7,20,1,7.2,90,92
24,Female,4,3.39,5.2,98,5.2,6.2,3.8,0.7,0.2,No,Single,6,2.5,19,1,9.2,100,100
25,Female,4,3.84,3.7,92,7.1,1.7,0,2.9,1.6,No,In a Relationship,3.7,0,7,2,1.8,93,100
27,Female,1,4,3.7,90,7.9,2.6,1.5,1.8,4.7,No,In a Relationship,4,1.7,1,2,1.8,100,100
26,Male,3,3.72,3,87,8.8,8.9,3.6,0.8,4.7,Yes,In a Relationship,5.1,1,15,3,4.1,100,93
26,Female,2,3.56,3.4,80,7.2,4.5,2.3,0.9,0.6,No,In a Relationship,4.5,0.3,12,1,3.3,100,96
19,Female,4,4,4,100,6.8,8.8,4.1,1.5,3.6,Yes,In a Relationship,3.6,1.4,12,1,4,100,100
27,Female,3,3.45,0.9,75,4.6,2.8,0.1,1,3.7,No,Single,2.8,0.9,14,1,2.7,87,91
26,Female,4,3.39,1.5,69,7,5.5,3.9,0.4,1.6,Yes,Single,4.2,0,11,2,2.6,86,85
26,Male,2,4,4.6,94,7.1,5.4,1.8,1.6,3.7,Yes,In a Relationship,4.5,1.4,4,1,4.5,99,100
26,Female,1,4,3.8,89,7.8,4.2,1.7,1.5,0,Yes,In a Relationship,3.4,0.2,6,4,4.5,100,100
18,Male,2,3.19,3.2,89,6.1,7.1,4.3,1.3,1.1,Yes,Single,6.3,1.3,7,3,6,100,81
20,Female,4,3.94,3.5,75,6.5,7.7,4.5,3.3,4.2,Yes,Single,3.2,1.1,15,1,8.1,100,85
27,Male,4,3.79,4,88,5.2,6.4,4.4,1.5,3.1,No,Single,5.6,1.6,21,0,3.5,100,91
27,Female,4,2.96,2.7,80,4.3,7,5.9,0.3,3.2,No,In a Relationship,5.5,0,10,3,5.1,94,90
24,Male,2,2.65,2.3,73,5.7,7.6,4.7,2.1,2.6,No,Single,5.9,0.2,25,5,1.1,88,67
19,Female,3,3.84,3.8,86,5.1,5.8,1.6,0,4.1,No,Single,3.8,1.3,3,0,3.6,100,96
20,Female,1,3.68,2,90,7.4,4.9,3,3.2,4.2,No,In a Relationship,4.6,4.1,9,2,5,90,91
22,Female,2,3.85,4.1,88,6.4,5.5,2.3,1.2,4.6,Yes,Single,3.3,1.3,13,1,8.4,100,85
26,Female,2,2.2,0.9,65,6.4,10.6,5.8,0.6,3.3,Yes,Single,5.4,0.8,1,1,5.9,74,73
22,Male,4,3.73,5,99,5.8,7.4,4.5,1.1,2.2,No,In a Relationship,6.1,2.1,20,4,2.6,100,98
18,Female,4,3.58,4.2,87,3.5,5.6,2.5,2,1.9,No,Single,5.3,0.6,9,2,5.8,99,89
20,Male,3,4,3.9,87,8.8,7.2,4.1,0,0.9,No,In a Relationship,4.4,1.6,12,1,5.7,100,100
21,Female,4,4,5,100,5.8,3.2,1,1.3,2.2,Yes,Single,4.7,1.3,14,2,5.9,100,100
26,Male,2,4,6,100,6.5,5,3.2,2.1,1.8,Yes,Single,4.6,2.3,4,2,3.3,100,100
20,Female,2,3.63,5,97,5.3,3.2,1.4,3.2,6.2,No,In a Relationship,1.9,1.9,24,0,7.3,100,100
19,Male,1,3.82,0.7,84,8.2,3.7,0.3,0,0.9,Yes,Single,2.5,0.7,13,4,4.4,96,89
21,Male,4,3.15,1.6,76,7.2,7.9,4,0,5.1,No,Single,2.1,0,10,1,7,95,83
21,Female,2,2.95,2.6,77,6,8.2,4.2,1.2,2.5,Yes,Single,4.8,0.1,6,1,2.6,85,84
26,Male,4,3.06,3.5,85,6.5,6,3.5,2,2.6,Yes,Single,5.1,1.5,13,1,6.9,99,83
21,Male,3,4,4.3,100,9,6.8,2.5,0.7,3.8,No,In a Relationship,3.2,1.1,4,3,0.7,100,90
23,Female,2,3.96,2.4,98,6.9,4.3,0.9,1.5,0.2,Yes,Single,5.3,1.2,13,2,0,100,99
18,Male,1,3.58,3.8,99,6.8,4.2,1.1,1.8,1.4,No,In a Relationship,5.1,1.5,19,1,2.4,100,97
22,Male,1,3.51,2.4,78,5.9,1,1.3,2.5,0.5,No,In a Relationship,4.6,0.4,18,0,3.5,83,89
21,Male,3,3.2,2.6,92,4.7,4.4,2.4,2.6,2.2,No,Single,2.5,1.1,9,2,0.6,93,98
21,Male,3,2.83,1.4,68,6.8,5.6,4.4,0.1,1.2,Yes,Single,5.8,1.2,11,1,5,85,83
22,Female,4,3.6,2.1,95,7.4,8.2,4.4,0.6,5.6,Yes,Single,3.3,0,15,0,5.3,100,100
20,Male,3,3.14,1.5,85,8.3,3.4,0.3,0,1.8,No,In a Relationship,3.7,0.6,18,0,7.3,77,90
24,Male,4,3.19,2,72,4.3,3.5,1.8,3.2,0,No,Single,5.5,1.6,20,3,3,89,92
20,Male,2,4,5.1,100,5.6,5.1,1.7,0.5,2.3,No,In a Relationship,4.9,1.9,20,1,4.3,100,100
26,Male,4,3.54,2.1,85,6.3,1.3,0,1.1,4.6,No,In a Relationship,3.4,0.4,7,2,5,100,94
26,Female,2,4,7.4,100,7,5.3,3.6,0.8,6.3,No,Single,6.1,1.7,16,1,4.8,100,100
19,Female,1,4,4.2,99,6.8,4.5,2.4,2.8,2.5,No,Single,4.6,0.6,5,0,6,100,100
19,Male,4,3.7,3.8,84,6.9,6.2,2.6,0.3,2,No,In a Relationship,2.9,0.3,10,4,5.2,100,100
21,Female,2,2.82,2.2,80,7.5,9.5,4.8,3.5,3,No,In a Relationship,5.8,3.1,6,1,2.6,100,89
26,Male,2,3.92,4.6,100,5.9,5.2,2.9,0,3.8,No,In a Relationship,3.9,0.8,6,2,5.7,100,95
23,Female,2,4,2.6,91,8.1,6.8,2.2,0,0.7,Yes,Single,5.3,0,13,6,4,100,99
26,Male,4,3.68,3.7,100,7.5,6.8,3.7,0.6,2.5,No,Single,5.9,0.8,9,5,4.5,100,94
20,Male,3,4,7.3,100,6.6,7.7,4.4,4.2,2.9,Yes,Single,5.5,0.9,13,1,7.6,100,100
23,Male,2,3.65,3.4,93,8.9,6.1,3.2,0,3.1,No,Single,2.3,2.1,6,2,6.6,100,100
21,Female,3,4,5.2,100,8.9,6.6,3.8,2,2.7,No,In a Relationship,3.4,0.8,14,3,5.4,100,99
27,Male,3,3,2.4,84,8.1,6.1,2.6,1.4,1.1,No,In a Relationship,5.3,1.6,10,0,4.4,80,89
27,Male,1,3.24,3.4,88,3.5,6.6,2.7,1.5,3.7,Yes,Single,7.1,2.3,11,1,2.7,83,100
18,Female,1,4,6.2,100,8.9,4.9,3,3.8,2.9,No,In a Relationship,3.6,0.6,5,1,3.4,100,100
23,Male,3,3.5,2.6,81,8,4.5,1.7,0.7,2.9,No,In a Relationship,3,1.5,17,2,6.6,87,88
20,Female,3,4,6.2,100,9.4,6.9,1.9,2.1,0.8,No,In a Relationship,2.1,1.1,13,1,0.5,100,91
23,Male,1,4,4.6,100,8.5,8.1,4.9,1.5,4.3,No,In a Relationship,3,1.4,15,1,6.6,100,100
22,Male,4,3.23,2.7,89,8.9,9.1,5.8,0.8,1.1,No,Single,5.2,1.3,6,1,1.4,88,92
26,Female,1,3.44,4.4,80,8.1,9.6,5.2,0.7,6.2,Yes,In a Relationship,4.7,1.3,15,3,4.5,97,99
26,Male,3,3.84,5,100,8.6,3.2,0.8,1.9,0.6,No,Single,1.7,0.9,12,0,6.5,100,100
23,Female,3,4,4.4,98,9.4,3.7,0.7,1,4.5,No,In a Relationship,2.9,1.2,10,1,4.5,100,100
18,Female,1,3.18,1.1,78,7.3,5,1,1,0,No,Single,5.2,0.9,19,2,1.4,93,91
21,Male,1,3.57,2.4,86,5.1,7.5,3,0.2,0,Yes,In a Relationship,6,3.5,14,4,7.5,98,89
21,Male,4,3.49,3.1,89,6.6,1,0,0.7,1.9,No,In a Relationship,5,1.8,14,3,5.6,97,94
20,Male,4,4,3.4,100,7.5,4,1.9,2.1,0,No,In a Relationship,4.5,1.2,2,0,5.2,100,100
19,Female,4,3.5,4.4,72,7.1,6.7,4.9,0.8,4.5,No,In a Relationship,4.9,0.9,17,0,2.7,100,97
18,Female,1,3.34,3.8,87,5.5,7.2,4.3,2.2,3,No,In a Relationship,5.5,2.2,14,2,2.4,87,91
25,Female,4,2.87,1.5,80,5,3.9,2,2.5,5.8,No,In a Relationship,5.2,0.4,18,3,5.3,87,74
23,Female,4,3.45,4.1,87,6.1,5.9,2.1,2.3,2.7,No,In a Relationship,4.7,0,9,1,1.7,100,89
24,Male,1,3.71,4.4,91,8,6.9,3.7,3,3.5,No,In a Relationship,3.5,0,8,1,1.4,100,98
26,Male,3,3.92,4.3,100,8.9,8.3,4.2,2.8,2.5,Yes,Single,4.5,2.5,20,4,4.5,99,100
25,Male,1,4,5.1,100,8.1,6.1,2,2.7,1.3,No,Single,4.1,2.4,17,5,5.6,100,100
18,Female,1,3.96,4.8,100,8.3,6.2,2.4,1.2,2.2,No,Single,3.4,1.4,5,2,3.4,100,100
18,Female,4,3.9,4.2,96,6.9,4.6,2,0,0.6,Yes,In a Relationship,5.3,0.6,12,2,1.4,100,98
21,Male,3,3.55,3.4,100,4.9,3.9,0.8,0,3.8,Yes,In a Relationship,3.9,0.7,17,0,1.7,100,93
24,Female,3,3.08,1,74,6.5,4.9,2.5,1.3,2.4,No,In a Relationship,5,3.2,13,2,4.6,81,92
22,Male,3,4,4.1,100,6.7,3.8,2.4,2.1,2.8,Yes,In a Relationship,4.6,1.1,9,1,2.7,100,100
25,Female,1,4,3.8,96,6.4,5,0.9,2.8,8.6,No,Single,1.7,1.5,9,1,7,100,96
20,Female,3,3.1,3.9,85,7.1,6.7,3.8,0.6,2.2,No,In a Relationship,3.6,0.8,12,2,7.4,88,93
18,Male,1,3.2,1.6,92,7.5,4.7,3.5,2.4,3.6,Yes,Single,3.3,1.3,17,2,1.7,94,94
28,Male,3,3.29,1.9,97,8,7.4,3.8,1.5,2.9,No,Single,4.1,1.6,7,1,3.2,84,94
20,Male,2,4,5.1,100,6.7,4.3,1.6,1.7,5.3,No,Single,4.8,3,1,5,6.9,100,89
18,Female,3,3.64,3.4,100,4.7,1,0,2.3,3.5,No,In a Relationship,3.6,1.1,10,0,2.4,100,93
28,Male,3,3.81,4.5,96,6.4,4.9,3.5,2.7,2.5,Yes,In a Relationship,5,1.7,14,1,4,94,94
28,Male,4,3.87,3.5,100,7.1,4,1.8,0.6,7.6,No,Single,3.6,0.8,15,2,2.6,100,88
19,Female,1,4,3.5,87,8.5,4.8,1.5,1,1.3,Yes,Single,3,1.4,7,0,4.9,91,85
25,Female,3,4,4.9,100,6.3,4.8,0.9,3.9,2.6,Yes,In a Relationship,3.2,1.5,13,3,7.4,100,97
28,Male,3,2.88,2.7,78,7.6,6.3,2.4,0,4.8,Yes,Single,4.4,1,9,3,4.2,91,87
19,Female,3,3.56,3.6,77,7.3,8.9,5.2,3.3,1.4,No,In a Relationship,5.8,1.4,16,0,5.4,100,91
21,Male,4,3.64,2.8,89,7.1,5,2,0.8,4.5,No,Single,2.9,0.5,11,1,4.1,92,100
21,Female,2,3.61,2.8,90,8.1,6.3,1.2,1.9,2,No,In a Relationship,2.8,1.7,16,2,4,86,100
24,Female,3,3.09,3,78,6.2,7.6,3.8,2.8,5,Yes,In a Relationship,4.4,1.3,12,2,3.6,98,78
18,Male,4,3.78,3.8,100,6.3,6.4,3.1,3.9,5,No,Single,4.4,0.6,15,1,5.2,95,100
28,Female,2,3.69,2.8,100,7,3.7,0,1.3,2.8,Yes,In a Relationship,4.2,1.1,10,1,4.7,100,95
26,Female,4,4,5.4,100,6.2,6.3,3.8,4,1,Yes,Single,5.7,2.5,8,0,2.8,100,97
23,Male,1,3.21,2.2,64,7.6,8.9,6,0,2.2,No,Single,4.3,1.1,11,1,2,89,90
25,Male,1,3.94,3.2,97,6.1,1,0,0,3,No,In a Relationship,2.5,1.6,15,2,4.2,100,100
22,Female,4,4,2.8,95,7.3,3.4,0.9,1.6,4.8,No,Single,3.2,1.6,25,3,5.8,100,90
28,Female,4,4,5.7,100,6.9,5.1,0,0,3.6,Yes,Single,3,1.8,18,0,9.1,100,100
28,Female,1,3.77,3.8,99,7.3,5.9,2.7,0.7,4.1,No,Single,2.9,0.1,20,0,3.6,100,100
24,Female,2,3.56,5,95,6.4,7.4,4.3,0.7,3.7,Yes,In a Relationship,5.8,0.2,11,4,3.7,100,97
27,Female,4,3.33,1.3,70,6.6,7.2,3,2.2,4.7,Yes,Single,1.7,0.5,9,2,4.3,75,87
19,Male,1,3.37,3.9,82,7.1,8.3,4.9,1.7,2.6,No,In a Relationship,5.3,1.8,1,0,3.7,95,93
23,Female,1,4,4.8,100,7.2,6.1,4,1.2,3.3,No,Single,2.9,1.5,9,2,1.7,100,94
24,Male,1,3.73,3.6,99,7,8.4,5.4,2.4,3.1,No,In a Relationship,6,1.4,5,0,5.4,100,96
27,Male,1,4,5.1,100,9,6.1,4.5,1.2,2.1,No,In a Relationship,4,1.1,16,1,5.4,100,100
19,Female,2,3.55,2.7,94,5.8,5.4,2.2,3.8,5,No,In a Relationship,4.6,0,11,4,1.6,99,98
25,Female,2,4,5.6,100,6.9,4.9,2.9,1.6,5,No,In a Relationship,3.4,0.6,5,1,4.2,100,100
25,Female,3,4,6.9,100,5.1,5.6,1.5,3.4,5.4,No,Single,5.1,1.4,15,1,4.1,100,97
19,Male,4,3.65,3,90,7.4,4.9,2.5,1.9,1.5,Yes,Single,2.2,1,14,0,5.2,100,96
19,Male,2,3.37,2.8,89,5.7,4.9,2.9,2.2,3.7,Yes,In a Relationship,5.3,1.4,6,0,4.6,93,100
22,Female,3,4,5.7,100,6.7,5.6,2.7,0,5.2,No,Single,3.1,0,20,1,3,100,99
28,Female,1,4,5.9,100,6.6,8.2,4.8,0.8,6,No,In a Relationship,4.8,1.2,8,1,5.8,100,89
19,Female,4,3.79,2.7,90,7.3,3.9,2.3,1.8,0,Yes,In a Relationship,4.8,0,15,4,5.7,100,93
26,Female,3,3.58,2.9,80,6.3,3.8,1.4,0.8,3,No,Single,2.4,0,11,3,1.2,97,87
22,Male,3,3.85,3.1,81,6.3,4.6,1.5,2.1,2.6,Yes,In a Relationship,4.9,0.2,20,0,1.2,100,97
22,Female,1,3.43,1.5,72,8.7,8.4,3.8,0,6.2,No,Single,3.6,0,17,2,4.4,89,82
20,Male,3,3.92,2.1,92,7.3,1,0.7,0.7,0,No,Single,3.8,0.4,7,1,3,100,100
19,Male,1,3.09,2,79,6.3,6.2,2.5,0,0.9,Yes,Single,5,1.5,21,1,6.6,98,80
24,Female,2,2.91,2.3,80,6.7,7.3,4.8,1.5,5.9,No,In a Relationship,4.5,2.4,6,1,4.4,81,85
20,Female,4,4,3.4,100,9,5.6,3.2,2.5,2.1,Yes,Single,4.5,0.7,7,3,7.1,100,100
26,Male,3,4,3.9,99,6.7,4.9,2.7,3.5,0.4,No,Single,4.2,0.5,20,2,2.8,100,100
21,Female,1,4,5.8,100,6.2,5.3,2.7,3.3,6,No,Single,4.5,1.1,12,3,2.6,100,94
24,Female,2,2.86,2,76,6.2,5,1.3,2.6,0.1,No,In a Relationship,4.9,0.9,14,0,3.9,87,80
27,Male,4,4,5,100,6.3,3.9,1.5,1.9,5,No,Single,3.2,0.2,14,2,6.7,100,95
26,Female,4,3.32,3.2,82,6.3,7.5,2.5,0,0,No,Single,6.6,1.7,7,2,5.2,100,94
19,Male,3,3.74,3.4,98,5.5,6.9,3.2,4.1,0.1,No,Single,5.8,0.9,21,1,6.9,100,89
24,Female,4,3.9,4.5,96,5.7,7.4,4.2,2.4,3.4,Yes,In a Relationship,5.2,0.5,23,2,2.4,100,94
19,Male,3,2.96,1.8,80,6,5.7,2.9,1.8,1.3,Yes,Single,5.4,0.6,3,3,2,81,84
19,Male,2,3.6,4.1,87,7.7,9.2,4.8,1.7,3.5,Yes,In a Relationship,4.4,3.6,10,1,3.2,97,81
23,Male,3,3.3,3.7,93,6.5,9.8,5.2,3.2,6.6,No,Single,5.7,2,15,2,5.2,100,96
26,Male,4,3.69,4.2,100,6.8,5.6,4,0,2.7,No,Single,4.7,0.9,11,1,6.3,94,100
23,Female,2,3.8,3.9,94,8.5,6.8,4.6,1,6.3,No,In a Relationship,4.4,0,9,3,4.4,100,97
21,Female,1,4,7.2,100,8.6,5.1,1.3,0,3.6,Yes,In a Relationship,1.7,0,15,3,2.6,100,91
18,Male,1,3.22,2.5,85,6.7,5.2,1.1,0,4.9,No,In a Relationship,1.3,1.3,15,0,1.6,78,91
20,Male,4,3.6,2.7,84,6.2,6.2,3.6,3.9,0,No,In a Relationship,5.7,0.9,20,2,2.1,97,100
23,Male,2,3.3,2.6,100,6,2.9,0.8,1.7,4.3,No,Single,3,0,3,2,5.8,81,96
21,Female,1,3.38,2.7,87,7.8,5.5,2.4,0.4,4,No,Single,3.2,1.1,7,2,2.2,98,81
27,Female,3,3.33,2.5,87,6.8,8.8,4,1.5,2.3,No,Single,2.4,0.5,8,0,2.6,96,91
23,Female,4,3.71,5.3,97,6.5,7.9,4.9,2.8,6.8,No,Single,6,0.6,24,3,2.9,91,99
23,Male,1,4,5.6,100,6,3.9,2.4,1.7,2,No,In a Relationship,4.6,1,20,2,5.2,100,100
20,Male,4,3.39,2.6,92,6.1,4.9,1.8,2.6,0,No,Single,5.9,0.2,13,1,1.5,95,79
25,Male,3,3.32,2.3,77,7.4,7.2,3.3,0,4.6,Yes,In a Relationship,2.4,0,12,0,2.8,90,92
20,Female,2,3.47,4.2,92,5.4,4.1,1.2,3,0.2,Yes,In a Relationship,4.6,0,14,3,1.3,96,96
22,Female,2,3.55,2.7,95,8.2,7,2.5,3.9,3.2,No,In a Relationship,3.9,0.8,18,1,4.3,100,100
28,Female,4,3.79,4.4,99,6.4,6.8,2.8,0,5.7,No,Single,3.9,0,11,1,2.8,99,91
27,Male,3,3.59,3.8,100,6.8,5.7,2.8,2.4,4,No,In a Relationship,4.2,3.4,13,1,3.3,100,94
25,Female,2,2.6,1.2,76,5.4,6,2.9,2.7,2.5,Yes,In a Relationship,3.4,2.1,10,0,3.3,90,85
22,Female,4,4,5.8,100,7,2.3,1.5,2,2.3,No,Single,4,1.9,5,1,3.2,100,91
22,Male,1,4,6.2,100,6.6,6.2,1.7,1.7,5.5,Yes,In a Relationship,2.4,0.3,3,0,3.3,100,100
26,Male,4,4,2.6,100,6.9,4.3,1.7,0,0.6,No,In a Relationship,3.5,0.4,9,2,5,100,96
19,Female,4,4,2.9,100,8.8,2.9,0.4,1.1,4.6,No,Single,2.2,0,10,1,1.4,100,96
24,Female,4,4,3.9,90,7.2,5.6,3.3,1.7,7.4,Yes,Single,3,3,14,1,6.1,94,84
28,Female,1,3.67,4,100,6,7.6,4.1,4.8,4.1,No,In a Relationship,4.4,2.5,13,0,4.2,100,93
18,Male,2,4,4.5,100,6.1,5.6,4,0,2.5,No,In a Relationship,6.1,1.9,5,1,5,100,100
23,Male,4,4,6.5,100,7.7,4.2,2.4,3.1,2.7,No,Single,3.6,1.1,12,1,2.2,100,100
18,Male,4,4,3.2,100,8.6,4.5,1.6,2.2,2,No,Single,2.8,0.8,9,3,2.7,100,100
20,Female,3,3.39,2.3,80,7.3,6.1,3.9,0,1.7,No,In a Relationship,4.5,1.7,11,2,5.1,97,97
24,Male,4,3.47,1.4,80,7.8,7.2,3.8,2.4,3.2,No,Single,3,2.8,12,1,3,94,95
20,Male,1,3.52,2.4,83,7.7,5.4,3.1,1.1,4.4,No,In a Relationship,3.8,1.8,18,2,1.5,96,86
23,Female,3,3.78,3.5,100,8.7,10.3,5.4,3.1,6.2,No,Single,4.6,0.1,10,3,8.9,100,99
23,Female,1,4,6.2,100,4.7,6.6,2.8,1.4,0,No,Single,5.8,0.4,20,3,0.4,100,99
18,Male,4,3.48,2.7,79,7.8,6.2,2.4,2.8,0,Yes,Single,4.3,1.7,5,1,4.2,98,77
18,Female,2,3.37,3.8,92,8.2,4.5,2.2,0.1,6.3,No,Single,3.4,0.3,8,4,5.2,100,87
22,Male,2,3.85,3.5,94,5.4,6.4,0.5,1.8,3.1,Yes,Single,3.1,0.7,12,4,5.5,100,100
27,Male,4,3.53,5.3,100,5.9,6.3,3.8,1.9,3.2,No,Single,4.9,2.7,6,4,2,100,97
20,Female,2,4,7.3,100,6,4.7,2.6,0.6,4,Yes,Single,5.5,0.9,5,3,7.4,100,100
28,Male,4,3.37,2.7,84,6.1,7.4,3.6,1.2,2.6,No,In a Relationship,4.5,0,12,0,2,94,86
19,Female,3,3.31,2.8,77,6.4,8.8,5.6,1,7,Yes,In a Relationship,5.2,4.1,5,2,2.1,86,96
25,Male,4,4,5.1,100,7.3,4.2,2.2,2.8,4,No,Single,4.2,2.3,7,0,2.9,100,100
24,Male,2,3.94,4.5,100,8,5.6,0,1.2,2.1,No,Single,2,1.1,12,4,6.4,100,88
25,Male,1,4,6.3,100,8.3,7.7,3.5,1.6,2.3,No,Single,4.7,1.2,21,0,7.6,100,100
23,Female,1,3.3,4.4,100,6,6.1,3.1,2.9,2.7,No,Single,4,0,11,0,3.6,100,94
25,Male,3,3.17,3,90,6,7.6,1.7,2.2,1.4,Yes,Single,4.7,0.8,13,4,5.7,96,85
21,Female,1,3.93,4.4,99,8.6,7.4,3.4,1.7,6.4,Yes,Single,2.4,0.5,6,2,3.6,100,100
26,Male,2,4,5.2,100,7.8,7,4,0.3,3.2,No,In a Relationship,4.5,1.3,7,7,2,100,93
22,Male,3,4,4.7,100,7.1,7.1,1.4,1.4,0.7,No,In a Relationship,4.1,2.8,1,2,6.8,100,100
20,Male,4,3.98,4.3,100,7.6,6.1,2.3,2.2,3.8,No,Single,3.6,1.6,7,1,1,100,89
20,Male,1,4,5.1,100,7,8.7,5,3.8,5.9,No,Single,4.6,3.2,16,0,5.1,100,92
21,Male,1,4,5.3,100,7.6,4.2,1.7,0,5.1,No,Single,2.5,0,9,2,5.4,100,97
26,Male,1,4,5.6,100,6.6,6,2.9,1,1.5,Yes,In a Relationship,3.4,0,13,2,4.5,100,100
28,Male,2,3.92,4.5,100,7.3,2.5,0,0.8,0.8,Yes,Single,3.4,2.4,13,4,4.4,100,91
20,Female,3,4,3.2,95,5.2,5.3,0.6,0.5,5.9,No,In a Relationship,4.3,1.3,16,4,5,100,99
28,Female,4,3.46,3.7,96,6.2,4.1,3,0,0,No,In a Relationship,5.6,1.7,20,2,1.7,95,92
28,Female,3,4,5.3,100,6.2,9.2,4.6,2.7,3.7,Yes,In a Relationship,5.4,1.2,15,2,2.2,100,100
22,Female,2,3.39,2.3,90,6.6,2.7,0.8,2.4,1.9,Yes,In a Relationship,3.1,1.4,11,0,2.4,96,83
24,Male,4,3.67,4.1,99,5.9,5.8,2.9,2.3,5.6,No,Single,4.2,1.9,16,2,5.6,100,97
20,Male,3,3.55,2.9,84,6.4,4.8,2.2,1.2,0.9,Yes,Single,3.6,1.5,14,1,1.8,100,100
28,Female,2,2.95,3.5,73,5.2,6.6,4.2,0.8,1.4,No,In a Relationship,5.2,0.6,1,1,5.5,95,96
24,Male,2,4,5.4,100,7.7,4.8,1,0.2,4.2,No,Single,3.2,3.5,6,2,4.1,100,89
21,Male,1,3.89,3.8,92,6.9,6.4,3.4,2,4.6,No,Single,2.2,1.3,11,1,5.6,89,100
20,Female,4,3.08,3.6,100,5,4,1.8,0.4,5.7,Yes,In a Relationship,5.6,1,9,2,6.8,100,95
21,Female,2,2.78,1.5,79,6,6.3,3.1,2.4,3.9,No,In a Relationship,3,0.9,11,3,3,87,86
24,Male,1,3.79,4.6,100,7.4,5.1,2.9,0.1,3.7,No,In a Relationship,5.7,1.5,1,2,5.3,100,99
24,Male,2,4,4.5,96,6.3,4.8,2.4,3.5,5.1,No,In a Relationship,2.9,1,16,3,6.5,100,100
19,Male,2,4,6.7,100,6.2,4.7,3.5,1.4,0.3,No,Single,4.3,0,12,4,6.9,100,95
25,Male,3,3.53,3,82,6.9,5.4,2.9,0.9,1.2,Yes,In a Relationship,4.1,0.9,18,1,3.5,100,77
25,Female,1,4,3.8,86,7.4,6.2,2.6,0.8,0.4,No,In a Relationship,3.9,0.1,12,5,1.6,99,100
19,Female,4,3.62,3.9,99,5.3,5.3,2.3,3.1,0,No,In a Relationship,4.5,1.5,13,4,4.3,100,89
26,Female,1,4,5.9,100,7.7,8.1,2.9,2,4.7,Yes,In a Relationship,3.2,1.2,7,2,4.2,100,87
24,Female,4,3.72,3.4,100,6,9.2,3.1,4.2,5.9,Yes,In a Relationship,4.1,0.5,6,4,3.2,100,98
28,Male,4,3.87,3.9,100,7,3.7,1.3,2.9,4.1,Yes,Single,2.4,2.1,13,2,4.8,100,96
23,Male,3,4,4.4,100,7,4.3,2.3,0.4,3.8,No,In a Relationship,4.6,1.1,12,2,2.8,100,94
24,Male,1,3.89,3.8,81,6.4,5.6,1.2,1.4,3.2,No,In a Relationship,5,0.8,4,3,2.6,92,89
27,Female,2,3.66,2.8,100,5.8,6.1,2.7,1.7,3.1,No,Single,2.5,0.8,17,1,2.4,87,100
27,Male,3,4,3.8,97,6.7,6.3,1.9,1.8,6.4,Yes,Single,5,0.8,12,1,0,100,100
26,Female,4,4,5.1,89,9,7.5,4,3.2,6.1,No,In a Relationship,4,1.7,9,2,1.3,100,83
25,Female,3,2.75,2,79,5.4,6.6,3.8,1.1,1.8,No,In a Relationship,5.5,0.4,8,2,5.3,82,89
23,Male,2,3.6,3.7,95,9,4.2,1.4,0.4,5.2,Yes,In a Relationship,1.8,1.3,16,3,4.6,98,100
23,Female,2,2.69,2.4,78,6.7,6.3,2.8,2.3,5.5,No,In a Relationship,3.8,0.7,9,2,4.6,71,81
28,Female,3,4,5.3,100,7,6.5,3.8,2.2,4.3,No,In a Relationship,5.1,0.6,13,3,5.3,94,90
18,Female,2,2.59,1.2,70,5.7,7,2.5,0.7,3.8,Yes,Single,6.9,1.7,11,0,2.8,91,74
19,Male,4,3.39,2.7,96,6.1,3.1,1.7,0,3.7,No,Single,6,0.3,9,2,7.1,95,83
23,Male,2,4,4.1,98,6.4,5.7,1.2,4.1,0,No,In a Relationship,2.7,1.7,6,0,2.1,100,92
27,Female,2,3.95,5.8,100,5.7,4.9,4.1,3.3,0,No,Single,5.4,1.5,19,2,1.6,100,100
24,Female,1,3.53,3.4,93,6.7,7.4,4.2,0.4,4.6,Yes,In a Relationship,4.5,2.5,7,0,3.5,94,92
25,Female,1,3.27,2.7,89,6.5,5.1,2.5,1.3,0.8,No,In a Relationship,5.9,0,8,2,3.5,93,95
21,Male,4,4,6.3,100,9.2,5.1,3.9,1.5,0.2,Yes,In a Relationship,4.2,2.2,19,0,5.7,100,100
20,Male,3,3.08,1.3,81,5.6,1,0,2.3,0,No,Single,3.3,0.9,11,2,4.3,84,83
24,Male,4,3.04,0.5,80,7.1,6.5,4.8,1.1,2,No,In a Relationship,5.1,0,14,3,6.3,85,85
21,Male,2,3.76,4.2,100,7.3,5.7,2.6,1,3.7,No,Single,3.4,0.5,20,0,4.6,100,89
24,Female,2,3.33,2.7,79,5.7,5.3,3,1.3,3.9,No,Single,5.4,1.7,19,3,1.2,100,87
25,Male,2,3.43,2,76,7.8,4.1,2.3,0.3,4.7,No,Single,5.6,1.1,9,1,4.1,100,92
28,Male,4,3.99,4.6,89,6.5,9.5,4.9,2.7,2.2,No,In a Relationship,6.2,2.5,18,2,4.6,100,96
20,Female,1,4,3.9,96,4,2.7,1.2,2.3,3.2,No,Single,5.4,0.9,4,3,4.4,100,100
21,Male,3,3.18,2.7,76,7.8,8.8,5,0.2,4.7,No,In a Relationship,5.6,1.2,3,1,4.1,86,87
19,Female,2,3.04,1.6,71,5.7,5.3,3.4,1.9,3.9,Yes,In a Relationship,5,1,12,2,4.4,82,95
25,Male,2,3.81,4.8,87,5.7,5.4,3.7,0.7,1.8,No,Single,4.7,0.2,12,2,3.6,100,89
23,Male,2,4,4.5,100,7.8,4.6,2.3,1.7,3.6,Yes,In a Relationship,3.2,1.2,15,1,2.3,100,98
18,Female,4,3.8,3.4,100,6.6,4.5,0.8,0,0,Yes,In a Relationship,5.1,1,15,1,4.2,100,86
19,Male,2,4,6.3,100,8.1,5.6,4.2,1.2,3,No,In a Relationship,4.5,1.3,15,1,4,100,100
22,Male,3,3.6,1.9,80,8.5,6.6,3.3,3.2,1.8,No,Single,3,1.3,20,0,1.9,100,86
27,Male,1,2.48,1.2,57,6.2,6.6,4.8,0.1,6,Yes,In a Relationship,5.9,1.2,22,3,4.9,72,87
26,Male,4,3.31,2.5,82,8,4.6,2.5,1,1,No,Single,3.2,1.3,16,1,3.5,85,76
23,Female,4,3.53,3.4,81,6.1,5.7,2.2,3.1,3.2,No,In a Relationship,3,2.3,12,0,1,97,87
28,Male,2,3.77,3.9,86,9.7,10.5,4.9,3.7,2.1,No,In a Relationship,3.3,0.2,11,4,5.4,100,100
25,Female,3,2.97,3.1,92,6.2,7.6,5.7,2.5,1.9,No,In a Relationship,6,0.5,12,2,0.7,93,94
24,Female,4,4,4,97,8.2,6.7,2.8,3.5,3.8,No,In a Relationship,4.5,2.6,9,0,0,100,81
24,Male,1,3.42,1.6,86,8,4.3,1.7,3,2.2,Yes,In a Relationship,3.7,2.5,17,0,4.6,79,94
26,Male,3,3.93,5.7,100,7.4,6.4,4,0,6.7,Yes,Single,3.1,1.5,17,2,3.1,100,93
24,Male,4,3.24,3.4,83,6.2,6.7,2.4,2.2,0,No,Single,4,3.2,9,0,3.5,100,95
24,Male,1,4,5.2,100,6.8,5.7,3.7,1.8,4.3,No,Single,5,1.7,11,3,5.2,99,97
25,Male,2,3.63,4,80,4.4,4,2.4,0.2,2.8,No,In a Relationship,4.8,3.1,3,0,5.7,100,97
26,Male,2,3.65,4.2,96,7.3,8.7,5.1,0,2.9,No,In a Relationship,5.2,2.7,12,0,3.8,100,86
26,Female,4,3.95,4.4,100,7.4,6.7,1.8,2.6,3.6,No,Single,3.3,2.8,12,2,3,100,98
28,Female,3,3.96,4.2,88,7.2,7.4,3.5,1.3,5,Yes,In a Relationship,4.2,0.1,6,4,3.6,91,99
25,Male,4,3.52,4.5,100,3.5,3.4,2.1,1.7,3.5,No,Single,5.3,1.9,9,3,1.7,90,89
24,Female,2,4,5.5,100,5.5,4.7,2.4,2.3,5,Yes,In a Relationship,6.5,1.1,6,2,7.8,100,98
28,Male,2,4,3.8,91,6.1,6.4,2.2,3.7,3.1,Yes,In a Relationship,4.5,0,4,1,4.5,100,100
26,Male,3,4,4.6,89,7.3,8.8,3.9,0.7,0.9,No,In a Relationship,4.4,2.5,19,0,3.8,100,100
21,Female,4,3.32,3.4,92,7.3,7.5,4.2,1,2.8,No,Single,4.7,2.4,4,2,8.4,100,79
25,Female,4,4,5.7,100,6.8,5.9,3.6,1.1,5.3,No,In a Relationship,3.1,1.1,13,1,0.8,100,98
22,Female,1,3.42,2.5,85,7.8,7.6,2.6,0.6,2.2,No,In a Relationship,2.9,0.6,17,2,5.4,87,97
25,Male,1,4,6.2,100,5.8,5.9,3,3.9,0.8,No,Single,6.3,1.3,19,1,2.9,100,97
26,Male,2,3.71,3.4,97,7.7,6.4,4.1,2.8,4.2,No,Single,4.4,0,7,1,6,98,100
18,Male,2,2.8,1.4,86,7.6,6.3,4.2,2.3,3.7,No,Single,5.4,0,18,2,2.4,87,92
24,Female,4,4,3.7,100,7.5,1.6,0,2.3,1.5,Yes,In a Relationship,1.5,0.9,13,0,5.9,100,90
18,Male,3,3.79,2.5,99,6.8,8.8,2.4,1.4,2.5,No,In a Relationship,3.1,1.8,15,2,3.5,100,100
25,Male,3,4,4.8,100,9.2,7.2,2.5,0,2.6,Yes,Single,3.6,1,21,2,4,100,100
18,Male,4,3.2,2.5,74,7.6,6,3.8,4.3,3,No,In a Relationship,3.4,0.6,15,1,4.7,97,94
18,Female,1,3.56,2.8,89,5.8,7.8,2.7,1.1,4.3,No,In a Relationship,2.8,0.4,7,1,3,93,91
25,Female,2,2.86,0.7,68,7.3,7.5,3.9,2.6,2.2,No,In a Relationship,3.5,3.6,2,2,1.3,74,85
27,Male,3,3.87,2.8,100,7.9,4.8,1.2,2.8,4.4,No,Single,2.5,0.1,15,4,3.6,100,100
27,Male,3,2.63,0.5,61,6.3,5.3,3.2,1.3,1.9,Yes,Single,5.1,0,14,3,0.6,88,86
28,Male,2,2.68,1.1,68,8.3,6.6,4.2,4.3,6.3,Yes,Single,5.2,0.6,8,2,3,82,77
24,Female,3,4,4.6,100,7.5,3.5,0.6,3,6.4,No,Single,1.3,1.7,13,3,4.6,100,100
24,Female,4,3.26,4.7,89,4.2,7.2,6.6,0.6,1.3,No,Single,5.9,1.3,5,0,2.8,100,100
21,Male,2,3.7,4.1,100,7.4,7,4.6,2.7,0.5,Yes,Single,3.7,0.4,14,3,4.1,84,81
21,Male,1,2.95,2,81,6.5,5.8,2.8,3.1,5,No,In a Relationship,4.4,1.4,5,2,2.4,78,75
24,Female,1,3.7,3.4,80,7.6,6.2,1.6,1.5,3.5,Yes,Single,3.4,2.3,18,3,0.6,100,100
19,Female,1,4,3.5,100,8.1,4.8,2.5,2.4,4.1,Yes,In a Relationship,2.4,1.4,23,2,2.1,100,100
20,Male,2,3.03,1.8,81,7.2,6.9,2.9,1.3,1.7,No,Single,3.5,1.4,13,4,1.5,92,94
19,Male,1,4,5.8,100,9,4,3.5,0.9,2.7,Yes,In a Relationship,3.6,1.4,14,3,6.3,100,100
24,Male,4,4,4.8,96,6.8,9.5,5.1,1.7,2.3,No,In a Relationship,5.1,0.5,15,1,3.9,100,100
28,Male,3,3.43,3.2,85,7.7,4,2.1,1.7,3.6,No,Single,2.4,1.6,13,1,0.9,100,99
26,Female,2,3.78,3.5,91,8,6.8,3.6,1.2,0.5,Yes,Single,4.7,2.2,7,1,2.2,100,99
22,Male,1,4,3.8,100,6.9,4.4,0.9,0,2.8,No,Single,2,2.6,19,2,1.9,100,100
18,Male,1,3.37,0.5,80,7.9,5.5,2.2,3.6,0.5,No,Single,4.1,1.6,14,2,1.5,92,99
24,Male,3,3.52,3.1,90,6.3,6.3,3.4,3.2,2,No,In a Relationship,4.6,1.2,15,2,2.3,100,96
20,Male,2,3.4,2.5,82,6.5,5.3,3.8,0.5,2.8,No,In a Relationship,5.1,3.1,17,3,2.6,67,92
22,Male,3,2.77,2,82,5.4,3.6,1.7,1.2,4,No,Single,5.2,1.3,17,4,5.1,79,98
24,Female,3,3.9,3.1,91,7.3,6.3,2.1,0.3,4.2,Yes,Single,3.1,0.7,18,3,5.3,100,89
19,Female,4,4,6.2,100,7.4,7.3,5,0,4.5,Yes,Single,4.5,0.5,14,2,3.2,100,90
21,Female,3,4,4.5,100,8.4,7.4,4.5,0.2,0,No,In a Relationship,2.9,0.4,8,1,4,100,100
27,Male,1,3.3,2.6,80,7.9,4.3,3.1,1.7,5.5,Yes,In a Relationship,5.3,0.7,14,0,7.2,99,77
20,Female,2,4,4.4,92,6.7,4,0,2,1.7,Yes,Single,1.5,3.1,12,0,6.3,100,100
27,Male,1,3.66,5.6,87,5.6,8,6.6,0.3,1.9,No,In a Relationship,6.2,0.4,8,1,3.4,100,95
26,Male,2,4,4.9,100,7.5,6.9,2.8,1.2,3.5,No,Single,1.2,2.7,19,0,0.9,98,91
19,Female,3,4,3.6,99,8.3,4,2.3,1.9,2.3,No,Single,2.7,1,11,7,4.9,100,100
21,Female,4,3.38,2.5,89,7.9,6.2,2,0.7,3.7,No,In a Relationship,5,2.2,13,0,1.1,92,85
20,Female,2,3.8,4.5,100,8.3,6.4,3.4,2.2,4.1,No,Single,4.8,0.1,8,2,6.3,100,94
20,Male,4,4,4.1,95,6.7,5.7,3.4,0.3,1.5,No,In a Relationship,5.7,1.2,12,1,3.2,100,100
28,Male,1,3.83,4.8,100,6.4,9.1,4.2,4.2,2.6,Yes,Single,4.7,0,17,0,5.3,100,92
21,Female,1,4,4.5,100,6.1,4.3,1.4,0.7,2.7,No,Single,5.5,1.2,22,4,1.5,100,94
21,Male,2,4,5.1,100,6.9,4.9,2.3,1.1,4.9,No,Single,3.8,2,5,5,4.9,100,100
20,Male,4,3.41,2.7,69,6.9,9.9,5.8,0.1,2.1,No,Single,6.2,2.2,12,1,2,86,83
20,Male,3,3.82,5.5,100,7.2,4.3,3.1,0,2,No,In a Relationship,7,1.2,1,4,2.9,100,91
25,Female,2,3.88,3.8,99,6.8,2.5,2.5,2,1,No,Single,5.5,0.8,10,2,6.4,100,85
22,Female,1,4,6.6,100,6.8,5.8,1.4,0,1.2,Yes,Single,3.9,1.3,13,0,5.4,100,94
25,Male,3,3.65,2.5,73,6.1,5.6,3.6,1.8,0.3,No,In a Relationship,5.8,0.6,13,3,5.8,100,85
19,Female,4,4,6.1,100,8.1,8.3,4.3,0.8,1.6,Yes,In a Relationship,6,0.6,20,5,3.6,100,93
25,Male,1,3.42,3.8,85,7.1,7.2,4.1,3.1,6.2,Yes,Single,4.5,0.8,11,1,1.3,90,100
18,Male,3,3.42,2.5,88,6.8,4,2.4,1.5,4.4,No,Single,4.5,1.4,20,1,3.1,90,100
26,Male,2,3.28,2.8,85,6.1,7,3.3,0,5.6,No,In a Relationship,5.4,2.6,13,2,4,90,91
27,Male,3,3.36,3,85,5.4,7.8,5.3,1.7,1.1,Yes,Single,8.5,2.5,9,4,0.8,100,87
20,Male,3,3.99,4.1,89,8.6,6.1,4.4,4.8,0,No,Single,3.8,0.9,13,2,5.9,100,93
19,Male,3,4,4.3,100,7.7,3.3,1.6,1.2,3.6,No,Single,3.9,0.4,13,2,4,100,100
24,Male,4,3.47,2.6,81,5.1,1,0,0.9,6.7,No,Single,3.3,0.5,13,1,3.4,91,91
19,Female,1,3.85,3.5,94,7.9,6.7,3.2,2.3,2,No,Single,3.7,0,9,0,5.8,100,90
23,Female,4,4,6.7,100,8.1,5.9,4,0.7,3.2,No,Single,3.5,1.9,8,2,4.9,100,100
28,Female,4,4,6.1,100,7.1,4.2,1.2,1.6,0,No,Single,5.6,0,18,1,3.7,100,96
21,Female,1,3.76,4.2,100,8.9,5.6,2.8,1.8,3.1,No,Single,2.4,0,17,0,3,100,99
28,Male,1,3.92,3.6,93,7.3,4.3,2.4,0.2,2.8,No,Single,2.4,1.9,8,1,7.1,100,91
22,Female,3,3.76,3.7,88,5.3,4.2,3,2.6,0,No,In a Relationship,4.8,1.9,11,2,3.2,100,86
22,Female,1,4,4.4,100,7.4,8,2,3,0.9,No,In a Relationship,2.2,0.1,14,3,1.4,100,86
25,Female,4,3.27,2,84,7.3,7.6,4.7,0.5,0.8,No,Single,4.3,1.5,16,0,5.4,96,91
20,Female,2,3.59,3.1,98,6.3,8.2,3,2.5,0,No,In a Relationship,3.9,0,13,2,3.3,100,95
19,Female,1,3.2,1,95,7.7,5.9,1.5,2.6,1.6,Yes,In a Relationship,3.7,1.1,18,2,1.7,91,84
25,Male,1,3.34,4.1,84,5,6.8,4.2,1.5,4,Yes,Single,6.6,1.6,12,5,3.1,99,90
26,Female,4,4,4.5,100,8.2,4.1,0.9,3.4,1.7,Yes,Single,2.6,1.9,20,2,5.4,100,99
21,Male,1,3.3,2.8,77,5.9,7.9,4.7,3.6,5.3,No,In a Relationship,5.6,1.6,25,0,7,89,94
26,Male,2,4,5.9,100,5.8,9.5,4.3,0.8,2.3,Yes,Single,6,0,12,3,2.4,100,90
24,Male,3,3.25,1.7,66,6.9,8.9,4.9,2.1,3.7,No,Single,2.6,1.5,14,3,3.5,82,89
18,Female,3,3.72,1.3,86,7.5,4.6,2.6,2.2,4,No,Single,3.1,3.4,7,0,5.5,95,88
22,Male,1,4,3.8,92,7.2,5.5,2.1,2.7,6.1,Yes,Single,2.7,1.6,11,0,3.6,100,98
20,Female,3,4,5.1,100,6.1,6.9,2.9,2.2,1.6,Yes,In a Relationship,5.1,0,13,3,1.9,100,82
25,Female,4,4,6,100,6.4,4.3,2.7,2.7,3.9,No,Single,4.6,0.5,15,2,4.4,100,93
26,Male,1,3.54,2.8,82,5.6,5.4,1.8,1.9,1.1,No,In a Relationship,4.9,0.7,11,5,5.6,87,89
28,Female,4,4,5.1,93,6.7,6.6,2,4.6,6.4,Yes,In a Relationship,2.3,0,16,3,5.9,100,98
20,Female,2,3.87,3.4,94,8.3,4.3,2.3,1.6,0.9,Yes,Single,3.2,1.3,10,4,1.6,100,96
21,Male,2,4,3.2,91,7,3.1,1,0.3,3.8,No,Single,1.7,0.8,17,3,2.1,100,89
24,Female,4,3.98,4.8,92,8,8.2,3.8,2.7,6.1,No,In a Relationship,3.6,0.9,14,1,8.3,100,100
27,Male,3,3.82,4.5,87,8.7,5.3,2.7,1.2,0.6,No,Single,3.5,1.1,14,4,7.6,100,87
27,Male,2,3.34,1.1,85,6.3,4.1,2.3,0.9,4.2,No,In a Relationship,4.4,0.5,10,3,1.9,91,94
18,Male,2,4,5.7,100,6.8,5.2,1.1,1.5,1,Yes,Single,4.6,2.1,12,1,3.9,100,94
21,Female,4,4,5.6,100,9.6,4.8,1.1,2,7.7,No,Single,1.2,1.4,10,3,4.2,100,100
22,Male,4,3.3,2.6,82,8.7,8.8,5.7,0.7,0,No,Single,5.5,0.7,16,0,2.6,96,91
25,Male,1,3.89,4.1,100,5,6.2,1.9,2.5,0,Yes,In a Relationship,4.8,1.6,5,0,6.5,100,100
20,Female,4,3.76,4.2,100,7.5,8.1,3.7,0.9,0.8,No,In a Relationship,3.6,1.6,8,0,2.9,100,100
24,Male,1,3.8,3.9,100,7,5.9,3,2.6,0.8,Yes,Single,3.8,0.2,18,1,5.7,100,97
28,Male,4,4,2.7,100,8,5.4,0,1.6,4,No,In a Relationship,1,1,13,1,5.8,100,100
24,Female,3,2.53,2.5,70,6.1,10.4,5.5,2.1,6.6,No,Single,4.3,1,18,4,3.7,100,75
27,Male,1,4,3.5,95,6,4.4,3.8,0,5.3,Yes,Single,3.8,0.6,16,1,2.8,100,100
23,Female,3,4,5.3,100,6.2,3.4,1.6,0,3.5,No,Single,2.7,0,17,1,5.8,100,100
19,Male,2,3.85,4.3,97,6.3,3.1,2.8,2.2,3,Yes,In a Relationship,5.1,0.6,14,2,2.5,100,90
22,Male,4,3.96,2.9,100,8,3.7,1.1,4.1,1.8,Yes,Single,3.8,2.5,9,1,2.1,100,92
24,Female,1,3.6,4.7,86,5.6,7,5.5,0.6,3.8,No,Single,6,0.6,12,2,8.3,100,100
20,Male,1,2.67,0.5,73,6.3,3.4,1.4,3.9,2.6,No,In a Relationship,4.5,2.1,6,4,2.9,74,91
20,Male,3,4,5.2,92,4.9,6.3,2,2.2,3.4,No,Single,4.4,1.2,11,1,3,100,90
26,Female,2,2.93,0.9,71,8.2,2.6,1.7,0.9,1.5,No,In a Relationship,3.5,1.4,9,2,2.4,86,77
23,Male,3,3.13,3,88,8.5,6.1,2.9,1.1,0.6,No,In a Relationship,4.9,0,3,5,2.5,91,81
24,Female,1,3.09,1.8,89,6.6,8,4.9,2.2,3.1,Yes,Single,5.7,2.4,14,3,5.1,100,82
25,Female,2,2.83,1.6,74,6.6,8.4,5.5,3.5,3,No,In a Relationship,6.3,3.3,14,2,4.7,89,90
23,Female,4,4,5.2,100,7.5,5.4,2.2,2.2,1.8,No,Single,3.9,0.5,18,2,4.2,100,100
28,Female,3,3.66,2.8,98,8.8,3.7,3.4,1.5,1.5,Yes,Single,3,2.5,6,4,4.6,100,98
26,Male,1,3.85,4,100,7.5,4.9,2.9,2.1,4.1,Yes,In a Relationship,4,0,17,1,5.9,100,100
23,Male,4,3.61,3.4,85,6.2,6.2,1.3,0.2,3.9,No,In a Relationship,3,1.1,1,1,5.5,100,99
27,Female,1,3.16,4.2,86,5.1,8,6.4,0.7,6.8,Yes,In a Relationship,6.1,0,11,0,1.9,99,86
19,Male,3,3.12,3.6,78,5.7,9.8,4.8,2,5.8,No,Single,5.1,1.6,22,1,6.6,93,100
19,Female,4,2.93,1.6,77,7.1,4.4,3.1,1.8,0.6,Yes,In a Relationship,4.7,1,12,3,2.1,93,84
20,Female,1,3.86,5,93,6.2,6.4,5.2,1.5,2.6,Yes,In a Relationship,5,1.1,8,0,4.2,100,97
24,Female,1,3.11,2.8,84,7.2,6.5,4.6,1.8,0.3,Yes,In a Relationship,6.3,2.5,12,5,1.6,100,100
20,Male,4,3.56,1.2,82,6.3,7.3,2.9,1.3,0,Yes,Single,5.9,2.4,16,1,1.7,94,90
25,Male,3,3.35,2.9,83,5.7,5.6,3.3,0.1,7.4,No,In a Relationship,3.3,1,11,2,2.1,88,88
25,Male,2,4,5.8,100,5.6,8.5,5.1,0.4,6,No,Single,3.7,2.3,14,3,2.3,100,100
27,Male,1,4,4.8,97,8.9,4.5,1.4,2.3,1.7,No,In a Relationship,3.3,2.4,14,2,2.6,100,100
18,Male,1,3.05,3,90,8.1,8.2,5.3,3.7,5.5,Yes,In a Relationship,5.4,2.3,15,2,4.4,97,89
23,Female,1,4,3,91,9.1,7,2.5,2.1,5.8,No,In a Relationship,1.4,1.3,17,1,4.3,100,96
22,Male,4,3.24,3,88,7.6,9,5.1,0.4,0,No,Single,5.9,1.5,22,1,6.4,100,84
25,Male,2,4,6.6,100,6.5,4.4,2.8,2.9,4.7,Yes,Single,3.1,0.9,12,2,6.4,100,98
26,Male,4,3.62,4.1,88,8.6,6,3.3,1.6,2,No,In a Relationship,2.9,3.5,14,0,1.8,100,99
20,Female,1,3.83,4.1,100,7,7.8,2.7,2.5,3.8,No,Single,4.8,1.6,6,2,6,100,98
27,Male,2,4,5,100,7.3,5.4,2,1.7,9,No,In a Relationship,3.1,1.1,17,1,4.2,100,100
23,Male,4,4,3.9,100,6.9,3.6,2.4,2.9,6.2,No,Single,3.2,1.7,19,1,1.2,100,96
22,Male,3,2.92,3.1,79,3.5,6.2,4.9,2.6,2.7,No,In a Relationship,7,1.5,15,2,7.8,100,74
22,Female,2,4,3.2,100,8.9,4.1,0,0,5.8,Yes,Single,2.4,3.3,5,1,4.1,100,97
27,Female,3,4,3.4,98,7.6,4.7,0.9,2.6,0,No,In a Relationship,2.2,1.2,10,1,2.3,100,98
26,Female,4,3.85,3.4,97,7.4,3.6,1.7,1.7,4,No,Single,3.4,2,12,0,3.4,100,100
27,Male,4,3.86,4.6,100,6.9,5.1,1.2,1.4,4.1,Yes,In a Relationship,4.7,1.1,8,3,2.6,100,98
23,Male,1,3.43,3.6,88,7.2,10,5.1,2.4,4.4,Yes,In a Relationship,5.1,0,23,0,2.7,100,95
18,Female,1,3.9,4.6,93,6.3,9.4,4.7,2.1,2,No,Single,2.7,1.2,14,3,5.9,100,100
18,Female,1,3.67,3.4,94,7.7,8.6,3.7,0.8,3.8,No,Single,3,2.1,17,2,2.7,100,100
19,Male,4,3.13,3.6,97,5.4,5.5,1.8,2.1,4.7,No,Single,4.9,1.3,17,3,2,96,81
25,Male,3,2.58,0.5,70,7.2,7.6,4.8,0,0,No,Single,4.8,0,13,4,2.1,70,86
20,Female,2,4,4.9,100,7.7,2.9,0.4,2.7,2.4,No,Single,4.1,2.8,6,2,5.6,100,99
28,Male,1,3.11,4,77,6.8,9,6,2.1,1.2,Yes,In a Relationship,7.8,0,16,2,1.9,87,86
23,Male,3,4,5,100,7.4,3.7,1.8,2.2,4.3,Yes,In a Relationship,3,0.4,22,1,4.9,100,97
25,Male,1,2.93,0.5,64,5.8,5,2.4,0.9,5.8,No,In a Relationship,3.2,0.1,10,4,1.1,78,72
19,Female,3,4,6.6,100,5.8,6.7,2.2,5.5,1.8,No,In a Relationship,3.5,0.2,9,1,5.3,100,94
23,Female,1,3.77,3.3,100,7.3,2.3,1.2,2.9,0.8,No,In a Relationship,4.5,1.2,16,1,7.6,100,93
18,Male,2,3.95,5.2,100,7.8,6.9,5.7,1.3,3.2,Yes,In a Relationship,4.3,1.8,17,0,4.2,100,100
20,Female,1,2.48,1.9,75,4.8,8,4,2.3,0.7,No,Single,5.4,0.6,18,2,6.7,98,94
27,Female,3,4,4.4,100,7.6,7.2,4.6,2.2,2.5,Yes,Single,3.6,1.8,11,2,2.7,100,100
28,Female,2,3.28,1.9,81,6.3,1.7,1,2.1,2.3,No,In a Relationship,3.3,2,11,1,1.4,89,96
19,Male,3,3.87,2.6,82,6.8,6,3.1,0,4.2,Yes,In a Relationship,3.3,0.9,1,3,4.7,100,84
25,Female,2,4,6.4,100,5.4,6.4,3.6,1.9,3.6,No,Single,2.8,0,12,2,5.6,100,100
25,Female,1,3.8,3.2,83,6,5.7,3.2,2.9,3.3,No,In a Relationship,3.7,2.7,9,0,1.2,100,89
20,Male,1,3.84,3.8,99,8.2,4.9,1.1,0.9,6.3,No,In a Relationship,3.1,0.5,1,2,2.5,100,98
27,Male,1,3.88,4.8,93,7,5.8,4.4,0,3.5,No,In a Relationship,6,0,21,1,4.2,100,100
24,Male,3,3.62,4.2,74,6.5,6,3,0.8,2.2,Yes,Single,4.4,0.8,13,1,4.5,93,94
20,Female,1,3.77,3.7,95,6.9,4.1,1.4,1.7,2.4,No,In a Relationship,3.7,1.8,3,3,3.9,100,94
23,Female,1,4,4,95,7.6,3,0,3.8,1.5,Yes,Single,3.3,1.9,14,2,4.5,100,100
27,Male,4,3.91,7.1,100,7.5,4.6,3.7,1.8,1,No,Single,6.6,0.1,21,2,4.8,100,100
23,Male,2,3.59,3.4,83,6.9,8.9,6.5,0.8,0.2,Yes,In a Relationship,5.1,0,18,1,1.9,94,96
25,Male,4,3.78,3.8,100,8.3,4.3,1.3,2.9,5.3,Yes,In a Relationship,1.3,1.5,17,2,3,100,94
26,Male,4,4,5.1,100,8.2,6.7,3.1,1.1,1.6,No,In a Relationship,4,1.7,6,2,2.9,100,91
24,Female,2,4,5.2,92,7.5,9.7,4.5,0,3.6,Yes,In a Relationship,4.8,2.3,9,3,3,100,100
24,Male,1,4,5.3,99,7.1,4.9,0.9,0.5,2.4,Yes,Single,3.4,2.2,8,1,2,100,95
19,Male,2,4,4.5,93,7.8,5.7,2.1,2.3,2.9,No,In a Relationship,2.2,1.3,12,2,2.2,100,99
18,Female,1,3.45,1.8,77,7.4,6,1.5,0.4,5.3,No,In a Relationship,3.8,0.3,16,1,2.8,86,98
22,Male,2,4,6,100,8.3,6.9,4.3,2.8,3.4,No,Single,4,0.7,14,2,1.7,100,97
28,Female,4,3.58,1.8,87,8.1,9.7,4.8,3.9,1.2,Yes,Single,5.4,1,7,1,4,97,100
24,Female,4,3.51,4,95,5.8,7.3,3,3.4,1.9,No,In a Relationship,6.3,0.3,11,1,5.7,92,91
24,Male,1,3.2,2.4,70,5.7,4,1.5,0.9,4.7,No,In a Relationship,2.2,2.3,17,3,4.3,85,80
28,Male,3,3.74,3.4,85,6.2,7.4,2.1,0,4,Yes,Single,2.2,2.2,15,2,6.9,92,91
22,Female,1,3.84,4,100,8.2,5.4,1.9,0,4.8,No,Single,3.5,0,14,4,3.6,100,100
28,Female,2,3.62,4,88,5.1,6.9,1.3,1,2.5,No,In a Relationship,2.2,0.9,8,1,2.1,100,87
25,Female,4,4,4.1,99,7.5,6,2.6,0,0.2,No,Single,4,3.3,13,3,3.7,100,100
21,Male,1,4,5.9,100,7.4,6,3.7,2,4,No,Single,3.5,2.4,6,3,2.5,100,100
23,Male,3,3.85,4.2,98,8.4,5.6,3.5,3.5,3.5,No,Single,4.1,1.4,8,3,4.4,100,100
23,Female,4,3.68,3.1,86,7.2,5.4,2.8,2,3.6,Yes,Single,3.2,2.3,5,1,1.1,100,89
23,Female,2,4,4.9,100,5.4,5.2,2.9,0.9,0.2,Yes,Single,5.7,2.8,21,1,7.3,98,100
24,Male,3,3.99,5.3,100,5.8,7.2,2.7,3.2,1.7,Yes,In a Relationship,3.6,1.3,21,1,6.6,100,100
18,Male,2,3.44,1.7,88,5.6,3.9,0.9,0.8,1.1,No,In a Relationship,2.9,0,7,2,2.7,90,99
24,Female,1,3.81,4.4,89,6.4,4.1,3,1.1,3.8,No,In a Relationship,4.2,2.1,8,1,4.5,100,99
22,Female,4,4,4.6,100,6.8,5.2,1.9,1.3,3.9,No,Single,3.7,2.1,10,2,3.7,100,99
26,Female,2,3.74,3.1,100,5.6,4,0.8,0.4,2.9,Yes,In a Relationship,4.1,0.2,18,2,6.1,100,100
22,Male,1,3.86,5.6,100,8.8,5.8,3.4,1.5,4.9,No,Single,4.8,1.5,15,0,7.8,100,100
28,Male,1,3.59,3.3,83,5.4,5.2,1.9,2.9,6,Yes,Single,5,0.4,19,3,4.8,93,99
21,Male,4,4,3.7,100,8.6,6,3.1,1.6,3.7,No,Single,3.9,0,20,1,5.9,100,97
24,Female,2,3.43,3.2,97,8.4,7.9,4.1,0,4.3,Yes,Single,4.6,1.4,14,4,5.6,100,94
28,Female,3,3.93,3.5,100,8.1,5.1,1.4,1.7,1.9,No,Single,3.6,2.7,13,1,3.5,98,95
24,Female,2,3.02,1.9,84,6.2,6.3,2.9,2.1,1.5,Yes,In a Relationship,5.9,1.5,19,3,1.9,85,89
21,Male,3,3.18,1.3,78,7.4,1.5,0.1,1.1,5,Yes,In a Relationship,2.8,1.4,17,1,5.2,84,90
21,Female,3,3.6,5.9,98,5.5,10.6,5.1,1.3,1.3,Yes,Single,5.3,0,17,1,4.3,100,98
25,Female,1,3.97,2.2,95,8.1,1.9,0.8,3.1,4.4,No,In a Relationship,1.9,1.8,14,0,5.9,100,99
24,Male,4,3.33,2,73,6.9,4.8,2,1.1,6.4,Yes,Single,4.3,0.6,17,1,5.2,84,88
25,Male,2,2.94,0.5,79,6.5,6.5,4.8,2,4.3,Yes,In a Relationship,4.6,0.4,10,3,2.3,95,92
25,Female,4,3.14,2.5,79,5.5,5.9,2.4,1.8,2.8,No,In a Relationship,6.4,2.1,9,3,4,100,92
21,Female,1,3.33,1.5,84,4,4.2,1,0,0.3,No,In a Relationship,3.8,0,10,0,2.8,86,100
25,Male,4,3.71,6,100,5.8,6.7,3.9,0,3.3,Yes,In a Relationship,6.1,1,23,2,5.1,100,99
21,Male,2,4,5,100,8.3,8.6,3.8,1.3,5,Yes,In a Relationship,3.2,0.1,7,4,2.7,100,90
25,Female,2,3.65,2.5,84,6.5,6.2,1.9,2.4,2.6,Yes,Single,4.4,0.9,17,2,7.3,96,100
24,Female,4,4,6.9,100,6.8,4.6,2,3.7,5,No,Single,2.1,0,22,1,5.7,100,95
26,Female,4,4,5,100,7.8,6.1,2.1,0,3.7,No,Single,1.5,1.7,14,0,3.7,100,100
20,Female,3,3.49,3,96,9.2,7.4,2.5,0,3.6,No,Single,4.5,1.6,10,3,5.7,100,100
28,Female,3,3.55,0.5,76,8.6,4.3,0,1.4,2.4,Yes,In a Relationship,2.1,3.4,15,1,1.7,84,100
28,Male,1,4,6.9,100,5.8,5.3,2.5,2.3,0.1,No,In a Relationship,5.9,1.4,10,3,3.5,100,97
18,Male,1,2.65,1.4,76,4.7,6.6,5.5,0.3,2.1,No,Single,5.5,0.3,7,1,1,77,83
24,Female,4,3.3,1,82,9.8,4.9,1.5,2,2.1,No,In a Relationship,3.7,2.2,19,2,2.4,100,75
21,Male,1,4,5,100,9.7,5.7,1.9,2.6,4.2,No,In a Relationship,2.1,2.2,18,1,2,100,100
20,Female,3,4,7.2,100,7.2,3.1,1,2.6,3,No,In a Relationship,2.1,2.5,10,1,3.8,100,96
23,Male,1,4,5.6,99,5.5,6.7,3.7,4.4,5.2,No,In a Relationship,5.2,0,10,2,7.2,100,100
22,Male,3,3.91,4.3,100,8.2,7.5,4.6,0.7,3.6,No,Single,5.2,0.5,13,1,7.2,100,92
27,Female,3,3.41,4.4,97,6.9,9.3,4.6,0,2,Yes,In a Relationship,5.7,0.3,12,3,3.9,100,96
24,Male,4,4,4.8,100,6.9,6.1,0.9,0.6,1.4,No,Single,3.5,2.7,8,3,0,100,100
21,Male,2,4,4.6,100,8.1,7.9,3.5,2.8,1.8,No,In a Relationship,2.5,2,4,1,4.5,92,100
20,Female,2,4,3.9,94,7.4,7.9,5,3,3.3,Yes,In a Relationship,3.7,2.3,5,0,4.4,100,85
21,Male,1,3.31,3.7,95,5.6,8,3.6,0,2.3,No,Single,4.3,0.1,6,2,6.3,100,100
27,Male,1,3.93,3.4,100,6.6,7.3,3.5,3.4,0.8,No,In a Relationship,4.7,1.3,7,1,6.3,100,89
26,Female,1,3.35,2.4,93,7.8,5,2.1,0,5,No,Single,4.2,0,13,1,2,100,84
23,Female,1,3.23,3.1,87,7.6,8.6,3.1,1,3.3,No,Single,3.8,0.1,8,0,0.5,99,80
19,Female,2,3.1,1,72,7.3,6.8,4.7,2.2,3.5,No,Single,2.5,1.3,8,1,2.9,74,97
19,Male,2,3.91,3.4,80,8.1,7,3.3,1,1.4,Yes,In a Relationship,1.6,1.4,6,2,5.5,100,92
27,Male,4,3.72,2,90,6.6,4.9,0.9,2.2,0.9,No,In a Relationship,3.2,1.6,6,4,5.5,100,98
25,Male,1,3.07,1.8,78,7.2,4.8,2.1,0.9,2.7,Yes,Single,3.3,0.5,6,4,3.7,100,81
27,Female,1,2.91,3.8,77,3.5,8.3,4.6,1.7,0,Yes,Single,7,1.6,12,3,2.2,98,90
23,Female,2,4,5.6,99,6.5,7.4,3.3,0,4.6,Yes,In a Relationship,2.7,1.2,17,2,6.1,100,100
28,Male,2,4,4.9,100,7.9,6.3,3,3.6,1.6,No,In a Relationship,2.7,2.8,20,2,1,100,100
25,Male,4,3.2,1.1,75,6.5,5.6,2,1.3,2.5,No,In a Relationship,4.5,0.8,12,2,2.7,100,90
18,Female,1,2.75,2,84,6.4,7.7,4.6,1.1,3.9,No,Single,6.2,0,17,0,0.6,78,87
21,Male,1,3.97,4.9,98,5.8,9.3,5.3,2.1,2.6,No,In a Relationship,3.6,1.8,8,1,2.6,100,96
22,Male,1,3.35,2,83,8.2,7.4,4.7,0,0.7,No,In a Relationship,4.1,1.5,15,0,4.6,100,99
21,Female,1,3.31,3.2,85,7.7,7.6,5,1.3,6,No,In a Relationship,5.2,0.3,8,4,4.5,95,92
25,Male,1,4,4.3,100,8,5.3,2.3,0,0,Yes,Single,5.1,0.9,14,1,0,100,100
25,Male,2,3.4,2,76,4.9,6.4,2,0.5,0,Yes,In a Relationship,4.2,1.4,8,3,3.4,94,81
22,Female,3,4,3.7,96,6.8,3.5,2.6,1.4,4.7,No,In a Relationship,4.9,0.8,8,0,3.9,100,90
28,Female,3,3.08,1.5,87,6.7,4.8,2.9,2.1,0.1,Yes,Single,4.8,0.1,12,1,1.7,94,91
20,Female,1,3.43,2.6,92,6.7,10.6,4.9,0.8,5.5,No,In a Relationship,5.2,1,20,0,5.5,98,97
27,Female,3,3.58,4,88,6.3,7.8,4.5,1.1,3.8,Yes,In a Relationship,4.1,2.1,16,1,3.4,100,89
28,Male,3,2.84,1.1,77,6.6,6.1,3.6,2.5,3.6,Yes,In a Relationship,4.7,0.8,8,2,3.2,73,91
20,Female,3,4,4.2,100,8,4.7,0.7,1.1,1.9,No,In a Relationship,1.9,1.4,7,1,3,100,92
28,Male,2,3.45,3.5,95,4.7,2.4,0.3,0.5,1.3,Yes,In a Relationship,3.7,1,8,3,2.3,95,93
19,Female,4,3.82,4.3,100,9.1,3.7,3.2,2.1,2.2,No,Single,3.4,0,15,4,2.8,98,100
20,Female,4,3.55,3.8,100,7.6,7.5,4.1,1.5,1.2,Yes,In a Relationship,4.9,1.1,13,0,3.9,99,100
20,Male,2,4,5.5,100,6.9,4.8,2.7,1.4,5.4,No,In a Relationship,6,0.8,15,1,9.1,100,99
19,Female,2,3.81,3.7,100,8.1,8.8,5.7,3,1.5,No,Single,7.7,2,9,0,7.1,100,87
21,Male,1,3.17,2.9,87,5.3,4.6,1.2,0.9,4,No,Single,3.4,2.4,14,1,5.5,87,90
18,Male,1,3.69,3.7,100,6.2,4.2,1,2.4,5,No,In a Relationship,4.7,2.1,13,2,1.4,95,100
25,Male,3,3.67,4.3,100,6.9,2.7,1.8,0,1.2,No,In a Relationship,3,0.5,18,1,5.1,99,100
21,Female,4,3.95,3.6,98,8.6,4.7,1.7,1.1,3.8,Yes,In a Relationship,3.3,0,20,2,2.3,100,100
28,Female,1,3.71,3.6,97,6.9,7.1,3.6,1.6,1.2,No,Single,4.1,0,17,1,3.5,100,98
20,Female,1,3.51,2.4,86,7.5,3.5,2.2,1.3,2.7,Yes,In a Relationship,3.3,1.4,18,3,3,100,100
25,Female,1,3.79,2.5,89,6.3,1.7,0.5,0.5,2.1,No,In a Relationship,6.2,0.5,12,2,6.1,99,100
21,Female,4,2.63,1.4,68,7.6,5.8,4.1,0,1.6,Yes,In a Relationship,4.3,0.1,9,5,4.3,74,70
18,Male,1,4,6.1,100,9,4.1,0.2,0.7,3.3,Yes,Single,1.6,3.2,12,1,7.3,100,100
26,Male,4,3.38,1.6,93,8.2,1.8,1.2,0.8,0.6,Yes,In a Relationship,2.5,1.7,11,2,5.3,91,83
24,Male,4,3.68,2.5,96,6.9,4.4,0.4,1.8,4.9,No,Single,2,1.5,11,3,5.2,100,80
21,Male,3,3.9,2.4,89,7.8,6.6,3.1,2.8,0.8,Yes,In a Relationship,2.9,1.5,12,2,5.5,100,92
23,Male,2,4,4.8,100,7.7,5.8,3.1,0.1,0.5,Yes,Single,4.7,2.8,11,3,7.4,100,99
22,Male,1,3.48,3.1,100,7.6,6.9,5.7,1.9,2.5,Yes,Single,5.3,1,10,0,8.7,100,88
22,Female,2,4,5.4,100,8.3,6.2,4.2,0.7,2.3,No,In a Relationship,4.7,1.8,11,4,2.9,100,87
26,Female,4,3.49,2.5,97,8.3,8.9,5,2.4,3.7,No,In a Relationship,4.3,2.1,16,1,6.4,100,88
24,Male,4,3.77,3.9,97,6.8,7.7,3.2,2.8,3.2,No,Single,3.7,3.1,8,1,2.4,99,100
25,Female,4,3.64,2.2,89,7.8,3.1,1.3,2.4,0,Yes,In a Relationship,3.1,1.2,19,1,7.8,96,98
26,Male,2,4,6.7,100,6.5,7.4,3,2.2,5,Yes,Single,4.1,2.4,17,0,4.1,100,100
18,Female,3,2.71,1.7,76,5.9,7.5,3.7,0,2.4,No,Single,4.9,0,12,2,7,86,82
22,Male,4,4,4,75,6.7,6.9,3.9,0.8,3.5,Yes,Single,3.9,3.3,1,1,7.3,100,95
22,Male,1,4,4.5,99,6.9,4.2,2.1,2.7,7.4,No,In a Relationship,2.7,1.6,1,4,3,100,100
25,Female,3,3.62,4.1,80,5,5.8,3.5,3.8,5.6,Yes,In a Relationship,6.1,2,13,0,2.5,100,97
24,Male,4,3.62,3.2,92,8,6.6,1.4,2.6,3.4,No,In a Relationship,5.1,0,15,2,3.7,100,100
24,Female,1,3.3,3.3,84,3.7,4.4,1.2,2.3,0.3,Yes,Single,4.9,0,21,0,3.2,100,74
19,Female,1,4,3.6,99,10,5.7,1.1,1.6,0.3,No,Single,2.1,0.6,10,3,5.8,100,90
27,Female,2,3.6,3.3,87,8.8,6.1,2.8,0.9,5.3,No,In a Relationship,2.9,1.2,9,1,2.6,100,96
18,Female,3,4,4.9,96,6.7,3.5,1,3.5,2.2,Yes,In a Relationship,4.8,0.9,6,1,2,100,98
28,Male,4,4,6.8,100,7,5.9,2.2,2.2,2.7,No,In a Relationship,3.8,0.8,15,0,5,100,100
22,Female,1,3.07,2.7,82,7.4,9.8,4.2,1.2,0.7,No,In a Relationship,5.3,1,12,4,5.8,92,73
20,Female,1,2.96,1.4,77,6.3,3.5,1.3,1.9,3.9,No,Single,2.9,0,10,2,2.2,93,76
18,Male,3,3.73,3.4,96,7.2,6.1,2,1.8,5.3,Yes,Single,2.1,1.6,12,1,5.3,100,97
20,Female,1,4,7.4,100,6.8,6.1,2.9,2,6,No,In a Relationship,4.3,1,12,1,6.2,100,96
21,Female,2,3.22,2.3,75,6.9,4.5,3.2,2.5,2.1,Yes,In a Relationship,4.6,2.2,17,1,2.2,99,83
28,Male,3,4,6,100,7.2,3.3,2.1,0,4.3,No,Single,4.1,0.7,10,0,4.5,100,92
24,Female,2,4,6,100,5.4,6.5,4,0,2.8,Yes,In a Relationship,3.4,0.8,12,0,0.8,100,98
20,Male,1,3.31,2.7,92,7,7.1,3.7,3.1,4.8,No,In a Relationship,5.9,1.4,16,1,2.8,91,83
20,Male,1,3.71,4.4,90,7.2,8.6,4.5,0.5,3,No,Single,4.9,1.9,11,4,5.1,100,86
20,Male,3,4,5.9,100,7.2,3.8,2.7,1.2,1.4,No,In a Relationship,2.5,2.4,8,2,3.9,100,100
26,Male,4,3.57,2.9,86,6.7,5.8,2,2,5.6,No,In a Relationship,4.3,1.2,6,0,4.8,100,94
19,Male,1,4,3.2,94,8.4,4.7,1.8,1.5,3.2,No,In a Relationship,2.8,1.6,7,2,7,100,100
19,Male,2,3.45,2.6,90,6.6,6.3,3.3,1.7,2.3,No,In a Relationship,4.6,1.2,9,7,5.2,89,89
24,Female,4,3.05,2,66,7.3,5.9,2.2,0.7,3.4,No,Single,3.2,0.9,17,2,0.6,99,89
25,Male,4,3.58,2.5,83,8.6,7,1.9,3.7,1.5,No,Single,3.4,0,8,2,3.5,93,100
27,Male,3,3.24,1.7,96,6.9,5.5,2.1,2.4,3.8,Yes,Single,3.6,1.4,11,2,1.2,80,86
23,Male,4,3.94,3.6,96,7.3,3.2,1.8,1.6,2.6,No,In a Relationship,2,0.3,7,2,7.6,100,92
20,Male,3,3.56,2.3,84,6.9,5.9,3.1,4.7,1.4,No,In a Relationship,5.4,2.1,12,1,0,100,96
20,Male,1,3.88,3.9,98,8.5,4.7,0.7,0.7,7.8,No,In a Relationship,1.9,0.3,13,1,5.1,100,99
25,Female,4,2.82,1.2,82,6.7,7.4,3.3,2.2,1,No,Single,5.2,0.6,14,1,4.9,66,86
24,Female,4,3.94,4,83,8.5,7.6,3.8,1.7,3.7,No,In a Relationship,4.6,0.4,21,2,1.7,97,100
25,Male,1,4,4.8,100,6.9,4.3,1.9,2,3.1,Yes,Single,3.8,1.7,12,3,2.3,100,100
19,Male,1,1.99,0.5,47,6,7.1,5.7,1.9,0.9,No,In a Relationship,6.3,0.9,13,2,4.6,74,68
22,Male,4,3.72,4.1,99,7.8,6.5,2.8,5.1,2.3,Yes,Single,2.5,1.8,9,3,3.8,100,93
28,Female,4,4,5.3,100,6.6,2,0.5,2,0.3,No,Single,3,0,23,3,2.1,100,94
20,Male,3,3.31,1.7,69,7.7,6.2,2.4,2.1,7.1,No,Single,2.9,3.2,16,4,6.1,94,82
28,Male,4,4,6,100,3.7,6.7,2.9,0.4,2.5,No,In a Relationship,5.6,0.2,16,4,5.2,100,100
27,Male,3,4,4.1,100,7,5.9,3.5,1,2.6,Yes,In a Relationship,4.8,2,17,3,0.7,100,94
22,Female,4,3.36,2.4,93,6.4,5.3,2.4,2.1,6.9,No,Single,4.7,1.7,16,1,6.4,93,100
18,Male,2,3.69,3.4,81,5.7,4.5,1.3,1.1,1.4,No,In a Relationship,4.2,1.9,18,3,0,100,86
28,Female,3,4,4.3,92,6.3,3.5,1.2,2.4,5.6,Yes,In a Relationship,3.5,0.4,11,0,1.7,100,97
21,Male,4,3.83,3.6,100,6.3,3.1,1.8,1.3,4.2,No,In a Relationship,3.7,0.9,23,2,4.7,100,100
23,Male,3,4,4.3,100,6.9,5,2,0.7,0,Yes,Single,4.1,1.6,4,1,5.1,100,95
28,Male,2,2.63,2.1,95,5.4,4.2,1.1,0,2.3,No,In a Relationship,3.9,1.2,11,1,4,84,88
23,Male,2,3.49,3.8,96,7.4,6.3,1.7,3.2,3.9,Yes,Single,2.5,0.3,21,0,4.2,100,94
19,Female,3,3.14,1.4,79,8.6,5.9,3.8,1.1,3.1,No,In a Relationship,3.8,1.8,11,3,2.5,71,77
26,Female,3,3.68,3.3,92,7.3,9.6,5.3,1.2,3.1,No,Single,4.7,3.5,15,3,3.7,100,97
28,Female,4,3.66,2.1,72,8,5.5,3.9,2.6,1.8,Yes,Single,4.2,0.8,10,1,3.8,92,91
24,Male,1,3.45,2.4,85,8.3,6.2,4.8,0.7,1.6,No,Single,3,1.7,14,4,6.4,90,99
23,Female,4,4,5.4,100,8.5,6.9,4.3,3.7,2.4,No,In a Relationship,4.2,1.4,10,2,4,100,100
18,Female,1,4,5.1,100,9.2,5.9,4,2.1,6.9,Yes,In a Relationship,2.1,0.8,18,4,4.7,100,100
26,Female,4,4,4.4,86,6.4,3.7,2.3,3.1,1.2,Yes,In a Relationship,4.4,2,13,2,2.4,100,97
28,Male,2,3.06,1.9,83,6.1,8.3,3,2.7,2,Yes,Single,3.6,2,3,4,6.3,80,84
28,Male,2,3.64,3,85,7.9,4.7,2.2,2.5,3.1,No,In a Relationship,3.5,0.7,8,2,5.9,97,85
19,Male,2,4,5.3,100,7.8,8.3,2.5,0.9,0.1,No,In a Relationship,4,2.6,7,1,6.8,100,100
24,Male,1,3.81,3.7,100,7.9,4.7,2.9,0.1,3.9,No,In a Relationship,3,1.2,19,3,2.2,100,100
19,Male,4,4,7,100,9.3,4.8,3.9,2.8,0.4,Yes,Single,4.5,2.3,6,2,0.3,100,92
21,Female,4,3.62,4.1,92,7,7.9,3.4,0,0.8,No,Single,5.1,1.5,11,0,5.2,100,99
19,Female,2,3.85,3.8,100,7.5,4.7,2.6,0,0.7,No,Single,4.2,1.2,23,2,4.6,97,100
23,Female,1,3.3,3,73,5.8,6.1,2.9,1.2,0,Yes,In a Relationship,5.7,1.2,18,1,4.9,92,92
23,Female,4,4,3.7,100,9.6,4.9,3.5,1.1,5.5,No,Single,2.5,1.9,8,1,3.8,100,100
28,Female,4,3.71,3.3,86,6.6,6.8,3.8,0,4,Yes,In a Relationship,4.8,0.1,8,1,2,100,100
23,Male,3,4,4.6,86,6.6,1.9,0.5,1.3,4.8,No,In a Relationship,2.9,1.6,7,0,6.2,100,96
20,Male,1,3.77,4.9,95,6.6,4.1,1.2,1.4,4.7,No,In a Relationship,2.2,2.5,13,2,3.7,100,98
24,Female,4,2.91,2.3,79,6.2,6.9,4.5,1,2.7,No,Single,4.3,1.7,10,0,5.2,86,94
21,Male,4,3.03,1.5,83,6.1,6,2.7,1.7,2.9,Yes,In a Relationship,5.5,0,13,0,3.2,100,87
23,Female,4,3.11,0.7,73,6.4,6,2.2,0,5,No,Single,5.2,0,14,2,2.4,88,82
18,Male,4,3.73,4.3,94,5.4,5.7,2.4,2.6,6.3,No,In a Relationship,4.5,1.2,12,1,3.6,100,100
28,Male,1,3.33,1.8,86,6.1,5.9,2.4,3.8,0.5,No,Single,4.1,0.4,13,0,3.3,100,95
28,Male,2,2.75,0.5,77,9.3,6.5,3.6,1.3,8,No,Single,4,2.1,12,0,3.2,81,82
18,Female,1,3.86,4.1,100,7.9,3.6,1.1,1.6,0.4,No,Single,4.2,0.7,8,0,6.1,100,100
23,Female,1,4,7.2,100,8.1,6.4,2.8,1.1,2.1,Yes,In a Relationship,4.2,1.8,5,1,1.5,100,90
23,Female,3,3.25,3.5,89,8.4,6.1,3.2,2.2,3.1,No,Single,5.6,3.1,12,4,4.1,92,81
22,Female,4,4,4.8,100,9.2,6.3,3.4,2.6,3.3,No,Single,2.6,1.2,8,1,0.8,100,99
24,Female,3,3.76,3.6,96,4.9,6.6,3.1,0,6.9,No,In a Relationship,4.9,0.2,17,1,4.8,99,92
18,Male,2,3.81,3.4,99,5.5,5.4,3.6,0.9,5,No,In a Relationship,3.7,1.6,6,2,5,100,96
25,Female,1,3.7,4.9,98,6,6.6,1.9,0.3,3.8,No,In a Relationship,3.3,1.5,10,1,5.6,100,100
22,Female,2,3.52,3.1,89,6.4,4.1,1.4,3.3,5.1,No,Single,5.9,1.5,13,3,2.8,100,87
19,Male,3,3.3,3.9,95,6.6,9.6,6.5,1.5,3.7,No,In a Relationship,6.1,2.6,18,2,2.8,98,83
22,Female,3,3.59,4,100,6.5,5.2,2.3,1.1,1.6,Yes,In a Relationship,6.2,0,10,1,3.5,99,92
23,Female,4,2.8,2.5,83,7.3,6.3,2.5,2.3,4,No,In a Relationship,4.2,2.2,13,1,6.2,82,98
27,Male,1,4,5,96,7,7.2,3.8,1,3.1,Yes,In a Relationship,4.9,0.6,15,0,3.3,100,100
22,Female,1,3.61,3.2,81,6.1,8.1,5.2,0.7,1.3,No,In a Relationship,5.1,2.6,16,3,4.2,99,92
24,Male,2,2.51,2.4,82,4.4,6.7,2,0,5.5,No,Single,5.1,0,14,4,2.8,91,84
19,Male,4,3.67,4.3,92,5.8,1,1.3,3.2,2.9,No,Single,3.9,3.4,21,2,7.5,100,90
24,Male,3,3.54,2.2,90,6.3,5.4,0.9,2,0.8,Yes,Single,4.1,0.9,10,0,1.5,100,83
26,Female,2,3.24,3.5,74,6.7,9.3,5.2,0.9,1.1,Yes,Single,5.3,0,21,1,2.8,89,86
19,Female,4,3.69,3.5,87,5.6,2,1.2,4.5,4.1,No,Single,3.6,2.1,15,0,5.1,89,97
22,Female,2,3.98,5.1,100,6.4,6.9,2.8,2.3,5.1,No,Single,3.9,1.7,13,3,4.1,100,100
24,Female,4,4,4.2,91,5.6,5.6,1.3,0.6,4,Yes,Single,3.9,1.7,14,2,2.1,100,100
21,Male,2,3.61,3.5,94,6.8,4.3,0.6,4,4,No,In a Relationship,3,2.1,17,6,6.5,100,88
28,Male,2,4,4.7,98,5.7,3.5,2.4,1.3,1.4,Yes,Single,3.1,1.2,8,0,1.9,100,92
21,Male,3,4,5.6,100,6,5.2,1.4,1,3.2,No,Single,4.4,0.9,13,2,3.7,100,97
22,Female,2,3.7,4.3,87,5.4,6,1.8,1.4,2.3,No,Single,4.2,0,11,2,6.8,100,89
21,Male,2,4,3.5,88,6.8,8.1,5.8,2.1,2.6,No,In a Relationship,2.1,1.1,20,4,4.3,100,97
23,Male,1,2.97,1.5,68,6,6.9,3.4,1,2.8,No,Single,3.1,0.7,9,3,4.6,85,71
21,Female,2,3.18,1.9,73,8.1,6.8,4.2,3.9,1.7,No,In a Relationship,4,1.2,22,1,6.2,98,82
25,Male,1,3.28,3,81,7.5,8.1,4,1.2,4.5,No,Single,5.4,1.3,10,3,3.4,93,97
28,Male,1,3.36,2.6,86,6.9,5.2,2.6,1,1,No,In a Relationship,5,2.9,5,3,5.3,90,91
24,Male,2,4,3.2,100,6,4.4,2.1,0.1,0.4,No,Single,4,0.5,8,1,6.4,100,100
20,Male,1,4,3.6,100,7.5,6.2,3.2,1.7,1.4,Yes,In a Relationship,4.2,1.1,8,1,4.8,99,100
21,Male,3,3.89,4.3,96,7.8,4.5,3.1,0,4.8,No,Single,4.7,0.8,20,3,5.3,100,98
26,Male,1,4,3.4,92,7.2,4.7,1.9,0.2,3.7,Yes,Single,2.9,0,5,1,2.6,100,100
20,Female,1,4,4.2,100,8.9,6.4,3,2,0,No,Single,3,4.1,14,2,3.3,100,100
26,Male,1,4,3.6,97,7.6,5.7,1.7,1.7,4.2,Yes,Single,4.1,0.3,19,3,5.9,100,100
22,Male,2,3.02,0.5,70,8.1,5.8,2.5,1.9,2.9,No,In a Relationship,4.7,1.6,26,1,7.4,85,74
27,Male,2,3.35,2.1,90,7.2,3.6,2.3,1.4,2.2,Yes,Single,3.4,2.9,11,1,5,100,99
21,Female,3,4,3.3,100,7.8,5.5,0.9,0.6,2.5,Yes,In a Relationship,3.6,0,13,0,5.6,100,90
24,Male,1,3.26,1.7,92,6,4.7,0,0,0.3,No,Single,3.8,2.1,6,2,3.3,78,87
24,Male,3,4,4.4,100,6.4,4.5,1.4,1.6,3.3,No,In a Relationship,3.1,0,10,1,4.7,100,98
18,Male,2,4,5.8,100,7.4,7.6,5.5,0,0.5,No,Single,6.7,0.4,23,0,3.5,100,100
23,Male,2,4,5.3,99,7.4,4.7,2.3,0,2.3,Yes,Single,3.2,1.8,16,3,2.8,100,100
20,Female,2,3.33,3.2,74,7.6,6.8,4,2,2.3,No,Single,5.2,0.9,18,4,3,96,99
20,Male,4,4,5.7,100,8.3,3.3,0,2.1,4.5,No,Single,2.3,2.7,15,4,4.8,100,100
21,Male,3,3.19,3.7,92,5.3,3.9,1.3,2.2,3.1,No,Single,3.9,1.3,17,4,0.7,94,89
27,Male,3,3.92,3,95,5.8,2.8,0.8,0.7,4.4,Yes,In a Relationship,2.9,1.7,22,5,1.4,100,100
20,Female,1,3.53,2.6,95,7.3,6.7,2.5,1.1,0.6,No,In a Relationship,3.3,0.5,10,3,2.5,97,88
19,Female,2,2.87,3,82,6.1,9.7,6.4,1.7,2.8,No,In a Relationship,5.6,0.2,16,0,4.2,89,85
23,Male,3,3.61,2.9,88,10,5.2,3.5,1.6,4.1,No,In a Relationship,2.6,0,9,1,2.8,98,94
20,Male,4,3.75,3.8,96,7.6,8.6,5.3,1.5,5.5,No,Single,4.5,0.3,2,5,8.8,100,98
25,Male,1,3.55,3.7,85,6.9,5.6,2.4,0.2,0.7,No,Single,3.2,0.5,13,0,1.3,100,100
20,Female,2,3.3,3.5,79,6.4,6.9,4.8,0.7,1.3,No,Single,5.3,2.4,13,1,2.3,85,100
26,Male,4,4,4.2,95,6.4,10.3,5.9,2,4,No,In a Relationship,5.7,1.6,12,1,0.3,100,100
28,Female,1,3.98,5.3,96,7,5.8,2.6,2.3,6.2,No,Single,2.7,0,9,3,6,100,98
25,Female,2,3.71,4.9,98,7.1,4.7,2,1.8,3.6,Yes,Single,4.3,0.8,13,3,2.1,100,95
19,Male,3,2.99,1.3,73,6.5,3.7,0.8,1.8,0.8,No,Single,4.7,1.2,14,3,2,84,81
18,Female,3,2.79,0.5,74,6.7,5.8,2.3,4.2,0.8,No,In a Relationship,3.2,4.1,22,1,4.7,81,74
28,Male,2,4,4.9,100,8.6,5.8,2.9,3.3,3.3,No,Single,2.7,1.2,15,2,5.9,100,100
22,Male,4,2.95,1.4,81,8.7,8.7,5.8,0.9,3.7,Yes,In a Relationship,3.2,1.7,15,4,0.4,89,91
20,Female,4,3.46,3.2,91,7.3,5.2,0.9,4,2.6,No,In a Relationship,3.7,0.2,8,0,6.8,100,89
25,Female,1,3.23,1.7,76,5.4,4.2,2.9,2.6,0.8,No,In a Relationship,5.2,1.9,7,4,4,86,97
21,Male,4,3.34,0.8,86,7.6,1.6,0.1,3.7,5.2,No,Single,1,2.6,7,3,8.6,86,95
18,Male,2,4,4.3,99,8.9,6.1,2.2,2.4,2.3,Yes,In a Relationship,2.7,1,11,1,2.6,100,100
19,Female,4,3.98,4.6,95,8.6,9.2,3.3,0.6,4.1,No,In a Relationship,3.8,1.8,12,0,6.5,100,99
19,Male,1,2.96,2.6,82,7.9,7.7,3.6,2.3,0,No,In a Relationship,4.8,1.8,13,3,4.5,89,88
19,Male,4,2.58,0.5,69,8.7,8.9,3.7,1,5.4,Yes,Single,4.6,1.3,8,1,2.6,72,71
18,Male,3,2.89,2.7,87,7.1,5.9,3.4,2.6,1.6,No,Single,3.4,2.5,1,1,3.9,100,83
22,Female,1,3.23,4.1,97,7.8,5.9,3.7,0,5.7,No,In a Relationship,3.6,0.4,10,0,4.7,100,77
23,Male,1,3,1.3,74,6.2,6.4,2.9,2,4.2,No,Single,3.1,0.3,17,2,2.5,75,81
23,Male,3,4,3.8,93,7.4,5.3,1.2,2,0.1,Yes,In a Relationship,4,1.2,10,0,2.4,100,100
18,Male,3,4,3.5,94,8.6,1.4,0,3,3.5,No,Single,2.1,0.8,12,1,5,100,100
28,Female,4,4,4.4,100,6.3,4.7,2,2.8,6.3,No,In a Relationship,3.6,0,4,0,4.5,100,100
18,Male,2,3.93,3.7,95,6,5.6,2.6,1,1.8,Yes,Single,4.2,0.5,13,3,2.4,100,86
20,Female,3,2.9,2,75,7.1,6.9,4.7,0.8,6.3,No,In a Relationship,4.9,0,14,1,1.7,89,90
28,Male,2,4,5.3,100,6.7,4.9,2.6,0.7,3.8,No,In a Relationship,3.2,0.9,9,2,0,100,93
28,Female,4,3.47,3.3,100,7.8,6.5,2.5,1.2,5.7,No,In a Relationship,2.1,1.9,17,3,3,100,90
26,Male,1,3.48,3.5,90,6.5,7,3.4,1.2,3.3,Yes,Single,4.7,1.3,18,5,3.4,100,84
28,Female,1,3.8,2.1,88,9.1,6.4,2.4,2.8,2.8,No,In a Relationship,5.1,1.3,23,3,5.8,100,98
19,Female,3,3.32,2.8,95,5.5,7.4,4,0,6.7,Yes,In a Relationship,2.8,1,7,1,6.1,94,98
26,Female,1,3.33,2.2,89,8.5,7.8,5.8,0,4.4,Yes,Single,3.3,1.4,13,2,6.4,97,98
19,Male,2,3.53,3.2,77,6.1,9.6,6.1,0,2.5,No,Single,6,4,6,0,3.8,96,99
25,Male,3,4,6.1,100,4.8,4.8,2.9,1.3,3.8,No,In a Relationship,5.8,0.8,15,3,2.3,100,97
26,Female,4,2.68,1.4,76,7.3,5.9,3.3,2.3,1.9,Yes,Single,4.7,1.2,14,4,6.7,83,78
18,Male,2,2.93,1.1,62,6.7,7,5.2,2,3.2,Yes,In a Relationship,4.5,0.3,2,3,1.9,89,93
27,Female,2,4,5.7,100,5.7,4.9,2.6,0.2,5.4,No,In a Relationship,4.4,0,13,3,1.1,100,100
28,Female,2,2.98,3.2,79,5,6.9,3.8,2.7,2.7,No,Single,5.7,1.5,11,2,1.8,85,89
22,Male,1,3.94,2.5,85,7,3.6,1.1,3,1.3,Yes,Single,3,2.3,6,1,3.3,98,89
18,Female,3,4,5.1,100,8.2,4.2,2.3,2.5,1.1,Yes,Single,4.7,3.5,11,0,2.5,100,94
27,Female,2,3.54,2.6,100,7.7,8.9,4.5,0.9,3.1,No,In a Relationship,4.5,1,22,2,3.3,94,100
21,Male,4,4,6.2,100,7.1,4.6,1.7,1.5,1.4,Yes,In a Relationship,2.2,0.9,15,2,6.9,100,100
23,Male,2,4,4.5,97,7.6,5,2.6,2.8,0.1,No,Single,4.2,2.1,8,2,2.3,100,97
24,Female,3,3.94,2.8,90,7,2.1,0.4,1.4,0.6,Yes,Single,3,2.9,10,2,1.6,100,94
26,Male,1,4,6.7,100,5.3,6.6,5.8,1.7,5.4,No,Single,6.7,0,2,5,2.1,100,100
25,Female,2,3.3,2.6,79,5.3,7.4,4.7,2,2.7,No,Single,4.2,1.9,7,0,3.5,96,79
20,Female,4,4,4.6,94,6.8,4.4,3.1,1.3,3.1,No,Single,3.8,3,20,5,3.4,100,88
23,Male,2,3.61,3.9,99,6.8,7.5,3.6,0.9,1.1,No,Single,5.1,1,17,2,2.5,81,100
18,Male,4,4,5.5,100,8,6.4,3.4,2,1.8,No,In a Relationship,6.6,0,14,1,2.2,100,95
26,Female,1,3.58,5.8,94,7.9,9.8,4.9,2.4,1.8,Yes,Single,6.8,2,14,0,3.4,100,94
27,Male,2,4,3.5,90,7.7,5.3,2,0,2.4,No,Single,3.6,0,19,4,0,100,96
24,Male,4,3.33,2.4,86,6.7,6,3.9,1.5,0,No,Single,5.6,2.4,14,3,4.2,85,82
28,Female,2,3.22,4.2,81,5.3,5.1,4.4,0.3,5.2,No,In a Relationship,5.5,3.2,11,0,2.3,100,89
28,Male,4,3.14,2.5,82,7.5,8.6,4.6,1.5,3,No,In a Relationship,3.6,0.7,12,0,4.9,94,91
21,Male,1,4,6.5,100,7.6,1.4,0,3.2,3.4,No,In a Relationship,2.7,2.9,11,2,0.4,100,100
26,Female,3,3.92,3.7,95,4.1,4.4,1.9,2.2,4.8,Yes,In a Relationship,5.7,1.8,11,2,5.1,100,100
19,Male,3,3.66,3,95,6,6.3,1.3,1.3,4.7,No,In a Relationship,3.6,2.6,20,2,2.1,96,87
20,Female,1,3.79,3.8,99,6.2,6.7,3,4.2,1.8,No,In a Relationship,6.6,0.6,7,2,4.5,100,96
28,Male,2,3.88,1.5,87,7.1,3.5,0,0,4.2,Yes,In a Relationship,2.2,1.8,9,3,3.1,97,86
22,Male,3,3.57,2,83,6,4.1,0,0.8,4.2,Yes,In a Relationship,3,1.4,3,2,3,94,90
25,Female,4,3.77,5.3,100,7,10.2,6.1,1.7,3.6,No,Single,5.2,0.4,17,3,3.5,100,91
21,Female,2,3.3,2.5,80,6.7,8.6,3.7,0.2,5.1,Yes,Single,2.8,0.8,14,0,1.6,97,99
25,Female,2,2.93,1.9,80,6.8,5.3,3,0,4.6,Yes,In a Relationship,5,1.8,21,1,3.9,82,81
20,Male,1,3.58,4.3,82,6.1,5.8,3.3,2.8,4.5,No,Single,4,0.1,9,1,4.7,100,86
27,Female,2,3.77,5.3,100,6.2,4.9,3,3.6,5.7,No,Single,4.1,0,8,2,3.9,100,99
20,Male,1,3.48,4.6,96,5.7,7.3,4.3,0.7,3.1,No,Single,4.5,0,6,1,0.6,100,91
18,Male,3,4,5,100,7.5,4.7,1.9,4.5,3.1,No,In a Relationship,5.2,0.4,14,4,1.1,100,100
27,Male,1,3.29,2.4,93,7.7,4,3.1,0,4.6,Yes,Single,4.9,1.5,10,2,3.9,100,91
27,Female,1,2.92,1.4,72,6.1,5.3,3.1,1.7,2.6,No,Single,4.6,0.7,14,3,3.8,88,84
23,Female,1,4,5.8,100,8.8,5.9,1.2,0,4,No,In a Relationship,1.4,2.5,10,3,7.1,100,100
22,Female,1,3.52,3,80,6.6,8,4.7,1.5,1.9,No,Single,5.9,0,19,1,3.6,100,86
28,Female,3,3.87,3.1,97,8.8,6,2.1,1.6,0,No,Single,4.8,1.7,18,2,7.9,93,100
19,Male,2,4,5.5,100,6.2,7.2,4.3,1.4,4.2,No,Single,3.8,0.8,12,2,3,100,100
24,Male,4,3.4,4.3,75,4.6,3.7,3,0,0,Yes,In a Relationship,5.4,1.1,17,0,3.7,100,88
19,Male,2,3.48,4.2,90,7.5,8.1,5.3,1.7,1.6,Yes,In a Relationship,5.3,1.9,11,2,3.8,100,99
19,Male,1,4,6.7,100,7.3,5.5,1.2,1.5,4.6,No,Single,4.1,0,12,1,3.3,100,100
19,Female,1,3.35,2.5,72,7,2.8,1.2,1.8,4.7,No,Single,2.9,0,1,2,5.5,96,82
27,Female,1,4,4.9,100,6.2,5.3,1.4,0,5.4,No,Single,4.3,1.1,15,3,4.5,100,83
20,Female,4,3.61,3.6,90,7,4,3,3.3,0,No,Single,4,1,12,1,5.2,100,95
19,Female,4,3.58,3.9,86,6.4,8.1,5.1,0.6,3.6,No,In a Relationship,4,0,16,0,2.9,100,97
26,Male,3,3.82,5.8,95,6.6,8.9,5.2,2,2.5,No,In a Relationship,7.1,3.2,16,1,4.6,100,97
21,Male,2,4,4.3,100,8,2.6,0,2.2,5,No,Single,1,0,8,1,2.8,100,100
20,Female,2,4,4.3,89,7.2,9.2,3.2,2.2,6,Yes,In a Relationship,2.8,0.7,11,1,2.4,100,100
23,Female,2,4,5.1,100,7.7,2.4,0,0.1,0.4,No,Single,4,2.3,10,1,5.3,100,93
28,Male,3,3.15,3,85,6.7,6.3,4,0,3,No,In a Relationship,4.1,0.5,17,2,5.4,87,78
20,Male,3,3.42,2.2,88,6.6,7.7,4.5,3.7,4.7,No,Single,4,0.3,20,1,7.5,96,86
20,Male,4,2.47,1.9,82,5.6,4.8,2.7,3,2.3,Yes,In a Relationship,4.5,1.6,16,3,4,78,83
20,Male,4,3.4,0.6,77,6.6,4.2,2.9,3.7,6.5,Yes,In a Relationship,1.4,0.5,22,0,5.2,100,96
18,Female,1,4,6.6,100,3.5,4.6,2.9,1.5,2.2,No,In a Relationship,6.6,1.6,15,1,1.8,100,96
25,Female,1,3.33,1.8,86,6.3,5.5,1.6,2.6,2.4,No,In a Relationship,4.1,1.7,7,4,4.5,100,82
27,Female,1,3.31,3.2,81,6.9,6,3.4,0.3,0.9,No,Single,4,1.6,5,1,3.3,99,75
27,Female,1,3.97,3.1,88,7.7,7.5,2.5,2,3.3,Yes,In a Relationship,1.9,2.4,7,0,2.4,100,100
28,Male,1,3.47,4,86,6.7,6.7,4.2,1.5,0,Yes,Single,4,0.8,10,1,2.8,92,87
20,Male,4,4,4.7,100,7.4,6.5,2.6,1.9,2.5,Yes,In a Relationship,2.4,0.7,9,4,3.8,100,100
23,Female,2,4,4.8,96,4.4,5.1,1.5,1.5,5.5,No,In a Relationship,4.2,1.1,12,1,5.7,100,100
28,Male,3,3.78,2.6,83,6.9,3,0.5,2.8,0.2,No,Single,4,0,11,2,6,94,99
22,Female,4,3.83,3.2,100,5,1.9,0,0.3,0,No,Single,4.9,1.4,12,1,5.4,100,93
19,Female,2,3.46,3.9,97,5.6,5.7,4.8,1,5.2,No,Single,5.7,0.9,24,1,7.9,100,87
23,Male,1,4,3.1,93,6.8,5.8,2.1,1.6,5.5,No,In a Relationship,4,1.6,16,3,6.2,100,92
18,Male,2,4,5.9,100,8.5,7.7,3.3,2.5,0.3,No,Single,5.8,0.3,13,1,4.8,100,100
26,Male,3,3.76,4.2,94,7.4,6.6,5.5,2.2,6.5,No,Single,5.5,2.5,17,3,5.5,100,94
19,Male,1,3.59,4.6,97,7,4.6,2,3.2,3.9,Yes,Single,4.5,1,8,1,4.1,100,100
26,Female,1,4,4.5,100,7,4.1,1.9,3.7,5.1,No,Single,3.5,2,8,3,4,100,99
20,Male,1,3.91,5.3,95,6.1,6.3,2.6,2.4,1.4,No,Single,5.3,0.7,17,1,2.2,100,100
18,Female,4,3.78,3.8,99,6.3,5.4,2.8,1.8,6,No,Single,3.3,1.7,12,0,5.7,100,96
19,Female,2,2.83,1.6,80,7.5,10.2,5.6,0,2.5,Yes,In a Relationship,4.9,0,13,2,3.6,81,96
27,Female,1,3.45,4.1,96,5.3,7.6,5.1,0,2.4,No,Single,7.4,0,6,2,3.8,100,88
27,Male,3,3.79,2.5,87,7.7,5.2,3.7,0,4,Yes,Single,3.4,1,10,0,4.1,100,97
26,Female,3,2.74,2.7,79,6.5,7.4,5,0.2,2.2,No,In a Relationship,4.7,1.2,10,3,5.1,84,84
27,Male,2,4,4.4,100,8,5.1,2.5,2.3,0,No,In a Relationship,3.8,1.1,10,1,1.8,100,100
24,Male,3,4,5.4,100,8.2,6.8,3.2,0,3.3,No,Single,3.2,0.9,23,3,3,100,96
20,Male,1,3.67,3.5,96,5,4.9,2.3,3.3,2.4,No,Single,4.2,0.8,23,5,2,100,100
22,Male,1,3.77,4,99,6.3,4.4,0.9,1.5,1.5,No,In a Relationship,4.1,1.9,18,0,2.7,100,100
27,Female,2,4,6.1,100,6,6.7,4.6,0,5.5,No,Single,4.9,3,12,1,3.7,100,92
18,Female,4,3.53,3.9,92,4.8,6.2,3.6,3.5,7.8,Yes,Single,5.1,3.8,9,0,1.9,98,97
20,Female,1,4,7.4,100,5.8,4.9,2.8,3.2,1.2,Yes,Single,7,2.3,7,0,3.3,100,87
28,Female,4,4,4.3,94,9.9,4.8,2.8,2.7,3.4,Yes,In a Relationship,2.6,0,14,2,3.3,100,100
22,Male,1,3.12,0.9,70,7.7,5,0.5,1.6,2.2,No,In a Relationship,3,2.3,18,0,2.3,79,84
19,Male,3,4,4.6,100,9.3,3.4,1.3,2.3,7.6,Yes,In a Relationship,1,2.2,16,0,5.5,96,100
19,Male,2,3.85,4.1,100,8,5.9,3.3,0,4,No,Single,2.4,1.1,13,1,5.5,100,100
19,Female,1,4,5.4,100,6.1,6.3,2,0.6,4.9,No,In a Relationship,3.5,2.1,15,0,5.7,100,93
18,Male,4,4,4.5,88,6.5,6.4,2.5,0.7,5.4,Yes,In a Relationship,4.1,1.6,12,0,0,100,100
22,Male,3,3.78,3.3,100,7.7,7.6,2.6,0,3.3,Yes,In a Relationship,4.2,1.2,11,1,5.9,98,95
26,Male,1,2.79,1.7,71,7.5,5.4,1.8,1.3,2.6,No,Single,4.2,1.5,7,2,3.9,81,73
23,Female,3,3.29,3.2,96,6.3,3.6,1.3,1.9,6,No,Single,4.4,0.6,10,4,1.6,95,85
27,Female,4,3.2,2.2,79,5.2,5.9,0.4,0.3,4.6,No,In a Relationship,5.1,0,14,1,8.4,85,92
27,Male,4,4,2.6,100,10,6.3,2.6,1.2,1.3,No,Single,3,0,10,0,2.2,100,100
24,Male,2,3.72,4.4,93,6.8,6.5,3.7,0.8,1.6,No,Single,4,2.1,6,0,1.7,100,93
20,Male,1,4,6,100,6.6,3.4,0.3,0,2.2,No,In a Relationship,4,0.2,13,2,5.9,100,100
24,Female,2,4,4.1,97,7.1,6,2.8,2.2,5.3,Yes,In a Relationship,4.5,0,14,1,2.9,95,100
21,Female,4,2.51,1.7,72,6.7,5.9,3.2,2.7,5.9,No,Single,3.9,0,10,2,4.6,66,86
19,Female,4,4,4.2,100,7.1,2.6,1.3,2.6,7.3,Yes,In a Relationship,2.4,0.7,12,1,2.2,100,94
23,Female,3,4,5.3,100,8.5,9.9,4.9,1.5,1.6,Yes,Single,4.2,2.7,1,1,0.4,100,100
21,Male,1,3.76,2.6,83,6.9,5.2,2.2,0.2,3.3,Yes,In a Relationship,3.8,1.1,16,4,6.2,97,100
26,Female,2,3.51,3.3,81,5.6,5.8,2.6,1,2.2,No,Single,5.3,0,13,0,6.5,100,90
21,Male,4,3.86,3.5,84,6.8,8.1,2.6,2.6,2.6,Yes,Single,3.5,2.7,19,3,5.4,100,88
23,Female,2,3.82,2.3,84,6.4,2.3,0.1,2,4.9,Yes,In a Relationship,2,1.5,11,3,5.6,90,84
28,Female,4,4,4.5,100,8.7,8.1,4.3,0,2.9,No,Single,4.7,0.9,16,3,0.5,98,99
25,Female,1,3.75,3.3,96,8.4,3.4,1.4,1.7,5.6,No,Single,1.7,1.7,18,5,5,100,100
23,Female,1,3.96,4.1,100,7.1,5.8,2.4,1.5,2,No,Single,4.2,1.2,12,1,1.6,100,90
26,Female,1,2.75,2.2,67,5.5,6.9,3.7,1.1,4.5,Yes,Single,4.8,0.5,14,2,6.3,68,79
22,Female,1,3.12,2.8,65,5.5,8.9,5,1.5,2.1,No,In a Relationship,5.7,0.7,13,3,7.3,79,79
23,Female,3,4,4.6,96,7,5.6,1.2,0.4,0,No,Single,3.4,0,4,1,2.8,100,89
20,Female,2,3.31,2.9,96,7.4,4.4,2.1,2.7,1,No,In a Relationship,5.8,0.7,14,5,4.5,100,93
25,Female,2,4,6.1,100,6.6,9.6,4.9,1.8,3.2,No,In a Relationship,5.4,2.1,7,3,5,100,100
25,Female,1,4,2.9,93,6.4,8.3,3.5,2.9,6.8,Yes,In a Relationship,3.3,2.1,8,5,3.9,93,99
19,Female,2,3.48,3.8,100,6.3,6.5,3.8,0,2.1,Yes,Single,5.2,1,15,4,3,93,88
21,Male,4,3.87,4.9,98,7,4.2,1.2,1.6,2.7,No,In a Relationship,5.3,1,18,2,4.9,100,100
27,Male,2,2.56,1.4,80,4.1,4.6,2.2,3.8,4,No,In a Relationship,4.7,0.2,16,0,2.1,78,73
19,Female,4,2.44,0.9,84,5.7,5.1,2.5,0.7,1.8,No,Single,6.2,1.6,15,2,4,80,85
21,Male,3,3.29,1.2,86,6.2,3.1,1.5,2.9,2,No,Single,2.9,0,14,1,6.3,94,84
19,Female,3,4,5.4,100,8.4,4.2,0.3,1.7,3.1,No,Single,1.7,2,16,0,3.7,100,100
27,Male,1,3.2,2.7,72,6,2.5,2,2.9,2.1,No,Single,2.1,1.6,20,0,6.2,97,99
19,Female,4,4,7.3,100,7.2,7,4.8,0.9,0,Yes,Single,7.4,0.9,9,2,8.3,100,90
25,Male,1,3.27,2.7,84,7.3,5.8,2.9,3.2,1.7,No,In a Relationship,2.6,1.6,9,0,1.4,87,83
26,Male,2,4,3.8,100,8.6,9.5,4.9,2.2,4.2,Yes,Single,4.3,0.9,16,3,3.5,100,98
24,Male,1,4,5.8,100,8.5,5.4,3.1,0.3,4.3,No,Single,5.1,1.4,3,1,2,100,98
28,Female,2,4,6.5,100,6.9,5.2,1.7,2.6,5.7,No,Single,4.1,1.4,12,1,3.9,100,95
20,Female,4,4,6.6,100,6.4,7.6,4.7,3,5.5,No,In a Relationship,4.9,2.4,13,0,4.3,100,100
23,Male,1,3.96,5.3,100,6.2,7.2,3.1,3.2,1.2,Yes,In a Relationship,6.1,1.7,9,0,2.1,100,100
23,Female,4,4,5,96,6.7,7.7,4.2,0,1.5,No,In a Relationship,4.4,2.2,2,3,3.9,100,100
24,Female,4,4,4.4,100,6.5,5.2,1.2,1.8,1.6,No,In a Relationship,4.4,1.6,19,2,3.9,100,100
27,Male,1,4,4.7,97,7.7,6.7,4.4,4.4,2.7,No,In a Relationship,4.4,1.1,9,1,1.6,100,99
19,Female,4,3.06,2.7,67,7.5,6.2,4.4,1.9,1.8,Yes,Single,4.6,1.7,9,2,5.8,91,94
27,Female,1,3.32,2.3,89,7.7,6.6,3.2,0,2.7,No,Single,4.2,1.5,19,4,3.5,100,92
27,Female,3,3.93,3.5,100,8.5,4,1.6,2.3,1.3,No,In a Relationship,4.6,0.8,1,1,0.7,100,88
26,Female,3,3.95,3.2,89,9.2,5.7,2.7,2.7,4.6,No,In a Relationship,4.5,0,20,0,9.6,100,94
22,Male,4,3.81,2.8,93,7.1,7.1,3.7,3.3,1.1,Yes,Single,4.5,0.7,23,0,0,100,94
26,Female,2,4,4.5,97,8.3,7.7,3.2,0.7,1,No,In a Relationship,3.1,0.7,8,4,4.2,100,90
24,Female,3,4,4.9,89,6.6,7.6,3.7,0,4,No,Single,3.6,1.8,10,2,6.8,100,100
28,Male,2,3.56,3.6,89,8.4,6.5,4.3,3,4.4,No,Single,5.8,1.1,14,2,3.2,100,93
24,Male,4,4,5.7,100,8.3,3.4,1.8,1.4,2.5,No,In a Relationship,4.8,0.4,13,1,2.4,100,84
25,Male,3,3.48,1.8,76,8.2,6.1,1.1,1.2,4.7,No,Single,1.5,1,17,0,2.2,84,75
27,Male,1,3.7,3.2,100,7.1,3.8,2.7,0.4,4.6,Yes,In a Relationship,5.3,0.9,14,1,4.6,100,84
20,Female,1,3.1,2.4,72,6.2,4.8,2.3,1.9,6.8,No,Single,2.7,0.3,16,2,4.7,92,86
27,Female,3,2.44,0.7,63,5.3,7.8,4,0.7,4.5,No,In a Relationship,5.5,2.7,29,1,7.7,87,81
23,Male,3,4,3.4,88,7,6.2,1.2,0,6.4,Yes,In a Relationship,2,1,4,3,6.9,100,100
25,Female,2,3.33,3.3,100,8.8,7.1,4.3,0.6,3.1,No,Single,6.2,0.4,19,2,5.4,100,94
24,Male,1,4,5.8,92,6.6,7.8,4.8,0.6,5.8,Yes,In a Relationship,3.9,0,19,2,1.9,100,91
28,Male,1,4,4.4,100,7.9,4.7,2.8,0,5.8,No,Single,2.1,1.3,7,4,0.9,100,89
23,Female,4,3.29,2,86,8,6.1,2.9,1.2,2.7,No,Single,3.4,1.7,8,2,1.7,98,100
22,Female,2,4,6.3,100,6.7,3.2,1.6,0.1,1.6,Yes,In a Relationship,6.6,0.5,15,2,4,100,100
24,Male,3,4,5.3,100,8.6,4.1,2,1.2,2,No,Single,3.7,1.3,6,4,5.2,100,100
23,Male,2,3.65,4.4,92,3.5,6.1,2.2,2.1,3.8,Yes,Single,3.9,0.1,9,1,4.5,96,100
22,Female,3,3.55,3.2,88,5.5,7.5,5,2.3,0.7,No,Single,5.1,1,13,1,2.3,93,95
18,Female,4,3.48,2.1,76,5.9,6.8,2.7,0,2.1,No,In a Relationship,2.8,2.3,9,3,8.4,88,91
20,Male,3,4,2.9,96,6,3.6,0.8,2.7,5.4,No,Single,3.7,1,11,2,4.1,100,100
28,Male,4,4,5.1,100,7.4,4.6,3.2,3.7,4.3,No,Single,2.6,0.6,8,0,6.8,100,100
23,Female,2,4,6.3,100,7.3,8.4,4,2.2,0,No,Single,6.2,2.5,7,0,6.5,100,100
28,Female,1,4,5.8,100,7.5,4.2,2.8,3.6,0.3,No,In a Relationship,5.2,1.4,14,1,6.3,100,91
19,Female,3,3.43,2.8,83,7.7,7.3,5,2,7.3,Yes,In a Relationship,3.7,0.7,11,0,3.1,100,95
27,Male,2,2.6,1.8,77,5.9,6.8,4,1.4,5.4,Yes,Single,5.7,0.3,13,1,2.9,85,84
18,Female,3,3.36,3.7,95,5.5,5.4,1.2,0.8,1.8,Yes,Single,5.1,0.1,16,1,3.2,96,96
27,Female,4,2.87,0.8,76,7.5,4.4,2,2.4,0,No,In a Relationship,4.3,1.6,13,2,8.9,76,79
28,Female,2,3.86,4,100,6.2,5,3.1,0,0.5,No,Single,4.2,2,10,3,2.4,100,92
21,Female,1,3.57,3.3,97,5.1,3.5,0.3,2.3,4,No,Single,3.9,1.2,8,2,2.5,100,86
28,Male,4,3.73,2.8,95,8.2,6,3.3,3.6,7,No,In a Relationship,3.5,1,14,1,1.7,100,97
24,Female,3,3.45,1.1,87,8.7,2.6,0.2,2.1,6.8,Yes,In a Relationship,2.2,1.8,22,4,3.2,87,89
19,Female,3,3.53,4.3,100,8.9,7.6,4.3,0,0,No,Single,4.7,0,16,0,4.6,100,97
21,Male,1,3.67,2.7,86,7.2,5.8,4.2,1.1,2.4,Yes,In a Relationship,5,1.3,4,2,6.1,100,96
21,Female,3,3.59,1.7,95,7.8,4.5,3.6,2.7,1.3,Yes,In a Relationship,4.8,1.2,2,1,3.8,95,98
18,Female,4,3.51,0.5,77,8.6,7.4,1.8,1,3.3,Yes,In a Relationship,4.4,1.6,8,3,1.7,92,91
19,Female,2,3.9,3.5,97,6.2,6.2,3.1,2.4,0.3,Yes,In a Relationship,3.7,1.7,4,3,1.1,100,97
26,Female,2,4,6.2,100,8.3,5.2,2,0,1.9,No,In a Relationship,2.5,0.8,6,1,4,100,97
27,Male,3,4,6,100,7.3,3.4,1.3,0,1.3,Yes,In a Relationship,3.8,3.1,1,4,2.4,100,100
26,Female,2,3.96,2.8,89,8.1,6.4,2.3,1.5,4,No,Single,2.5,0.1,13,1,4,100,96
18,Female,3,3.27,2.6,79,7.2,6.2,3.8,0,2,No,Single,4.8,0.7,6,3,0.6,90,80
27,Female,3,4,4.2,97,8.6,2.6,2.9,3.1,2.3,No,In a Relationship,2.6,2.1,6,2,6.2,100,100
26,Male,1,3.02,2,82,7.3,7.3,5,0.5,4,No,In a Relationship,3.7,0.6,9,2,6.8,87,86
27,Female,1,3.68,4,100,5.2,6.6,3.9,2,6.3,Yes,In a Relationship,6.5,1.3,9,1,5,100,88
27,Female,3,4,4.6,100,8.7,6.6,3.8,3.1,7.2,Yes,Single,2.8,0.7,11,1,3.5,100,91
23,Female,4,4,5.3,100,5.9,3.2,0.4,1.6,3.9,Yes,In a Relationship,2.1,0.8,5,2,5.7,100,91
19,Male,2,3.79,3.3,93,8.5,4.6,2.4,0.4,2.8,No,Single,3.3,0,17,0,3.5,100,89
18,Female,2,3.7,3.2,93,6.9,3.3,1.2,0.6,5.6,Yes,In a Relationship,4,2,13,0,4.9,100,100
26,Male,4,3.63,2.2,76,8.4,5.1,2.5,1.9,5.3,Yes,Single,4.2,2,14,1,2.9,100,100
27,Male,2,3.82,2.3,86,8.4,2.8,1.8,0.4,4.8,No,Single,1.4,2,10,2,5.2,100,95
26,Male,4,3.7,3.2,89,7.5,2.9,2.2,1.3,0,Yes,Single,3.5,0.8,17,2,3.3,100,98
26,Female,4,4,4.1,100,7.6,7.5,4.4,1.6,5.4,No,Single,4.2,1.5,14,1,2.4,100,100
26,Male,3,3.92,4.9,100,7.5,6.6,3.5,1,3.7,No,In a Relationship,4,3.2,13,4,2.5,100,97
23,Male,2,2.57,2.3,68,4.6,8.4,4.3,0,1.2,No,In a Relationship,4.3,1.5,17,0,2.6,81,89
19,Male,4,4,5.7,100,7.1,3.1,0.4,1.9,1.7,No,Single,1.9,0,4,2,2.7,100,91
28,Female,2,2.96,3.1,77,5.7,4.5,2.9,2.2,4.2,No,Single,3.3,0.3,13,5,4,100,88
19,Female,4,4,3.5,100,7.2,5,4.3,0.3,0,No,In a Relationship,3.4,0.3,9,0,5.5,91,100
18,Female,3,3.2,2.4,67,5.6,7,5.1,1.9,2.7,No,In a Relationship,5.1,2.5,8,1,1.2,99,80
21,Male,2,3.23,0.5,87,5.6,4,0.5,0.8,1.7,No,Single,5.1,1.6,16,2,0,100,98
21,Female,2,4,4.8,100,8.9,7,2.3,0,1.5,No,In a Relationship,2.8,0,19,0,3.1,100,93
21,Female,2,4,4.6,98,8.3,7.5,4.4,0.8,2.1,Yes,In a Relationship,5.5,2.5,18,3,3.5,100,100
19,Female,3,3.47,3.1,82,7,4,2.5,0,0,No,In a Relationship,4.6,1.8,12,1,4.5,86,90
23,Male,1,4,3.6,100,7.2,3.3,1.4,1.7,5.1,Yes,Single,2.8,1.4,10,0,6,100,91
21,Female,3,4,4.3,100,6.7,2.5,0.5,2.5,0,Yes,In a Relationship,2.2,2.7,18,2,4.3,99,100
28,Female,2,2.89,1.2,88,7.7,3.9,1.4,5.2,3.3,No,In a Relationship,4.4,1,7,2,5.9,62,88
21,Female,1,3.52,2.7,89,6.2,4.6,0.3,3.3,1.3,No,In a Relationship,3.8,2.6,20,1,4.1,100,100
22,Male,4,4,4.7,100,8.2,7.3,2.9,3.1,7,No,In a Relationship,1.3,0,10,0,0.2,100,89
25,Male,1,3.24,1.6,88,6.7,6.9,4.1,0,3,No,In a Relationship,5.1,0.5,12,1,3.2,100,88
19,Male,1,4,3.9,100,6.5,4.1,0.9,1.9,0,No,Single,3.5,2,9,2,3.5,100,97
27,Female,2,2.64,1.5,70,7,5.2,3.2,2.1,4.1,No,Single,4.1,2.9,12,2,3.7,78,83
27,Female,1,3.15,4.2,98,6.3,5,4.1,0.8,0.8,No,In a Relationship,5.5,0,7,0,5.7,99,89
19,Male,1,3.85,3.4,99,7.4,7.9,2.8,0,5,No,Single,4.7,0.8,10,2,4.9,100,88
27,Female,3,3.06,1.1,93,6.4,1,0.4,2.1,4.2,No,Single,2,1.4,13,2,4.6,80,87
28,Male,3,4,5.2,100,7.6,4.2,3.4,0,5.9,No,In a Relationship,4.1,0.3,11,0,3.8,100,100
24,Male,1,3.4,2.4,97,8.5,7.9,2.7,1.1,3.4,No,Single,4.8,0.9,1,0,4.2,100,96
20,Male,3,2.96,2.3,88,6.1,5.6,2.6,2.2,4.6,No,Single,6.5,2.8,24,2,3.1,80,93
24,Female,4,4,3.8,85,6.8,3.6,2,1.9,3.1,No,Single,4.8,0.2,20,3,3.3,95,86
19,Male,1,4,5.2,100,7.6,6.7,2.9,1.9,1.8,No,Single,4.5,1,6,1,0.2,100,94
21,Female,1,3.41,2,81,6.5,7.5,3.6,1.2,5.1,No,In a Relationship,4.4,1.5,9,2,6.2,100,83
20,Male,2,2.93,3.6,100,7.6,7.8,6.4,0.5,0.5,No,In a Relationship,7.4,1.7,11,2,3.7,93,85
23,Female,4,3.91,4.1,87,7.7,5.4,3,0.8,2.9,No,Single,3.6,0.3,15,1,5.3,100,100
28,Male,4,3.5,4.5,89,8.3,9.2,5.1,0,1.9,Yes,In a Relationship,5.6,1,14,2,1.2,100,89
25,Male,2,3.83,3.8,98,6.3,5.3,3.3,0,4.7,No,Single,6.4,0.9,7,2,2.4,100,91
21,Female,4,3.37,2.9,99,5.9,6,2.7,2.5,1.1,Yes,Single,4.7,1.5,24,2,2.5,97,90
28,Female,2,3.06,2.3,82,6.6,7.7,3,1.4,2.2,No,Single,2.4,0,10,2,7.4,88,79
22,Female,3,3.56,3.6,94,5.8,1.1,1,3.1,3.1,No,In a Relationship,2.9,2.5,21,1,4.6,100,83
20,Female,2,3.49,1.9,84,7.7,5.9,3.3,1,6,Yes,In a Relationship,3.7,1.5,9,5,5.1,100,93
23,Female,4,2.6,0.5,71,5.6,3.3,0,4.1,1.9,No,In a Relationship,2.8,2.3,17,1,3.6,66,84
25,Female,1,4,4.2,100,9.8,2.3,1.5,1.3,2.2,No,In a Relationship,2.4,0.6,14,2,3,100,97
27,Female,3,4,4.9,100,8.6,5.4,3,3.2,0.3,No,Single,3.8,0,8,1,6.1,100,100
26,Male,2,2.78,0.5,74,7,8.9,4.6,2.7,1,Yes,Single,5.8,0.2,15,5,3,80,73
27,Male,1,3.47,2,70,8,7.1,4.9,2.2,3.8,No,In a Relationship,3.5,1.9,13,1,7.8,88,83
23,Female,1,3.79,4.4,100,5,3.6,2.4,3.3,3.1,No,Single,4,0.8,17,0,9,100,94
25,Female,4,4,6.6,100,10,7.4,3,3.2,3.1,Yes,In a Relationship,4.5,0,8,2,0,100,100
22,Female,1,3.36,3.5,80,6.3,7.8,4.3,1.2,6.5,No,Single,3.7,1.4,12,3,5.3,100,88
23,Female,3,3.83,2.4,100,6.9,3.7,0.8,1.3,0,Yes,In a Relationship,4.6,0.9,16,2,4.8,100,100
18,Female,1,3.21,3.2,86,4.8,6.3,3.4,2.1,7.6,No,In a Relationship,4.2,0.9,3,1,1.9,100,83
28,Male,2,4,5.6,100,7.6,5.8,1.6,3.6,5.4,Yes,Single,2.9,0,6,2,1.4,100,85
25,Female,4,3.07,2.5,74,5.7,5.9,2.5,2.2,2.3,Yes,Single,5.3,0,12,1,4.4,100,79
28,Female,2,3.57,2.3,83,7.1,5.9,2.1,3.6,3.8,Yes,In a Relationship,1.7,0.7,13,2,1.4,100,95
23,Female,2,2.9,2.8,88,6.3,5.7,3.5,2,1.6,No,Single,5.3,0.3,12,3,4.4,100,82
22,Female,2,3.15,2.1,83,5.7,4.3,3.6,0.6,3.6,No,In a Relationship,5.3,0.6,16,1,5.4,80,85
22,Male,1,3.44,3.7,92,6,7.8,4.1,0,7.3,Yes,In a Relationship,4.9,2,11,4,7.9,100,84
23,Female,3,4,5.9,95,7.3,7.6,3.3,2.3,1.7,No,Single,4,0.1,17,1,4.4,100,97
27,Female,1,3.59,4,94,5.5,5.8,3.1,0.8,2.5,No,Single,4.8,0.3,14,1,4.4,99,100
21,Male,4,3.48,3.1,85,6.1,9.7,5.6,2.5,1.5,No,Single,3.4,0.7,6,3,5.3,92,80
20,Female,3,4,3.1,99,7.8,3.1,0.5,1.8,1.8,No,Single,2.4,0.2,13,1,2.8,100,98
19,Female,2,3.18,1.2,78,10,8.2,5.3,0.9,2.2,Yes,In a Relationship,4.4,1,12,0,4.2,90,87
19,Male,3,4,4.8,94,7.6,7.5,2.4,0.3,0.8,No,In a Relationship,5.6,2.2,9,3,5.6,100,94
20,Female,2,3.58,3.4,81,5.9,6.4,3.7,0.9,2.5,No,In a Relationship,6.8,0.9,4,0,3.4,100,78
19,Male,1,3.74,3.2,100,6.6,4.9,2.3,0.1,3.1,Yes,In a Relationship,3.6,1.5,6,2,5.4,100,100
28,Male,1,4,8.3,100,7,2.5,1.7,0.3,2.2,No,Single,4.7,0,8,3,4.9,100,96
22,Male,1,3.33,3.9,88,6.6,7.3,3.5,0,0,No,In a Relationship,4.9,1.3,17,3,2.9,100,87
19,Male,1,3.63,2.4,82,8.1,6.5,4.4,0,2.7,Yes,Single,2.8,2.7,10,1,5.8,92,97
23,Male,1,3.47,2.9,78,7.3,6.7,3.5,1.7,2.9,No,Single,4.9,1.3,18,4,4.2,85,85
22,Male,3,4,5.2,100,8.1,4.6,2,4.1,6.8,No,In a Relationship,4.4,1.3,7,2,4.7,100,99
22,Male,3,3.52,3.7,73,6.6,10.5,8,1.8,3.1,No,In a Relationship,5.9,1.5,8,2,4.8,86,92
21,Female,4,3.41,1.3,86,8.6,7.5,4.6,1.8,4.9,Yes,In a Relationship,2.9,2.8,9,1,5.5,100,100
26,Female,3,3.71,4.9,89,6.8,7.2,4.2,3,2.1,Yes,Single,4.9,2.6,11,4,3.2,100,95
27,Male,3,3.46,2.5,82,5.8,6.7,2.3,1.7,5.6,Yes,Single,3.6,0.2,13,1,2.7,91,94
20,Female,2,4,6.3,100,9.6,6.7,1.9,1.7,1.1,Yes,In a Relationship,5.8,2.4,15,1,4,100,84
25,Male,1,3.62,5.1,100,4.8,6.2,2.4,0,4,Yes,In a Relationship,5.5,2.6,18,2,2.9,100,100
27,Female,3,3.12,2.8,81,6.1,8.9,4.4,1.5,4.7,No,Single,4.8,0,1,3,0,80,83
24,Female,2,3.69,5.4,100,6.2,5.3,1.3,0.7,4.4,Yes,In a Relationship,1,1.2,22,1,0.7,100,100
21,Male,4,4,3.6,100,10,4.8,1.2,1.3,7.3,No,Single,1.4,1.7,7,0,5.4,97,100
18,Female,3,4,4.8,100,9.2,8.3,3.6,0.8,1.8,No,Single,5.7,0,13,2,3.7,100,99
21,Female,2,4,4.2,99,8.8,4.7,3.3,0.8,5.8,Yes,Single,3.2,0.5,17,0,3.1,100,96
20,Female,2,2.82,2.2,71,6.6,3.8,1.6,1.2,5.3,No,In a Relationship,4.1,0.5,15,2,4.3,99,81
19,Female,2,3.64,2.5,96,9.9,3.2,1.2,1.7,3.1,Yes,Single,2.8,0.6,18,0,5.6,100,99
26,Female,2,4,5,100,7.4,7.6,5,0.3,6.7,No,In a Relationship,3.6,2.2,17,2,4.7,100,99
23,Male,3,3.63,3,80,8.2,7.1,3.3,1.1,2.7,No,In a Relationship,5.6,1.1,14,3,6.9,93,92
20,Male,1,4,2.9,87,7.2,2.5,0.8,1.4,3,No,In a Relationship,3.4,1.6,16,1,0.1,100,98
19,Male,3,3.63,2.1,87,6.9,4.5,0.9,1.7,3,No,In a Relationship,2.6,1.3,6,5,5.2,100,86
23,Male,2,3.64,4.1,100,6.7,4.6,2.3,3,0.5,No,Single,4.5,3.7,8,1,5.1,100,96
23,Female,3,4,6.6,100,6.7,6.5,3.9,2.9,4.5,No,In a Relationship,5.7,2.2,7,2,3.9,100,100
27,Male,1,3.15,1.9,73,7.7,6.9,3.7,2.9,4.2,No,In a Relationship,2.5,1.2,1,1,6.2,100,77
21,Male,2,3.64,3.5,91,7.4,9.5,4.5,2.5,2.8,Yes,Single,4.9,0.9,7,3,4.3,100,88
26,Male,1,4,5.6,100,7,2.7,0.6,5.1,6.5,Yes,In a Relationship,2.6,0.5,7,0,3,100,100
25,Male,2,3.52,3.4,94,8.8,6,3.1,1.7,2.1,No,Single,2.2,0.2,7,1,5.9,97,100
25,Male,4,3.43,4.2,100,3.5,6.6,4.9,0.2,0,Yes,In a Relationship,7.5,0,15,1,0.7,89,80
27,Male,1,2.81,1.9,79,7.6,6.9,4.8,3.9,6.8,No,In a Relationship,4.2,2.2,8,1,5.4,79,95
20,Female,1,3.95,4.1,100,7.9,5,3.3,1.7,5,Yes,Single,4.4,0.3,16,2,4.8,100,100
21,Female,2,3.72,3.2,77,8.4,9.6,6.3,3.7,4.3,Yes,Single,5.9,1.8,4,3,5,95,100
26,Male,4,4,5,95,6.9,7.2,3.7,1.3,2.3,Yes,Single,4.5,0.7,9,1,4.8,100,94
22,Male,4,3.68,5.3,96,7.2,8.2,4.4,3.6,3.7,No,Single,3.9,0.4,10,1,8.5,100,100
22,Female,1,4,7.4,100,8.2,5,2.9,4.7,0.5,No,In a Relationship,2.8,0.9,18,7,3.5,100,100
28,Female,2,4,4.4,91,8.8,5.2,1.6,0,2.5,No,In a Relationship,2.4,3,12,4,4.9,100,97
26,Male,4,4,4,100,6.6,4.6,1.5,0.4,1.2,Yes,Single,4.1,4.2,13,2,8.8,100,98
24,Male,4,3.71,3.8,98,7.3,6,3.1,2.5,3.5,No,In a Relationship,3,0.8,7,2,2.2,100,96
18,Male,1,3.43,3,86,9,4,2.5,2.8,4.8,No,In a Relationship,3.5,0.7,16,0,4.6,100,90
23,Male,3,4,4,91,4.5,3.3,0.1,1.7,0.9,Yes,In a Relationship,3.4,2.2,12,0,4.6,100,96
19,Male,2,3.77,3.1,92,6.2,4.5,1.3,1.7,4.4,No,In a Relationship,1.7,1.4,3,4,4.6,100,100
27,Male,3,4,3.8,100,8.8,5.4,2.3,0.5,3.4,Yes,In a Relationship,2.6,0.5,16,2,4.3,96,100
27,Female,2,4,5.5,100,8.3,7.4,3.9,3.1,4.4,No,Single,4,1.7,13,1,4.2,97,100
21,Female,2,3.2,2,93,7.6,6.6,2.8,3.1,2.5,No,In a Relationship,2.7,2,10,1,2,99,87
22,Female,1,4,5.2,99,6.5,4.4,2.7,2.4,4.4,No,Single,3,1,10,4,1.5,100,100
26,Female,2,4,5.5,100,5.9,4,1.3,0,1.6,No,In a Relationship,3.5,1,7,2,2.5,100,93
22,Male,2,3.04,3.3,82,6.3,6.4,2.8,1.8,0,No,Single,4.4,2.9,18,2,4.8,95,96
23,Male,2,3.2,0.5,84,8.9,7.5,4.8,1.3,0.1,No,In a Relationship,5.1,0.4,16,1,3,84,95
21,Male,3,3.15,2.6,87,6.2,7.2,3,1.4,2,No,In a Relationship,5.3,0.7,7,5,3.1,95,94
25,Male,3,4,5.4,100,7.1,3.6,0.5,0,0,Yes,Single,3.2,0.7,12,1,0.3,100,88
23,Male,2,3.8,3.5,92,6.1,1.6,0.9,0.8,6.1,Yes,In a Relationship,2,2.9,8,1,1.9,100,94
28,Male,4,3.65,2,91,8,7.7,3.7,1.7,2.8,Yes,In a Relationship,4.3,0,6,1,4.9,100,93
23,Female,2,3.58,2.7,93,6.4,5.4,2.5,1.7,4.8,No,Single,4.3,2,20,2,3.6,100,94
19,Female,3,4,4.8,100,6.9,3.6,2.7,1.4,4.6,No,In a Relationship,5.4,1.2,10,1,7.2,100,100
24,Female,3,3.7,4.3,86,5,4.6,1.9,0.8,3,No,Single,5.6,3,8,0,4.7,100,84
21,Male,3,3.53,3.1,85,5.1,5.1,3.6,1.7,10,No,In a Relationship,2.4,1.6,6,3,8.1,98,99
20,Female,2,3.92,2.9,98,7,6.2,2.3,0.3,8.9,No,Single,2.5,0,11,4,4.2,100,100
20,Female,2,3.57,2.9,79,5.4,5.5,2.5,2.1,5.8,No,Single,4.4,2.8,1,3,1.6,98,100
28,Female,2,3.82,2.1,95,9.5,3.4,1.5,2.2,1.2,Yes,In a Relationship,2.2,1,11,0,4.7,100,93
18,Female,3,4,5.9,100,4.5,8.2,4.2,0.5,5.9,No,In a Relationship,4.6,0,18,1,1.4,100,100
22,Female,4,3.55,3,94,6,6.1,2.5,2.7,0,Yes,Single,5.6,0.8,17,1,3.1,100,100
23,Male,3,3.59,5.3,100,7,6.4,3.7,0.5,5.8,No,Single,4.1,1.2,14,2,4.1,100,92
26,Female,4,3.91,5.8,100,6.6,2.5,1,1.8,0,No,Single,4.1,0.2,24,2,4.5,100,96
21,Female,1,4,5,99,5.7,7.4,5.4,2.6,2.4,No,Single,5,0,13,1,2.2,100,88
28,Male,4,3.45,2.9,92,5.9,6.7,4.7,1.5,5.4,No,Single,3.3,1.5,7,1,4.8,100,87
20,Female,1,3.92,4.1,95,5.8,3.9,0,0.8,3.8,Yes,In a Relationship,2.9,0,16,2,3.2,100,79
19,Female,3,3.59,3.5,97,6.7,2.6,1.6,1.5,0,No,In a Relationship,4.2,0.2,13,5,5.5,93,91
25,Female,2,3.93,2.1,96,9.3,6.4,3.5,2.4,3.3,Yes,In a Relationship,2,2.6,12,2,0.3,100,99
22,Male,3,3.93,4,94,7.1,3.5,0.8,2,3.8,No,In a Relationship,3.1,0.9,13,1,3,100,89
22,Female,4,2.71,1.7,78,8.4,6.8,2.6,0.9,3.4,No,In a Relationship,3.8,0,10,1,0,84,89
26,Female,2,3.67,5.3,100,7.6,6.7,3.4,1,2.2,No,Single,3.6,0.3,21,3,5.8,98,94
23,Male,1,3.86,2.8,100,8.3,6.1,2.5,1.5,4.7,No,Single,3.6,1.6,4,1,7.9,100,98
27,Male,3,3.12,3.8,86,3.6,6,3.6,2.6,5.3,No,Single,5.4,1.6,16,3,1.3,100,96
27,Female,4,3.63,3.9,98,6.6,3.3,1.8,2,2.7,Yes,Single,3.6,1.9,13,0,0.6,100,98
21,Male,4,4,3.1,100,8.6,2.6,0,1.3,6,No,Single,1.4,2,14,2,3.8,89,97
22,Male,2,3.84,4.4,91,6.3,8.2,4.3,1.1,2.7,No,In a Relationship,4.6,1.5,10,5,2.6,100,94
28,Male,3,4,2.8,100,9.1,8.2,4.3,0,2,No,In a Relationship,3.3,1.8,20,2,3.2,100,93
28,Female,4,3.86,4.8,91,8.8,9.1,6.6,4.4,5.7,No,In a Relationship,4.8,0.7,16,0,2.2,100,99
24,Male,2,3.57,1.5,84,6.4,2,0,1.1,5.6,No,In a Relationship,1.8,0.1,8,1,3.6,100,79
26,Male,4,3.31,3.7,92,6.4,5.6,3.9,0.6,1.8,No,Single,4.2,2.6,18,1,4.3,100,87
19,Male,1,4,6.4,99,5.8,2.8,0,3.2,1.5,Yes,In a Relationship,4.2,2.1,14,3,4.4,100,93
27,Male,4,2.38,2,69,6.2,8.6,5.4,0.9,6.5,No,In a Relationship,4.4,0.9,9,1,6,85,73
26,Female,3,3.15,2.5,71,5.5,8.3,3.5,1.9,2.8,No,Single,5,0.5,4,2,4.4,95,82
21,Male,4,4,4.3,100,7.5,4.5,1.4,1.3,3,No,In a Relationship,1.6,3.5,16,2,4.2,100,97
25,Male,3,3.29,3.8,76,5.3,7.7,4,1.1,2.5,No,Single,4.7,0.3,8,0,6.3,91,79
25,Male,1,3.87,4,100,7.7,4.1,2,2.2,5.6,No,In a Relationship,4.7,1.4,15,0,3.1,100,100
24,Male,3,3.88,4.2,89,7.8,6.4,3.3,2,7.3,Yes,In a Relationship,1.3,0.5,19,0,4,100,87
18,Male,4,3.62,4.5,100,5,6.3,3.1,0.2,3.1,No,Single,6.6,0.8,8,5,1.4,100,100
26,Female,3,4,5.2,92,8.9,8.2,5.4,1.2,7.8,No,Single,3.7,0.4,19,0,5,100,88
25,Female,3,3.98,4.1,96,7.6,8.5,5.5,2.4,1.9,No,In a Relationship,4.6,0,6,1,1,100,83
20,Female,1,4,3.1,100,7.9,5.1,1.9,2.1,2.4,No,Single,3.3,1.6,19,0,5.1,100,100
25,Female,2,3.68,4.5,99,6.1,8,4.4,1.3,4.3,No,In a Relationship,6,1.9,21,5,8.2,100,100
24,Male,4,4,6.3,100,7.7,7.7,3.3,0.3,1.4,Yes,In a Relationship,2.1,0.5,16,1,1.2,100,96
28,Male,1,3.9,3.3,100,8.4,1,0.7,3.2,4.3,No,Single,3.9,3.8,14,1,6.5,97,100
26,Male,3,3.5,2,89,6.9,6.1,1.8,2.4,2,Yes,Single,4.2,1.5,16,4,4.4,92,91
26,Male,2,3.87,5.2,84,9.4,7.2,6.3,4.9,0,Yes,Single,6.2,1.4,10,0,3.9,100,100
20,Female,4,3.83,3.3,92,7.1,6.7,3.3,1.6,0,No,Single,3.1,1.6,5,0,1.4,100,97
22,Female,3,2.96,0.5,94,8.4,10.1,4.3,2.3,2.4,No,Single,4.1,0.6,8,2,5.5,78,76
22,Female,2,4,4.8,100,7.4,5.4,2.5,1.9,3.8,Yes,Single,1.3,0.2,23,2,5,100,100
18,Female,2,3.51,2.7,86,7.7,5.2,2,0,0.3,Yes,In a Relationship,5.2,0.4,6,3,1.3,85,85
18,Male,1,3.5,3.4,93,5,5.4,2.8,1.9,3.4,No,Single,3.7,0.7,17,1,3.7,98,93
26,Female,1,4,4,95,7.4,6.2,2.4,0,3.4,Yes,In a Relationship,2.7,1.8,11,0,2.9,100,100
18,Male,2,4,3.8,100,6.1,4,0.6,0.5,2.7,Yes,Single,1.6,0.8,10,1,4.6,100,95
27,Female,4,3.99,4.6,95,6,3.5,1.3,1.9,1.1,No,Single,4.6,1.8,20,4,4.8,100,100
18,Female,3,3.68,2.8,100,9.1,6.8,3.9,1.5,3.5,No,Single,3.7,0,12,2,1.4,100,100
21,Male,4,4,4.3,100,6.7,3.9,2.2,0,2.7,Yes,Single,3.2,0.6,17,0,2.6,100,99
26,Male,2,3.39,3.1,93,5.8,5.7,2.8,1.8,5,No,Single,4.4,0.5,24,1,2,92,79
26,Female,3,3.67,4.6,100,6.6,5.7,3.2,0,0.4,No,Single,4.1,0,11,2,2.2,100,86
20,Female,1,3.71,4.4,100,5.4,6.5,3.3,2.4,3.2,No,Single,3,0.7,14,1,4.8,100,100
25,Male,4,3.71,2.1,91,8.7,6.6,4.5,1.4,0.5,Yes,Single,4.3,0.2,16,2,4.2,100,87
24,Female,2,4,5.1,100,6.2,3.9,1.2,3.1,2.5,Yes,In a Relationship,5.5,1.7,10,2,5.3,100,95
19,Male,1,3.54,2.7,92,7.6,6.7,3.7,0,0.8,Yes,In a Relationship,5.6,1.9,14,2,3.8,100,100
25,Male,2,3.63,4.7,100,8.6,7,3.9,0,1.2,No,Single,4.8,0,18,0,6.6,100,97
28,Female,4,3.32,4.1,87,6.4,7.6,4.3,2.9,3,No,In a Relationship,5.1,1,16,1,4.4,100,89
24,Female,3,4,6.3,100,7.6,3.5,0.7,3.2,1.9,Yes,In a Relationship,2.9,0,13,1,3.7,100,100
21,Female,2,3.6,3.2,91,5.8,5.3,3.2,4.8,5.9,No,Single,4.8,1.5,1,2,4,100,95
26,Female,1,3.72,3,95,9.9,8.5,5.4,1.9,5.4,No,Single,4.2,0.5,5,3,2.5,96,100
23,Male,1,3.54,3.5,95,8.1,5.5,2.7,1.9,4.6,No,In a Relationship,3.2,0.7,21,2,2.7,94,87
28,Male,1,3.49,3,84,6.8,7.7,3.5,1.9,4.6,No,In a Relationship,4.3,1,7,0,5,98,100
26,Female,2,3.96,4.7,96,6.1,8.4,4,2.5,3.3,No,In a Relationship,3.2,1.5,18,3,4.3,100,97
24,Female,2,3.22,1.1,78,6.9,2.7,1.3,1.5,5.6,No,In a Relationship,2.5,1.3,6,5,7.6,100,90
25,Female,1,2.83,1.9,78,6.6,9.3,5.6,0,2.4,Yes,Single,4.3,1.6,7,2,7.1,87,79
26,Female,1,3.75,1.9,83,9.3,7.5,3.5,1,7.2,No,In a Relationship,1.5,1.9,15,0,1.8,89,97
18,Male,1,3.65,4.9,100,5.5,5,3.6,0.9,1.1,No,In a Relationship,5.8,1.1,20,1,3.6,100,98
21,Female,3,4,6.1,100,7.2,4,0.3,0.8,0.7,No,Single,2.2,0.2,15,1,6,100,99
18,Male,1,2.88,3.3,84,7,8.1,4,2.5,0.2,No,In a Relationship,5.9,0,14,3,6,97,92
23,Male,2,3.42,3.2,88,6.9,5.5,3.6,3.8,0.6,No,Single,5.9,0.4,5,6,5.4,100,96
22,Male,4,3.1,3.6,80,6.9,7.9,5.2,1.4,0,Yes,Single,5.6,1.4,1,1,4.9,100,97
28,Male,1,4,5.2,100,6.9,5.5,2.3,0.1,3.4,No,In a Relationship,3.2,0,10,3,3.2,100,96
28,Male,3,3.64,2.1,93,8,5,1.3,1.1,4.7,No,Single,3.8,2.3,13,1,5.6,100,100
22,Male,2,3.96,3.9,99,7.7,3.6,1.8,0.1,3.1,No,In a Relationship,4,0.1,12,2,4.8,100,100
19,Female,2,3.86,5,100,7.5,6.4,2,1.4,0.2,No,In a Relationship,5.3,1.1,23,3,4.7,100,90
18,Male,1,3.42,4.3,93,3.5,1.7,1.1,0,2.1,No,In a Relationship,3.7,2.7,4,4,6.9,100,87
19,Male,3,3.67,3.8,92,7.4,9.3,4.7,1,4.7,No,Single,4.1,1,10,3,3,99,94
19,Male,3,3.21,5,90,5,8.5,4.8,2.5,2.3,Yes,In a Relationship,5.5,0.1,20,0,6,95,97
24,Female,3,3.15,0.5,67,7.8,4.8,2.5,1.5,1.4,No,Single,4.2,0,15,4,0,81,89
18,Female,3,4,4.5,100,8.8,6.2,2.2,2.1,0,No,Single,4.4,1.6,7,1,4.9,100,100
19,Male,4,3.87,2.5,98,5.9,1.8,0.1,2.2,2.2,No,Single,3.7,1.5,1,1,2.3,100,95
23,Female,4,2.91,0.8,64,6.7,6.9,3.8,0.2,1.6,No,In a Relationship,6.2,1.8,10,2,3.6,79,79
25,Female,1,3.7,4.3,90,6.3,8.6,5.3,1.4,2.8,No,In a Relationship,5,1.3,7,4,3.6,96,99
24,Female,4,4,5.6,100,8.5,5.1,1.8,2.9,4,No,In a Relationship,1.9,0.7,10,4,7.2,100,98
24,Female,4,3.73,3.3,98,7.1,4.6,2.6,1.8,2.4,No,In a Relationship,3.4,0.4,23,1,3.3,99,94
24,Female,4,4,4.9,100,9.1,5.9,3.5,2,3.4,No,In a Relationship,2.7,1.2,7,1,4.8,100,96
22,Female,3,4,5.9,100,7.5,8.6,5.4,1.2,3.9,No,Single,4.3,2.2,9,2,5.6,100,100
20,Male,3,4,5.5,100,7.3,5.2,3.1,0.3,0.5,Yes,In a Relationship,4.3,0,17,1,2.2,100,100
28,Female,1,4,6,100,7.1,6.4,3.1,1.3,6.8,No,In a Relationship,3.2,2.1,13,0,3.9,100,100
22,Female,2,3.92,4.6,100,8,5.4,3.1,1.8,1.5,No,In a Relationship,4.4,0.9,19,0,5,100,94
18,Female,3,3.63,3.6,94,4.9,4.9,0.7,1.5,4,No,In a Relationship,3.3,1,16,1,4,100,97
24,Male,2,3.12,1.1,77,7.1,5.5,0.6,1.3,0.7,No,In a Relationship,4.7,1.9,9,2,6.9,83,91
23,Female,4,3.7,3.1,85,6.9,4.2,1.6,1.4,3.2,No,In a Relationship,1.6,1,15,2,3.4,90,90
18,Female,4,3.56,2.2,94,7.9,8.4,4.3,2.4,3.3,No,In a Relationship,2.1,1.4,13,2,4.5,100,96
21,Male,3,4,6.8,100,6.8,5,2.3,1.3,6.3,No,Single,4.3,0,3,2,5.5,100,95
19,Female,1,3.57,3.2,92,5.8,3.9,2,0.3,2.5,No,Single,5.2,0.9,23,4,4,86,100
19,Female,2,4,3.7,100,7,4.5,2,0.8,5.6,Yes,In a Relationship,4.5,1.7,7,3,4.6,100,99
20,Female,4,3.71,4.3,90,5.7,5.7,2.6,2.8,3.6,No,In a Relationship,5,0.8,11,2,4.1,100,100
23,Female,4,3.27,3.6,84,4.7,6.3,5.4,1.7,6.7,No,In a Relationship,5.2,0.9,10,1,3.6,100,86
27,Female,1,4,6,100,7.9,6.4,2.6,0.1,0,No,Single,4,1.4,13,1,1.6,100,93
28,Female,2,3.23,2.6,66,7.7,4.7,1.6,2,4,Yes,In a Relationship,1.5,1.6,13,3,2.7,97,100
22,Female,3,3.83,3.8,96,7.6,7,2.8,0.5,0,No,Single,4.6,2.7,15,4,2.6,100,100
24,Female,4,3.39,2.4,71,8.6,9.1,5.4,1.6,2.9,No,In a Relationship,3.1,1.6,10,1,4.6,100,88
28,Female,4,3.26,1.5,87,6.2,5.1,2,2.8,5,No,In a Relationship,6.1,2.6,17,2,8.2,89,84
26,Male,4,3.34,2.6,80,5.3,3.6,1,0.5,5.9,No,Single,2.3,1.1,9,1,5.9,91,91
23,Female,2,3.87,3.4,100,6.9,6.8,2,0.1,4.5,Yes,Single,3.4,0,9,4,4.7,100,100
18,Male,1,2.98,2.9,80,6.6,8.6,3,2.1,2.4,No,Single,5.9,0.8,3,1,7.2,100,85
20,Female,4,3.52,2.5,85,6,6.4,3.8,1.4,4.1,No,In a Relationship,4.2,0.4,13,4,2.2,100,88
26,Female,1,3.07,1.4,68,6.9,8.6,4.3,1.7,8,Yes,Single,3.3,1.1,20,1,2.7,86,79
25,Male,2,3.87,3.4,92,6.3,3.4,1.2,3,3.2,No,In a Relationship,1,0.9,11,1,2.9,100,87
24,Female,2,3.1,1.2,75,4.8,3.7,1.4,0.7,4.9,No,In a Relationship,2.6,1.5,21,3,4.6,98,79
19,Female,4,3.8,4.6,100,6.5,4.8,2.3,1.9,2.1,Yes,In a Relationship,4.8,0.5,7,2,2.2,100,91
21,Female,2,3.87,3.6,100,5.6,7.6,3.8,1.8,5.1,Yes,Single,6.2,1.4,5,1,6.7,100,93
26,Female,4,3.93,1.3,93,7.3,2.6,0.9,0,4.8,No,In a Relationship,2,1.6,19,0,2.4,100,100
24,Female,2,3.11,3,84,6.2,6.8,1.9,2.4,1.8,No,Single,4.4,1.2,11,1,1,92,85
26,Female,2,3.66,2.4,90,8.3,6,1.9,2.1,4.6,Yes,Single,5.6,0,7,2,4.9,100,94
19,Male,1,4,4,88,8.9,8,4.2,1.3,4.6,No,Single,4.2,2.1,13,1,3.1,99,84
20,Female,3,4,5.5,96,7.8,6.2,3.6,2.8,4.5,Yes,In a Relationship,4.8,1.8,14,1,4.3,100,93
26,Female,2,2.3,0.7,61,5.1,8.2,4.2,0,2.9,No,Single,4.5,1,17,3,7,65,79
25,Male,3,3.63,3.7,100,8.8,4.3,4.8,0.9,5.5,No,In a Relationship,5.3,0,10,1,6.5,100,90
21,Female,3,3.27,3.3,83,8.9,5.8,2.3,2.4,1.1,No,Single,2.9,1.5,5,1,6.4,84,85
27,Male,2,3.91,4.5,100,7,4.2,1,0.7,3,Yes,Single,2.5,0.7,11,0,7.8,98,91
18,Male,4,4,3.8,100,8.6,1.7,1,0.3,3.2,No,In a Relationship,4.2,0.7,12,1,3.6,100,100
26,Male,1,3.23,2.4,83,6.3,3.5,0,2,5.3,No,Single,2.1,1.1,18,2,3.4,94,100
28,Male,1,3.79,3,92,4.8,5.8,2.1,0.3,1.1,No,Single,4.9,2.7,4,4,5.1,98,100
22,Male,3,3.41,2.3,89,6.1,3,2.2,2.3,3.5,Yes,Single,5.7,1.3,10,3,6.1,95,89
24,Female,3,4,5.1,100,9.1,5.6,4,2.7,2,Yes,In a Relationship,3.1,1.1,13,0,3.6,100,100
21,Female,1,3.47,3.5,88,5.2,8.3,2.8,1.2,3.2,Yes,In a Relationship,4.4,0.7,20,2,4.5,93,90
18,Female,4,4,6.4,100,7,4.9,2.1,1.3,3.8,No,Single,3,1.2,9,2,1.1,100,93
28,Male,3,3.34,3.4,86,7,6.8,2.6,0.7,0.4,No,In a Relationship,4.2,1.2,8,3,1.8,100,90
22,Male,2,3.45,2.4,89,6.4,5.6,1.2,1.4,5.5,No,Single,3.2,1.8,15,2,2.4,94,86
27,Male,4,2.91,1.2,69,6.5,7.8,4.3,1,3.9,Yes,In a Relationship,6,0.7,1,2,5.1,84,78
28,Male,1,2.84,0.8,78,7.1,5.8,1.6,3.1,1.3,No,In a Relationship,5.5,0.4,9,2,1.5,74,84
20,Male,2,3.46,1.1,73,6.3,1.6,1.1,3.2,2.3,Yes,In a Relationship,3.9,0.8,15,2,5.8,100,95
24,Male,2,3.67,3.9,85,5.3,6.7,4,1.3,6,No,In a Relationship,3.8,1.1,14,4,1.7,99,98
21,Male,1,3.62,4.3,93,7.3,3,3.7,2.6,3.8,No,Single,4.8,1.2,13,2,5.2,100,97
27,Female,1,3.66,1.1,94,8.3,1.1,0.2,2.1,1.1,No,In a Relationship,3,1.2,4,1,4.1,93,91
19,Female,2,3.85,4.8,90,8,6.4,4.1,0.3,1.4,No,In a Relationship,4.6,0.2,6,2,6.5,100,97
26,Male,3,3.35,2.8,100,6,3.9,1.7,0,4.2,No,In a Relationship,2.7,1.1,19,1,5.7,100,85
21,Female,2,4,3.7,99,5.5,5.2,2.2,1,4.5,No,Single,2.4,1.9,12,2,2.3,100,96
19,Female,4,3.89,5.9,96,6.7,6.1,3.1,0.4,3.7,No,In a Relationship,4.1,2.5,11,3,3.1,99,97
26,Male,4,4,4.8,99,8.9,6.9,3.7,1.9,2.4,No,In a Relationship,2.8,2.2,8,2,2.8,100,95
22,Female,2,3.46,3.1,77,7.8,6.7,3.5,2.1,4.6,Yes,Single,3.2,1.1,12,1,4.4,100,92
21,Male,3,3.82,2.2,91,7.8,6.1,2.7,0.6,2.4,No,Single,5.4,1,10,1,6.5,100,100
24,Male,2,3.27,0.5,86,8.1,4,2.2,2.6,1.3,Yes,In a Relationship,3.7,2.4,16,3,0.5,86,100
18,Male,3,3.51,2.4,87,7.5,5.5,3.4,3.6,6.2,No,In a Relationship,4.6,1.1,7,0,6.4,100,95
26,Male,3,3.78,3.2,100,7.1,5.6,2.6,0.9,4,No,In a Relationship,4.1,2.1,16,1,4.5,100,100
22,Male,4,2.94,2,80,7.8,8.5,5.5,2,1.4,Yes,In a Relationship,5.8,1.2,20,3,3.3,87,84
28,Male,1,3.73,3.3,96,6.3,5.4,3.7,2.2,3.3,Yes,In a Relationship,4.1,0,15,2,3,95,100
22,Male,1,3.61,3.6,95,5.3,5.7,1.4,1.5,3.1,No,In a Relationship,5.2,1.9,6,2,5.6,100,100
21,Female,4,3.71,3.2,94,7.9,6,2.1,3.6,2.3,No,Single,3.9,2.2,16,3,4.6,100,100
22,Male,3,3.58,2.5,95,8.5,4.9,2.9,2.4,3.5,Yes,In a Relationship,3.2,0.9,10,4,8.8,96,81
21,Female,4,3.35,3.8,87,5.7,7.4,4.7,2.4,1.1,No,In a Relationship,6,0,9,2,2.3,100,100
22,Male,3,4,4.2,100,8,10.3,4.9,1,4.7,No,Single,3.5,2.7,13,2,6.4,100,91
18,Female,1,3.36,1.9,84,9,5.4,2.2,2.7,3,No,In a Relationship,2.8,1.1,11,2,4.1,85,98
19,Female,2,4,5.6,100,7,4.9,1.4,1.1,0,Yes,Single,4.1,0.9,10,3,1,100,94
28,Male,4,3.78,3.4,88,6,3.5,1.2,2.4,2.5,No,Single,3.4,1.6,15,2,4.5,100,98
24,Male,4,3.55,3.5,80,7.1,5.8,3.2,0,1.8,No,In a Relationship,6,3.9,13,1,2.9,93,86
22,Female,3,3.64,4.6,95,6.3,11.1,6.3,2.4,0,No,In a Relationship,5.9,1.7,2,0,5.8,100,94
20,Female,4,3.65,3.8,78,6.3,6.7,3.6,2.4,2.7,No,In a Relationship,6.8,1.4,17,0,7.1,100,92
24,Male,4,4,4.9,100,7.5,3.3,0.4,1.9,5.1,No,Single,2.6,1.3,18,2,3.7,100,94
28,Male,4,3.89,3.9,91,5.1,4.7,1.7,0,2.8,Yes,Single,4.1,2.9,15,5,6.2,100,97
22,Male,3,3.77,2.6,84,5.3,8,1.9,2.7,4.4,Yes,In a Relationship,3.5,1.7,15,5,4.7,100,92
19,Male,1,4,4,96,7,4.6,1.6,3,3,No,In a Relationship,4,2.1,11,1,6.5,95,100
19,Male,1,3.27,1.8,83,7,4.2,2.2,0,2.1,No,Single,4.9,1.5,6,2,0.2,100,75
24,Male,4,3.61,3.7,97,7.4,5.6,3.4,2.7,1.5,No,In a Relationship,1.9,1.7,13,1,5.8,100,95
18,Male,3,4,3.5,89,9.3,7.7,3.8,0.1,0.4,Yes,Single,4.2,0.9,20,2,8.3,98,94
21,Female,3,3.24,3.2,67,7.1,5.7,4.4,0.7,4.9,No,In a Relationship,2.3,1.4,13,3,8.3,92,80
20,Female,4,3.66,3.3,82,7.7,7.1,3.6,1.2,4.5,No,Single,4.8,0.5,20,3,5.6,100,96
22,Male,3,3.23,0.7,73,5.8,2.1,0,2.8,2.4,Yes,Single,4.5,0.7,21,6,4.4,84,84
18,Female,3,4,2.7,95,7.9,2,1.2,2.3,0,No,Single,3.8,1.7,12,1,7.2,100,92
19,Male,4,3.13,3.6,94,6.4,4.4,2.6,1.4,3.9,Yes,In a Relationship,4.2,0.5,10,3,4.7,84,100
20,Male,1,3.86,3.7,100,7.1,6,3,1.2,1.2,No,In a Relationship,3,1.3,10,0,2.8,100,100
23,Female,3,3.39,2,66,6.9,8.8,4.1,2.1,3.3,Yes,In a Relationship,4,0.8,11,0,3.3,88,87
20,Male,4,4,5.4,100,8.2,7,2.9,1.7,0,Yes,In a Relationship,3.7,0.1,7,3,5.8,100,100
21,Male,4,3.04,2.2,77,5.4,5.5,2.9,2.8,3.2,No,In a Relationship,4.2,1.4,15,1,6.4,86,81
22,Female,1,3.69,5,100,4.3,7.4,3.2,0.4,2.7,No,Single,6.1,2,17,4,3.6,100,99
19,Female,2,3.71,4.1,100,6.7,5,2.4,4,0,Yes,Single,5.9,0,3,0,4.7,100,100
23,Male,2,3.78,2.5,76,7.6,4.1,2.9,2.7,6.2,No,Single,3.9,1.8,21,3,3.1,100,94
20,Female,3,3.78,6.2,100,7.2,7.5,4.5,0,2.3,No,Single,4.5,0.1,9,1,7.3,100,100
22,Female,1,3.38,1.7,84,8.5,3.9,2.7,1.7,2.5,No,Single,2.9,2.6,11,3,0,87,93
23,Female,4,4,4.9,100,7.5,6.7,2.8,0,4.1,Yes,In a Relationship,3.8,1.8,14,3,4.3,100,100
28,Female,2,3.82,5,92,6.3,6.7,2.7,1.4,2.9,No,Single,4.6,0,8,1,2,100,100
25,Female,3,3.42,2.5,87,4.2,6.6,4.7,0,3.7,No,Single,5.4,2.1,9,3,6.9,100,95
25,Female,3,4,5.6,93,6.7,4.3,1.1,0,0.7,No,In a Relationship,3.3,0.6,8,3,3.1,100,100
23,Male,2,3.43,3.1,77,8.2,8.7,5.5,1.4,2.7,No,Single,5.4,0.2,12,4,1.5,97,90
27,Male,1,3.84,3.9,96,6.5,5,1,0.8,0,No,Single,4.8,1.9,9,4,4.4,96,96
24,Female,3,3.8,3.9,93,7,3.3,1.8,2.8,2.5,No,In a Relationship,2.5,2.4,14,2,7.5,100,84
25,Male,1,3.55,3.3,91,7.5,7.6,3.9,1,5.9,No,Single,3.4,1.7,5,2,0,100,98
26,Female,4,3.8,4.7,90,5.8,5.7,4.3,2.1,0,Yes,In a Relationship,6.5,0.8,14,1,2.6,97,96
21,Male,3,4,4.7,100,7.7,4.6,0.7,3.1,2.3,Yes,In a Relationship,4.1,1.4,6,0,5.5,100,92
22,Female,1,3.05,0.9,80,9,5.5,1.2,0,0,Yes,Single,3.4,0.6,17,0,7,90,82
22,Female,3,4,5.5,100,6.8,5.4,3.2,0.1,3,Yes,Single,4.7,1,16,2,3.6,100,94
20,Male,2,2.58,1,67,5.6,10.8,6.3,0.6,3.9,No,Single,6,1.6,1,0,4.6,81,88
24,Female,2,3.55,5,100,6.9,5.8,4.7,1.4,3.8,No,Single,5.7,0,16,1,6.3,100,100
28,Male,1,3.63,5.2,94,4.3,6.7,2.4,2.4,1.8,No,In a Relationship,4,1.6,1,0,1.1,100,100
24,Female,1,3.46,1.9,99,7.4,4.7,0,0,0,No,Single,3.7,0,6,1,4.2,100,96
25,Female,3,4,2.9,90,7.5,6.3,2.9,0,0.5,No,Single,3.5,0,17,2,4.5,100,100
19,Male,2,3.42,1.8,94,9,6.1,3.3,1.6,5.5,No,Single,4.2,1.9,9,1,1.3,92,97
27,Female,2,3.67,3.2,89,6.8,5.6,2.2,0,4.8,Yes,Single,2.5,0.4,20,3,5.6,97,86
20,Female,1,3.57,3,86,7.5,3.8,1.5,0.6,2.8,No,In a Relationship,3.8,0.2,16,1,5.8,100,91
26,Female,3,3.65,4.7,100,6,9.1,3,0.5,3.3,No,Single,3.6,0.9,10,2,6.4,100,97
28,Male,2,3.87,5.5,100,6.6,3.7,1.4,1,0.9,No,Single,4.8,0.6,9,0,7,100,100
23,Male,4,3.46,5.6,87,5.2,10.2,5.6,3.5,5.6,No,In a Relationship,5.7,1.4,20,2,1.5,100,87
21,Female,3,3.29,2.7,88,6.8,7.2,5.1,0.6,1.6,No,In a Relationship,5.6,1.4,10,1,8.9,100,85
18,Female,4,3.27,3.2,89,6.6,8.7,3.8,0.2,3.9,Yes,In a Relationship,6.4,0.2,3,1,0.7,98,87
20,Male,4,2.96,1,79,7.4,8.3,2.9,0.7,0.3,No,Single,3.8,0,7,0,5.9,74,93
24,Female,2,3.39,2.3,75,6.3,5.3,1.8,0.6,2.6,Yes,Single,4.9,1,13,0,3.4,90,89
21,Female,1,4,4.9,100,7.1,6.1,2.8,2.3,5.5,No,In a Relationship,4.7,2.3,8,3,5.9,100,100
20,Male,3,3.72,5.9,100,6.6,7.2,5.3,2.1,1.1,Yes,Single,6.5,1.1,24,3,3.5,100,100
28,Female,3,2.63,1.6,64,6.6,5.8,4.1,0.6,4.5,Yes,In a Relationship,3.8,0.9,9,2,2.6,63,79
26,Female,4,3.19,2.6,87,7.1,6.5,3.1,1.3,0.8,Yes,In a Relationship,4.4,2.9,9,5,3.8,91,89
24,Male,4,3.21,3.5,88,7,8.9,4.2,0.6,1.2,No,Single,4.4,2,7,2,3.6,100,89
19,Male,1,3.94,3.9,93,7.9,5.9,3.6,1.7,3,No,In a Relationship,3.8,0,16,2,3.6,100,95
19,Male,1,3.2,2.3,83,6.9,9,3.4,2.9,4.9,Yes,Single,3.1,0.9,11,0,6.7,88,92
22,Female,1,3.49,4.1,100,6.6,6.6,4.3,2.9,2.4,No,In a Relationship,4.6,1.4,16,1,0.9,100,95
24,Female,2,3.25,2.8,90,6.8,6.9,3.6,2.1,4.2,Yes,Single,5.7,0.1,18,3,1.3,86,95
21,Female,2,3.34,3.5,80,6.1,7.4,4.1,0.7,5.3,No,In a Relationship,4.1,0.9,14,5,4.1,92,92
22,Female,4,4,4.3,100,6.6,5.9,3,0.6,1.5,Yes,Single,4.7,1.2,14,0,1.5,99,99
23,Male,3,4,3.5,98,9.4,2.9,2.4,0,0,No,Single,2.9,1,6,2,2.3,95,93
26,Female,1,3.12,2.8,82,5.9,4.3,2,1.4,2.3,No,In a Relationship,4.3,0,4,1,6.3,100,83
28,Male,4,3.66,3.3,83,6.7,5,1.8,0.6,5.5,No,Single,4.1,2.7,5,3,2.2,100,94
26,Male,4,3.7,3.4,100,6.5,3.3,0.4,2.8,1.4,No,Single,4.1,1.5,12,2,5.6,100,95
27,Male,4,3.39,2.9,86,6.7,5.2,1.4,0,5,Yes,In a Relationship,4.6,0.3,24,1,4.2,100,86
22,Male,1,3.32,3.1,99,6.6,5.3,1.4,2.5,2.5,No,In a Relationship,2.5,2.1,9,0,4.2,85,94
21,Male,3,4,5.9,100,7.3,4.7,2,0,6.5,Yes,Single,2.2,1.1,17,0,5,100,100
19,Male,4,3.32,4.3,100,4.9,6.9,5.1,0.2,7.5,Yes,In a Relationship,4.4,2.2,15,1,5.9,91,100
22,Male,1,3.69,3.1,100,8.2,7.5,2.6,0.5,5.1,Yes,In a Relationship,4.7,1.1,12,1,5.1,89,94
25,Male,2,3.89,4.5,100,7.8,4.6,3.2,0.4,0,Yes,Single,4.8,0,11,0,1.1,93,99
22,Male,2,3.56,3,96,5.5,5.5,3.2,2.9,0,No,In a Relationship,3.9,0.1,10,0,4.4,92,89
19,Female,3,3.72,5.3,92,4.3,7.2,5.2,1.4,3.1,No,In a Relationship,7,2.3,10,2,4.5,100,100
27,Male,2,3.9,4.1,92,5.8,5.8,1.9,3,4.8,No,In a Relationship,3.9,2.2,15,0,1.4,100,100
20,Male,2,4,3.3,100,6.7,7.1,2.5,1.6,4,Yes,Single,4.7,0,16,1,5.6,100,100
22,Male,3,3.93,4.2,100,10,5.4,2.6,0.5,1.6,Yes,Single,4.8,2.6,10,0,8.4,100,98
23,Male,1,2.71,1.1,63,7.7,7.8,4.5,0,0,Yes,Single,4.1,2.2,10,4,1.7,84,76
22,Male,2,3.02,1.8,73,4.8,8.3,4.8,1,4.9,No,In a Relationship,6.8,0.6,9,3,4.7,68,79
23,Female,1,2.89,1.7,68,6.2,8.7,3.5,0.7,6.7,No,Single,3.8,1.1,17,2,7.7,77,82
24,Female,3,3.54,3.7,89,6.9,5.5,4.6,2.1,1.7,No,Single,4.7,0,16,1,2.2,100,88
18,Male,1,4,6.1,100,7.3,7,3.1,2.8,4.7,No,In a Relationship,3.9,0.5,19,4,2.9,100,83
19,Male,4,4,6.8,100,5.4,6,2.5,3.3,8.2,No,In a Relationship,2.3,1,8,3,5.6,100,94
25,Male,4,3.64,4.5,98,6.8,7.2,4.6,2.1,2.6,No,In a Relationship,4.9,1.5,9,1,5.2,99,100
27,Male,4,3.62,4.3,100,6.1,6.9,3.5,0.3,2.7,No,Single,4.5,1.1,20,3,5.2,100,100
25,Female,4,3.27,0.8,70,5.7,5.6,1.7,2.4,4.1,No,In a Relationship,2.9,1.3,19,4,4.8,90,97
20,Female,4,3.19,2.7,99,7.3,8,4.3,2.4,2.4,Yes,In a Relationship,4,0.2,7,2,2.1,95,99
25,Male,4,3.17,2.3,81,7.9,8.1,2.5,0.4,5.7,No,In a Relationship,4.2,1.5,8,1,7.3,100,76
22,Male,1,3.64,2.6,83,8,5.5,2.3,1.8,2.2,Yes,In a Relationship,3.5,2.9,13,2,4,98,97
19,Male,1,3.32,3.2,86,7.7,7.1,4.1,0.8,2.9,No,Single,3.4,1.6,18,2,3.5,100,90
21,Female,3,3.32,2.8,81,6.4,5.5,2.7,0.4,0.1,Yes,Single,5.3,1.2,7,0,2.7,100,96
22,Male,1,3.11,0.5,77,7.9,7.1,3.4,2.7,2.5,Yes,Single,4.9,0.5,12,2,6.1,86,80
24,Female,2,3.93,4.6,100,7.4,6.8,3.8,1.7,1,No,In a Relationship,4.7,0.8,17,2,3.6,100,99
20,Male,2,3.45,1.9,85,7.2,4.6,1.6,2.8,3.7,Yes,Single,2.1,0,11,3,2.7,94,98
23,Female,3,3.79,3.9,96,6.3,6.4,3.4,1.3,0,No,Single,2.6,0,12,3,4.6,100,100
18,Male,1,4,6.6,98,6.4,7.6,4.8,0.7,5,No,In a Relationship,3.8,1.1,19,1,7.3,100,98
27,Male,2,3.32,2.1,87,7.1,3.7,1.4,0,1.3,No,Single,4.9,1.8,10,1,3,90,85
20,Male,3,3.16,0.5,90,9.9,7,3.5,3.7,6.6,No,In a Relationship,3.6,0.3,18,0,5.1,97,96
22,Female,3,4,3.1,100,7.4,4.3,1.6,2.9,5.7,Yes,Single,2.1,2.4,11,4,7,100,100
26,Female,3,3.39,5.2,92,6.3,8,4.3,0.4,4.1,No,In a Relationship,4.5,0.6,7,3,3.8,100,100
26,Male,1,4,6.4,100,6,7.4,4.3,0,0,Yes,Single,6.3,1.1,15,3,5.6,100,100
18,Female,1,3.62,1.7,100,6.4,4.8,2.3,2.9,1.7,No,In a Relationship,4.2,2.1,9,0,11.4,100,95
24,Male,2,3.96,4.2,100,9.6,11,6.1,1.9,1.2,No,Single,5.8,0.9,6,2,8.3,100,89
22,Male,4,3.39,2.8,96,6.5,7.4,4.5,2.6,1.5,Yes,Single,5.1,1.8,22,2,4.2,98,90
24,Female,1,3.41,3.3,100,8.1,7.6,3.9,0,6.2,No,In a Relationship,4,1.8,14,3,7.1,86,87
23,Male,2,4,7.5,100,6.5,6,3.8,0,2.7,No,In a Relationship,4.4,0.5,10,0,6.6,100,86
23,Female,3,3.11,1.2,80,7.3,4.9,4.3,1.6,1.7,Yes,In a Relationship,4,0.6,10,1,1,77,78
18,Female,1,3.73,3.9,100,8,3.6,1.3,0.6,1.5,Yes,In a Relationship,4.6,2.4,20,1,4.4,100,84
20,Female,2,4,4.2,100,6.3,3.5,3.1,0.8,1.9,No,Single,3.2,2.5,20,2,7.9,100,100
21,Male,2,3.64,5.1,100,6.2,6.1,3.4,0,4.1,No,In a Relationship,3.8,1.8,9,3,5.8,100,100
25,Female,2,4,3.6,92,9,7,2.2,0.9,0,No,In a Relationship,3.6,0.3,13,1,2,100,100
26,Female,3,3.97,4,100,8.2,5.4,3.5,1.8,3.2,Yes,In a Relationship,4.7,2.1,10,5,4.1,100,100
21,Male,3,3.5,2.9,88,7.9,5.1,4.6,2.4,3.8,Yes,In a Relationship,3.4,0.9,16,0,2.9,100,95
21,Male,4,4,3.9,100,7.9,7,2.2,2,0,Yes,Single,4.2,0,10,0,5.8,100,100
26,Male,3,3.16,3,70,7.6,5.1,2.7,0.9,0.2,Yes,Single,3,0.6,2,2,2,88,83
22,Male,4,4,4.4,100,9.4,4.6,1.6,2.5,2.9,No,Single,3.2,1,7,4,2.1,100,96
18,Female,1,3.82,2.9,77,7.1,4,0.1,1,5.9,No,In a Relationship,4.2,2.3,17,2,2.9,86,99
18,Male,1,4,4.1,95,7.7,7.6,4,4,5.4,No,In a Relationship,1.9,0.4,8,3,3.6,100,98
26,Male,4,3.46,3.5,85,5.3,6.7,2.8,2,1.8,No,Single,4.2,0.2,16,1,2.3,100,84
21,Female,3,3.63,5.2,100,6,7,2.9,1.4,5.8,No,Single,4.7,0.7,14,0,5,100,91
25,Male,2,3.19,3.4,94,5.6,2.2,1.3,1.5,2.4,Yes,In a Relationship,7,1.1,8,3,6,100,100
18,Male,1,3.43,0.8,82,8.5,3.8,2.5,0.4,2.3,No,Single,4.2,1.9,11,1,5,99,100
19,Male,3,3.8,5.4,100,3.9,8.8,4.4,2.5,3.2,Yes,In a Relationship,5,1.8,9,0,4.8,100,100
21,Female,3,3.36,2.1,74,6.5,4.9,2.8,0.5,4.7,No,In a Relationship,3.8,0,10,4,1.5,83,100
22,Male,1,3.4,2.5,77,3.5,5,2.8,2.9,1.8,No,Single,4.3,0.8,3,2,4.2,78,86
20,Female,3,3.45,2.6,77,6,4.6,3.1,1.8,2.2,No,In a Relationship,5.5,1.3,11,1,5.1,91,99
28,Female,4,4,5.6,100,6.4,3.4,0.9,0.4,0.5,No,Single,5.1,0.3,9,2,5.2,100,98
27,Male,1,2.89,0.5,89,8.7,6.3,3.7,2,3.7,No,Single,5.1,0.4,12,2,4.8,84,83
27,Female,3,4,8.2,100,7.5,2.8,0.9,0.6,4.9,No,Single,2.4,1.8,15,1,2.3,100,100
23,Female,2,3.98,5.1,98,6,3.1,1.4,0.5,5,No,In a Relationship,2.7,1.9,15,1,3.2,100,99
22,Male,2,4,3.8,100,8.3,4.6,1.2,1.7,0.3,No,Single,5,1,9,0,2.6,100,90
24,Female,1,3.74,3.4,92,7,4.5,2.5,1.9,2.2,No,Single,5.5,1.6,9,1,4.9,100,92
27,Female,3,4,3.9,96,7,4.6,2.3,0.9,5.5,Yes,Single,2.4,1.7,11,1,4.7,100,83
21,Male,1,3.48,4.3,99,5.6,3.2,2.8,0.9,3.5,Yes,In a Relationship,4.1,0.1,17,4,3.6,100,96
22,Male,3,4,4.5,91,5.8,6.7,1.4,1,3.1,No,Single,4.7,0.1,9,2,8.4,100,100
21,Male,1,3.03,4.3,86,6,8.4,4.3,2.3,3,Yes,In a Relationship,4.8,0.8,9,3,6.5,89,98
18,Female,3,2.94,3.6,86,7.1,6.5,4.1,2.3,4.1,No,Single,4.4,0.5,6,2,1.9,91,95
26,Male,2,3.37,3.2,100,7.1,4.4,2.5,2.2,3.6,No,Single,2.3,0.6,15,1,5.5,98,100
28,Male,4,4,3.3,100,8.9,5.1,2.1,0.7,1.8,No,In a Relationship,2.2,1.1,11,0,6.4,100,99
28,Female,1,3.29,3.2,89,7.5,4.9,1.9,4.3,4.8,No,Single,3.1,1.1,7,3,4.1,100,78
21,Female,3,3.63,5.2,98,3.8,3.8,2.3,0,0.6,No,In a Relationship,4.8,0,8,0,5.7,100,100
25,Female,2,4,4.4,100,7.3,1,0.7,0.3,5.6,No,In a Relationship,1.5,1.3,15,0,8.5,100,92
28,Female,3,2.7,0.5,52,5.3,3.8,1.4,2.2,1.2,Yes,Single,4.2,0.9,13,0,4.9,71,88
28,Female,3,3.71,4.5,97,5.8,5.2,4.1,3.5,4.1,No,In a Relationship,3.9,1.4,9,1,4,100,85
23,Male,3,4,3.8,98,6,6.5,3.3,1.9,2.7,No,Single,4.7,0.6,15,0,0,100,100
23,Female,1,3.12,3.5,79,6.2,8.5,5.3,1.1,2,No,Single,6.5,0.6,17,1,0.5,87,80
28,Male,4,3.69,2.9,91,5.3,4.2,2.4,3,5.7,No,In a Relationship,3.7,0.8,15,3,3.5,91,99
28,Male,4,4,5.2,100,7.2,4.7,2.3,0.9,4.5,Yes,In a Relationship,3.1,2.3,13,0,4.4,100,97
21,Female,3,3.87,4.9,100,5.3,7.3,2.2,0.4,2.9,Yes,In a Relationship,5.5,0.8,20,4,2.5,100,100
26,Female,1,3.26,2.3,82,7.4,6.2,2.3,2.5,6.5,No,Single,3.8,2.3,19,1,0.3,82,81
21,Female,4,3.97,4.1,100,9.7,4.3,1.8,3.4,5,No,In a Relationship,3.1,2.2,12,3,7.9,100,93
19,Male,2,3.09,2,67,5.4,9,3.2,0,1.4,Yes,Single,2.6,0.9,17,1,3.4,92,72
21,Male,1,3.31,1.4,78,6.7,4.4,2.8,3.7,0,No,Single,4.3,0.7,15,0,4.2,98,99
20,Female,1,3.28,2.6,89,4,4,2,2.7,3.2,Yes,Single,4.2,0.7,9,3,1.4,100,81
22,Female,2,3.84,4.8,93,6.6,7.6,4.7,2.6,5.8,No,In a Relationship,3.6,1.1,20,0,5.6,100,100
23,Female,2,3.38,4.9,100,7.8,6.8,5.6,2.6,4.2,No,In a Relationship,5.7,0.6,20,1,6.3,100,91
18,Female,4,4,4.3,100,7.9,9.6,4.5,2.3,6.1,No,In a Relationship,3.3,1.9,18,1,4.3,100,88
22,Female,2,3.94,4.6,100,7.1,6.8,3.6,2.1,1.8,Yes,Single,3.2,0.6,15,5,2.9,100,90
24,Female,3,3.94,4.3,96,8.1,6,3.9,1.2,2.8,No,In a Relationship,4.4,2.1,17,2,5.6,100,95
19,Female,1,3.12,2.5,62,10,9.1,5.6,0,2.8,No,Single,4.2,0.3,10,1,3.1,96,84
19,Female,4,4,4.1,94,9.1,7.1,3.9,0.3,3.5,No,In a Relationship,2.8,0,17,1,7.7,96,97
24,Female,2,4,4.7,100,6.4,4.5,1.9,1.9,4.5,No,In a Relationship,4.6,0,6,0,4.7,100,100
22,Female,1,3.78,4.6,94,5.3,4.9,3.4,1.6,6.3,No,Single,4.8,0.7,10,1,1.2,100,96
23,Male,1,4,5.3,100,6.5,5,3.7,0.5,6.7,No,Single,4.4,0.4,1,2,7,100,100
20,Male,1,4,4.6,98,5.9,6.9,1.3,0.7,6.3,Yes,Single,3.7,0.3,14,2,4.5,100,96
26,Male,1,4,4,87,7.5,3.8,2.4,1.4,4.3,Yes,Single,4.6,2.2,17,1,5,100,94
22,Male,3,4,5.1,100,5.6,9.5,4.5,0.7,2.3,No,Single,5.2,0.5,20,3,5.2,100,98
25,Female,1,4,3.5,88,6.9,2.1,0.1,0.5,3.5,No,In a Relationship,1.7,0,11,2,5.1,100,100
19,Male,1,3.61,2.2,88,8,4.8,0.9,2.6,4.3,No,Single,2.5,1.8,13,3,3.3,98,93
24,Male,1,3.91,3.3,95,6.9,6.1,2.5,0.2,3.3,No,Single,2.3,2.5,12,2,0.8,100,100
28,Male,2,3.3,2.4,77,5.9,7.1,3.3,1.5,1.2,Yes,In a Relationship,4,1.6,21,1,4.7,81,79
20,Male,2,4,2.5,100,8.4,4.7,0.8,2.1,2.1,Yes,In a Relationship,4.6,0.5,14,0,4.2,100,100
23,Male,1,3.59,3.3,100,4.7,3.7,2.6,1.6,4.7,No,Single,3.4,1.4,21,3,3,85,91
21,Female,2,3.22,2.3,74,6.6,6.7,4.5,1,2.5,No,In a Relationship,3.8,0.4,18,1,2.8,88,94
24,Male,4,3.35,3,83,7,4.3,2.9,3.6,3,No,Single,4.8,0.2,16,1,0.5,97,88
22,Female,3,2.63,0.7,67,7,7.4,4.2,2.6,2.8,No,In a Relationship,5.5,1,9,2,5.9,86,76
24,Male,4,3.93,3.8,100,7.2,3.3,1.9,3.9,1.2,Yes,Single,2.3,1.1,7,0,4.6,100,100
27,Male,3,3.65,3.5,100,7.7,2.2,1.6,0.9,2.7,No,In a Relationship,3.7,1,12,0,4.8,100,91
26,Male,1,3.47,2.3,88,7,6.8,4.1,1.7,2.1,Yes,Single,4.2,2.9,12,1,2.5,88,86
22,Female,3,3.76,4.5,100,6.6,3.7,3.4,2.8,1.6,No,Single,5.1,1.2,6,1,6,100,100
26,Female,3,4,4.9,98,6.5,4.3,1,4,0.9,Yes,In a Relationship,3.6,2.2,17,4,4.5,100,94
26,Male,3,3.52,1.1,81,6.3,3.1,1.6,2.8,2.8,No,In a Relationship,2.5,3.4,13,0,5.7,88,96
27,Female,1,3.27,2.4,83,7.9,7.1,5.1,1,4.2,Yes,In a Relationship,4,0.7,15,1,4.7,86,75
23,Male,3,3.62,2.3,89,6.2,1.7,1.4,1.6,5.2,No,In a Relationship,4,1.3,20,0,3.1,100,96
25,Male,2,2.68,2.1,91,8,9.2,4.2,1.5,0.2,Yes,Single,6.8,2,8,0,3.5,70,87
26,Female,3,4,4.7,100,7,3.3,2.1,1.7,6.2,No,In a Relationship,3.5,1.3,2,0,5.2,100,100
25,Male,4,3.45,3.2,84,6.4,5.4,2.8,1.1,3.6,No,Single,3.8,0.9,9,2,5.4,100,88
23,Male,1,3.95,3.1,82,7.7,4,3.2,1.7,0.7,No,In a Relationship,3.3,3.5,21,1,3.7,100,97
28,Female,1,3.09,0.5,90,6.1,2,0,0,2.2,Yes,Single,3.3,2.4,12,0,7.2,93,92
25,Female,1,4,4.5,100,7.8,5.7,0.6,0.2,0,Yes,Single,3.1,0,11,3,2.1,100,81
27,Female,1,3.29,1.6,69,7.3,6.3,2.9,2.5,0,No,Single,4.9,2.6,9,2,2.6,70,85
24,Female,3,3.39,3.6,100,6.3,3.8,1.7,4.1,6.4,No,In a Relationship,3.1,2.8,12,3,1.8,100,92
18,Male,3,3.7,3.9,80,7.6,7.3,4.3,1.8,1.6,Yes,In a Relationship,5.2,2.4,9,3,4.7,100,99
26,Male,4,4,5.5,100,7.7,2.7,0.4,1,4.1,Yes,Single,2.3,2,10,2,5.9,100,98
21,Male,3,3.34,1.5,78,8.4,6.5,3.6,0,2.8,Yes,Single,5.6,2.8,17,1,5.5,87,87
26,Female,3,3.14,0.5,74,8.2,4.6,0.7,0.5,3,No,In a Relationship,3.4,2.1,25,0,4.4,81,83
26,Male,4,3.74,3.8,100,7.6,4.9,2.3,1.4,3.7,Yes,In a Relationship,2.8,1.8,8,2,4.5,100,86
25,Male,2,4,6.2,97,5.6,4.5,1.2,1.9,0,Yes,In a Relationship,5.5,1.3,9,3,3.7,100,97
27,Male,3,4,5.4,100,9.9,9,5.7,0.6,5.6,No,Single,2.5,0.1,9,0,6.4,100,98
23,Male,1,3.21,3.8,100,5.3,3.4,0.8,1.5,2.8,No,In a Relationship,3.1,0,20,1,4.4,100,90
18,Male,1,3.78,2.8,83,8.1,4.7,2.6,2.2,2,No,In a Relationship,3,2,16,0,3.6,100,92
24,Male,4,4,4.7,100,7.5,2.6,0.2,2.8,3.9,No,In a Relationship,4,2,11,2,6.6,99,99
21,Female,1,2.77,2,68,5.6,9,5.2,1.8,1.6,No,Single,5.6,1.2,9,1,4.3,87,85
24,Male,3,3.92,4.2,99,6.9,7.3,3.4,0.9,3.4,Yes,Single,3.6,0.3,20,2,3.2,100,100
22,Male,2,3.57,4.3,89,6.9,4.6,3,0,2.7,No,Single,4.4,0.1,12,1,6.1,100,92
25,Male,4,4,5.1,93,8.6,7.7,5,1.1,4.4,No,In a Relationship,4.7,0.8,12,2,1.7,100,90
20,Male,3,4,7.6,100,6.1,5.1,3,2.6,2.6,Yes,In a Relationship,6.1,1.9,1,1,4.8,100,100
25,Female,3,4,4.1,99,6.7,7.1,3.1,1.8,0.9,Yes,Single,3.2,3.4,16,0,1.7,99,100
27,Male,4,2.8,2.7,83,4.2,5.4,3,2.1,3.7,Yes,In a Relationship,6.3,1.2,12,2,7.6,90,92
25,Female,3,3.77,3.5,92,9.1,9.2,3.6,2.6,2.5,No,Single,1.7,1.5,13,7,1.9,100,99
27,Male,4,2.94,0.8,78,5.7,5.4,2.1,3.1,0,Yes,Single,5.8,2.3,13,1,1.3,91,78
28,Male,3,3.99,2.5,89,7.4,6.9,2.5,2.3,3.4,No,In a Relationship,4.9,1.1,17,2,2.1,100,100
21,Male,4,3.4,2.9,77,6.9,5.8,4,2,1.9,Yes,Single,6,1.6,1,1,3.8,97,87
28,Male,2,3.66,2.7,65,6.9,6.2,3.2,0,3.7,No,In a Relationship,4.7,2,6,1,3.1,100,93
26,Male,4,4,3.7,100,8,6.3,2.6,2.2,1.3,Yes,Single,2.9,2.3,22,2,4.1,96,100
24,Male,4,3.69,2.3,91,9,2.5,0.7,3.9,0.6,No,In a Relationship,3.8,1.3,6,1,3,100,99
25,Female,4,4,5.2,92,7.3,8,5,0,5.4,No,Single,3.3,0.7,8,0,3.7,100,94
26,Male,1,4,3.5,100,7.8,6.1,1.8,2.9,4.7,No,In a Relationship,2.1,1.4,18,0,6.5,99,95
26,Female,2,3.52,3.5,100,7.4,6.9,4.3,3,3,No,Single,4.1,0,12,3,3.8,100,87
21,Female,1,4,3,100,8.2,5.1,3.1,1.9,3.9,No,Single,3.2,1.5,12,0,1.8,100,88
27,Female,3,3.95,3.7,99,6.4,6.1,0.9,0,4.6,No,Single,3.4,2.1,20,2,5,100,97
18,Male,2,3.81,4.7,75,8.3,6.3,4.7,0,3,Yes,Single,3.7,2.9,9,0,2.5,100,88
22,Female,4,3.81,2.2,95,8.3,6.4,3.2,1.7,0.6,No,Single,4.6,2.1,9,4,4.6,100,100
23,Female,1,3.22,2.5,77,8.3,7,4.8,3.5,3.6,No,Single,2.9,0,16,3,5,88,97
19,Female,1,3.41,3,84,6.2,4.4,2.5,0,5,No,In a Relationship,3.9,2.6,13,4,6.6,99,76
22,Male,2,3.33,1.5,83,6.8,7.8,3.9,1.1,4.2,No,In a Relationship,4.1,2.7,17,3,6.2,95,100
19,Female,2,3.86,2.3,100,7.3,3,0.2,2.5,3.1,No,Single,3.9,0.3,9,1,2.9,100,100
21,Male,3,3.57,2.8,99,5.4,5.5,2,1,4.1,No,Single,5.2,0.8,13,0,6.6,100,100
26,Female,2,4,4.8,100,8.9,1.2,0.9,1.2,2.6,Yes,Single,2.6,2.6,12,2,6.3,100,100
22,Female,3,4,3.9,100,7,5.8,2.2,3.4,5.1,No,In a Relationship,1.5,1.3,10,3,4,100,100
24,Female,2,3.6,3.8,85,7.3,5.6,3.5,2.3,5.7,No,Single,2.2,0.6,6,1,4,100,100
28,Female,1,4,4.8,89,6.3,2.6,1.9,2.1,0.4,Yes,Single,5.6,0.4,10,2,4.9,100,98
21,Male,1,3.73,3.3,94,5.4,9.4,4.1,0,5.2,No,Single,4.6,3.8,9,3,2.2,100,96
23,Female,2,4,4.1,100,6.3,5.2,1.5,0.7,7.5,No,In a Relationship,4.6,2,18,2,1.7,100,100
18,Female,2,3.76,3.3,78,7.3,7.4,4.1,1.7,4.1,Yes,Single,5.2,0.9,15,3,0.1,100,88
21,Male,3,3.7,3.9,93,7.8,9.3,4.8,1.5,5,No,Single,4.4,2.6,14,3,5.3,100,94
27,Female,4,3.47,2.6,89,7.2,7.6,4.3,1.9,1.7,Yes,Single,5,1.1,11,0,3.6,100,81
23,Male,1,3.18,0.5,81,7.4,4.3,2.3,3.4,2,No,Single,2.8,2.4,8,2,7.1,83,84
26,Male,3,4,3.3,100,6.6,2.8,0,1.5,2.6,No,Single,2.5,1.8,13,1,3.5,100,100
19,Female,2,4,5.6,100,7.6,5.9,3.7,2.2,2.2,No,Single,4.8,0.9,19,1,2.3,100,99
25,Female,2,4,4.9,100,8.8,5,2.6,0,0.4,Yes,Single,3.5,1.7,8,2,4.6,100,100
22,Female,1,4,4.9,100,7.8,2.8,1.3,0.8,2.7,No,In a Relationship,3.7,1.7,14,0,2.8,100,100
22,Male,1,4,5.4,100,8,3.8,2,2.2,4.7,Yes,In a Relationship,4.1,2,10,4,6.2,100,100
18,Male,3,3.59,3.6,97,7.4,9.1,5,0.7,0.4,No,Single,5.2,2.8,12,4,6.5,96,90
24,Male,3,4,3.8,100,5.2,4.5,1.1,0.3,3.4,Yes,In a Relationship,3.5,3.4,11,1,3,100,93
19,Female,3,3.3,2.6,83,5.7,5.9,3.5,4.3,3.3,No,Single,3.8,1.6,14,1,6,96,99
27,Male,2,3.8,3,81,7.5,4.9,3.1,2.4,2.4,No,In a Relationship,5,0,11,3,4.9,95,88
25,Female,2,4,4.4,100,7,4.8,2.3,0.8,4,No,Single,4.4,2.1,9,0,4.5,100,100
25,Male,4,3.8,5.3,100,7.5,4.8,3.8,3,3.8,No,Single,6.3,0.9,4,2,1.9,100,100
20,Male,2,3.27,3.3,80,9,8.4,5.2,1,2.3,No,Single,4.6,0,13,1,3.5,100,94
18,Male,1,3.65,2.8,96,7.9,6.5,2.4,0,5.1,No,In a Relationship,3.1,1.9,15,1,2.5,100,89
23,Female,2,4,3.5,100,8.5,8.2,2.4,0.8,4.1,Yes,In a Relationship,3.6,1.6,12,1,5,95,100
27,Female,4,4,4.4,100,7.1,5.4,3.7,0.5,6.1,No,In a Relationship,3.5,0.4,12,3,3.3,100,100
26,Female,4,2.51,1.3,84,6,8.3,4.2,0.7,2.9,Yes,Single,4.1,0,19,0,0.8,86,74
19,Male,4,2.71,0.5,68,6.9,4.8,2.6,0.1,2.4,Yes,In a Relationship,4.2,2.6,20,2,2.6,70,74
21,Female,3,3.37,2.7,80,6,3.9,2.3,1.5,2.6,No,Single,4.8,1.7,17,1,2.7,100,94
22,Female,4,3.8,1.7,97,8.9,1.6,0,2.4,5.4,No,Single,2.3,0.4,14,2,6.6,97,100
26,Female,1,3.31,2.7,89,7.9,4.8,1.6,1.2,2.7,Yes,Single,3.8,1.9,12,1,6.7,94,94
26,Male,1,3.65,3.3,100,7.6,3,1.1,1.2,2.8,No,In a Relationship,4.3,0.8,7,1,4.1,100,93
27,Male,2,3.61,2.8,90,8.5,6.1,3.8,2,6.9,No,In a Relationship,3.7,1.7,2,3,5,94,80
21,Female,4,3.76,5.7,100,4.6,4.9,2.4,1.2,0.3,Yes,Single,5.6,1.5,19,2,7.5,100,100
21,Female,1,3.74,4,100,7.7,4.5,2.4,2.3,3.7,No,In a Relationship,2.3,0,13,1,4.3,94,100
18,Female,2,3.52,4,86,5.4,4.8,2.8,1.3,2.9,No,In a Relationship,4.9,1.3,29,2,5.8,100,98
24,Female,1,4,4.4,86,7,1.6,1.5,2.7,2.5,No,In a Relationship,3.5,1,9,3,5.5,100,99
21,Female,2,3.07,1.8,82,6.6,8.2,5.1,1.4,1.1,No,In a Relationship,4.4,0.5,14,1,2.4,77,92
22,Female,2,3.8,5.1,100,7.8,7.8,4.7,0.4,1.7,No,Single,5.3,0,17,0,5.9,93,93
28,Female,4,3.41,3.4,80,7.3,7.2,5.2,2.6,2.2,No,In a Relationship,5.6,1,9,0,4.9,100,100
21,Male,4,3.92,4.5,100,8.6,7.2,3.8,3.5,4,No,In a Relationship,4.1,0.8,11,4,4.6,100,100
24,Male,2,3.42,1.9,91,6.3,7.5,2.8,0.5,4.7,No,In a Relationship,4.5,1.9,11,3,6.9,94,100
26,Female,2,2.61,1.2,68,7.9,8.2,5.2,2.5,0,Yes,Single,5.4,1.1,10,3,5,90,81
27,Male,4,3.87,4.7,88,7.2,6.4,1.8,0.1,0.6,No,Single,3.8,1.3,14,1,5.7,100,86
25,Male,2,3.77,4.1,100,5,7.2,1.5,0,4.1,No,Single,5.8,1.5,12,3,3,100,95
25,Female,3,3.54,2.1,93,5.9,7.9,1.9,2.5,4.3,Yes,Single,4,0.7,2,1,3.8,82,96
27,Male,1,3.46,2.2,76,6.8,5.2,3.6,2.1,0.1,Yes,Single,2.5,0.2,13,2,4.6,100,98
19,Female,3,4,5.2,100,8.3,3.3,1.7,1.8,4.7,No,In a Relationship,1,3.4,14,0,2.7,100,100
26,Female,1,3.78,1.7,85,7.6,5.1,2.6,1.6,3,No,In a Relationship,5,1.1,12,2,4.7,90,88
20,Male,2,4,6,100,5.6,3.6,0.4,2.7,4.5,No,Single,1.5,1,20,1,4.5,100,90
25,Male,2,3.41,2.1,86,6.8,8.4,3.5,0.6,1.3,Yes,Single,4.2,2.6,14,0,1.8,78,85
26,Male,1,4,4.5,100,9.4,4.3,0.5,3.5,0.2,Yes,Single,1.7,3.1,12,1,6.8,97,100
28,Male,4,3.5,3,84,7.1,3,1.4,2.4,2.4,No,Single,3.3,2.6,17,1,2.7,96,88
21,Male,2,3.74,4.4,98,6.6,6.9,4.6,0,2.5,No,In a Relationship,5.4,0.8,23,1,3.4,100,94
21,Female,3,3.44,2.7,87,7.6,7.5,4.6,0.2,2.4,Yes,In a Relationship,4,1.5,11,1,2.3,100,83
20,Female,2,3.52,3.3,72,7.9,4.6,3.4,0.2,2.2,No,Single,3.3,1.8,17,1,7.2,100,96
18,Male,3,3.56,3.6,82,6.5,6.2,3.2,2.3,6.4,Yes,Single,4.5,3.4,21,2,1.7,100,100
28,Female,4,3.59,2,80,7.6,3.6,2,2,0,Yes,In a Relationship,6.8,1.6,11,1,5.8,100,92
25,Female,1,3.79,4.6,100,6.6,2.6,1.6,0.7,1.3,No,Single,4.6,1.7,6,2,3.3,100,100
28,Female,4,3.38,2.7,78,7.9,4.2,2.3,1.5,2.2,Yes,Single,2.8,0.2,14,2,6.4,87,95
19,Female,3,3.6,3.2,93,7.2,4,0.5,2.8,3,No,Single,4,0,19,2,2.4,100,97
23,Male,1,3.7,2,98,7.6,6.7,3.2,2.6,4.4,No,In a Relationship,5.5,2.6,11,0,5.5,82,100
25,Male,4,3.01,0.5,70,6.1,6,2.9,1.6,4.7,No,In a Relationship,5.1,1.5,17,3,3.7,79,76
27,Female,2,3.74,3.2,93,6,5.6,1.4,2.4,5.2,No,Single,1.9,1.6,8,0,2.7,95,100
26,Female,2,4,7.1,100,8.1,9.3,5.2,3.7,4,No,In a Relationship,5,2.3,11,2,1.4,100,100
23,Male,2,3.95,4.7,100,6.9,6.9,3.7,2.3,0,Yes,In a Relationship,4.6,2.1,12,0,7.1,100,99
21,Male,2,4,3.5,92,7.3,6.9,3.8,0,0,Yes,In a Relationship,5,1.9,11,1,6.5,92,93
19,Female,3,3.21,3.1,89,6.6,5.3,2.1,1.5,5.3,No,Single,3.1,1.8,8,2,6.1,100,86
19,Female,2,3.86,3.5,96,8.1,5.6,2.8,2.1,5.2,No,In a Relationship,4,1.3,10,0,3.7,100,100
24,Female,2,3.8,4.3,100,6.3,4.1,3.7,3,4.3,No,In a Relationship,4.1,1.4,2,3,3.3,100,98
25,Female,3,2.94,1.7,83,6.8,7.4,3,0.9,1.4,No,Single,6,2.1,15,1,4.1,83,83
24,Male,3,4,5.2,100,7.9,8.7,5.2,2.8,2.4,No,Single,4.8,0.3,12,3,4.5,100,100
28,Female,4,4,4.6,100,8.4,4,2.5,1.1,2.2,No,Single,3.4,0.1,18,1,6.5,100,100
26,Female,1,3.74,4.6,97,6.4,6.7,2,0.6,1,No,In a Relationship,4.9,1.3,12,2,4.9,100,96
20,Male,3,4,4.2,75,9.4,6.1,3.8,0,3.5,Yes,Single,3.9,1.3,3,1,4.2,100,99
19,Male,4,3.76,3.5,100,7.4,3.8,0.9,0.3,7.3,No,In a Relationship,2.9,1.9,14,2,3.3,99,88
18,Male,4,3.75,4.5,98,5.7,8.4,4.2,1.7,2,Yes,Single,5.2,1,9,2,2.6,100,100
20,Female,2,4,4.4,99,7.4,4.1,0.8,1.5,5.6,No,In a Relationship,3.9,0.4,17,1,3.9,100,96
25,Male,2,3.48,3,84,6.5,8.4,3.8,0.9,1.2,No,Single,6,1.8,11,2,5.2,87,87
18,Female,1,3.66,2.6,100,7.5,4.4,1.8,1.5,0,Yes,Single,4.1,2.5,22,2,5.9,100,100
24,Male,3,3.55,3.7,96,6.9,8.5,3.5,2.5,5,Yes,Single,4.8,1.6,8,2,0.8,100,98
18,Female,2,4,5.8,100,7.1,6.3,4.2,4.3,2.6,No,Single,4.4,0,13,1,3.5,100,100
27,Male,3,2.87,1.6,79,5.9,7.6,3,1.3,5.5,No,In a Relationship,4.6,1.5,15,1,2.8,65,89
19,Male,2,2.85,1.3,82,8.2,1.3,1,3.7,5.9,Yes,Single,3.2,0,10,1,2.6,95,69
24,Female,2,3.74,3.7,100,5.6,3.2,1.5,1.6,2.4,No,In a Relationship,4.4,1.2,5,1,0.7,100,91
23,Female,3,4,3.6,96,5.7,5.1,1.7,0.6,5.7,No,In a Relationship,2.7,0,11,2,5.7,100,100
21,Female,4,4,3.8,100,7.4,2.5,0,3.4,1.2,Yes,In a Relationship,2,0.8,3,1,4,100,92
20,Male,3,3.65,3.9,94,8.9,7.4,4.5,0.6,1.2,Yes,Single,4.7,1.7,9,0,4.9,100,95
23,Male,3,3.69,3.2,85,6.6,6,3,1.3,5.1,Yes,In a Relationship,3.1,0.9,11,3,4.3,95,95
21,Male,2,4,5.7,100,7.8,2.7,1.1,1,0,Yes,Single,4.8,2.3,17,2,7.1,100,99
20,Male,2,3.07,1.1,78,8.3,6.7,5,5.3,3,No,Single,3,1.4,13,3,4.8,84,82
19,Female,2,3.34,2.3,94,8,5,1.7,0.7,5.5,Yes,Single,4.1,0.1,10,3,6.4,100,86
18,Male,2,3.54,3.3,69,6.6,5.4,3.2,0.3,5.6,Yes,In a Relationship,3.9,2.1,10,1,6.5,100,92
20,Male,4,3.03,1,69,5.7,6.2,1.6,3.4,2.1,No,Single,3.4,1.9,9,2,5.5,83,75
27,Male,1,3.35,3.2,78,4.4,2.8,0,1,5,Yes,Single,3,2.5,17,0,5.2,91,92
25,Female,2,4,6,100,6.7,4.7,0.8,0,0.8,No,Single,3.6,1.9,5,2,7.4,100,100
18,Female,1,3.92,3.5,92,8.4,5.6,2.1,2.8,1.7,No,In a Relationship,4,1.7,8,3,6,100,95
19,Male,3,3.88,3.8,91,5.7,6.4,4.1,0.2,3.5,Yes,In a Relationship,3.7,0.2,5,2,5.1,92,99
28,Female,2,3.06,1.6,82,7.8,3.9,3.3,1.1,3.8,No,Single,2.9,2,15,0,3.1,83,84
25,Male,1,3.73,2.6,100,5.9,7.4,3,2.5,0.9,Yes,In a Relationship,4.6,1.1,20,2,3,96,100
28,Male,4,3.94,2.9,97,7.1,1.8,0,1.9,6.7,No,In a Relationship,2.1,2,15,0,7.4,100,93
18,Male,4,3.58,3,92,7.8,7.2,4.7,0.5,0,No,In a Relationship,5.9,3.4,15,3,1.3,100,92
27,Female,2,4,5.4,93,6.2,5.9,3.1,1.3,3.1,Yes,In a Relationship,4.7,2.4,9,2,3.2,100,100
25,Male,4,4,4.3,97,7.2,5.5,2.6,0.4,3.4,Yes,In a Relationship,3.5,1.5,14,2,5.1,100,98
28,Male,3,2.85,1.8,68,6.5,8.7,4.5,3,0,No,Single,5.8,1.3,8,4,6.6,81,81
25,Male,3,3.84,3.9,98,7.8,7.7,4.7,1.9,5.6,No,Single,4.2,0.8,9,1,5.6,100,100
18,Female,4,3.95,4.2,95,7.3,7.3,4.5,0,1.5,No,Single,4.7,0,12,1,5.6,100,92
23,Female,4,4,5.2,100,7.1,6.6,2.4,0,3.2,Yes,In a Relationship,4,1.2,12,1,4.9,100,93
28,Female,1,4,5.9,100,8.9,5,1.3,2.3,3.7,No,In a Relationship,1,0.7,21,1,3.3,100,100
20,Male,1,2.96,2,79,7.8,6.4,4.3,1.6,0.1,No,In a Relationship,5.9,1.5,16,1,8,84,76
20,Male,3,3.5,2.3,98,6.2,2.4,0.8,2.6,0.9,No,Single,4.5,0.7,13,1,6,74,93
28,Female,3,2.8,1.6,84,6.9,7.7,5.7,0,6.1,Yes,Single,6.1,1.4,21,2,4.1,82,85
26,Male,1,3.53,3.1,85,6.9,5.7,2.8,1.4,2.9,No,Single,3.3,2.4,24,2,3.6,93,95
21,Female,1,4,4.2,100,7.1,2.7,1.2,2.2,0,No,In a Relationship,4.6,1.4,12,2,6.4,100,94
25,Male,2,4,5,100,10,4.1,1,0,2.4,No,Single,1,0.1,14,1,1.8,100,97
28,Male,2,3.6,3.4,94,7.4,3.7,0.9,0.2,2.9,Yes,Single,1.4,0.4,6,6,3.7,99,98
24,Male,1,3.39,3,87,4.6,2.9,3,1,3.4,No,Single,4.7,1.9,13,4,4.3,99,91
27,Female,4,3.95,3.7,80,6.3,4.1,2.8,4.3,0,No,Single,4.3,2,9,3,2.9,100,96
22,Female,1,3.11,2.2,79,4.7,1,0.9,0.9,2.9,Yes,Single,5.2,0.3,3,3,2.9,78,92
26,Female,3,4,6.6,100,6.6,4.9,2.3,2.4,1.3,Yes,Single,5.5,1.2,17,3,5.3,100,100
24,Male,3,3.45,1.1,73,4.6,5,0.7,2.7,3.4,No,Single,5.3,2.1,13,3,2,84,85
18,Male,4,3.78,3.8,100,6,4.4,3.7,1,4,Yes,Single,5.2,2.9,8,0,1.8,97,97
28,Female,4,4,6.5,100,5.2,4.1,2.7,1.8,3.8,No,In a Relationship,5.1,1.4,3,2,0.1,100,89
28,Female,4,4,3.5,96,7.5,5,2.2,0,5.8,No,Single,1.8,1,9,1,2.6,100,100
18,Male,1,3.66,3.2,94,7,2.6,0.9,4,7.4,Yes,In a Relationship,3.8,0.8,9,3,5,100,96
27,Female,3,3.36,3,79,7.4,4,2.3,1.6,0.7,No,Single,5.4,1.3,11,0,5.2,95,100
21,Female,1,3.81,3.2,95,6.9,5.8,2.2,1.3,2.2,No,Single,2.6,2.6,3,5,2.1,100,92
21,Male,4,4,5.6,100,5.3,5.7,3.3,0,4.5,No,Single,5,1.3,14,0,6.6,100,88
28,Male,4,3.12,0.5,57,7.6,4.3,3.1,0.7,2.7,No,In a Relationship,3.5,1.7,15,1,1.5,86,72
26,Male,1,4,5.8,91,9.3,4.5,4,4.7,0,No,In a Relationship,6.2,0,5,3,3.1,100,98
25,Male,2,3.04,1.4,77,7.5,7.8,2.1,1.3,2.6,Yes,Single,2.7,2.8,4,2,6.5,83,90
23,Female,1,3.89,3.1,100,6.5,4.4,0,0.7,5.5,No,Single,2.7,2.5,17,1,2.9,100,99
25,Male,3,3.26,2.9,100,5.3,6.8,4.3,0.8,0.2,No,Single,6,0.9,11,3,4,100,97
24,Female,2,3.67,4.4,85,5.9,4.5,1.4,0,3.4,Yes,Single,3.8,1.1,15,2,4.2,94,97
27,Male,3,3.45,1.1,94,7.5,3.5,1.1,1.4,0,No,Single,6,2.4,13,0,4.7,92,94
19,Female,2,4,4.2,100,8.3,6.3,2.7,2,4.7,No,In a Relationship,4.9,4.1,12,0,2.5,100,98
22,Female,1,4,6.5,100,7.3,5.3,3.3,0.3,3.5,No,In a Relationship,2.4,0,17,2,8.8,100,100
20,Male,3,3.43,1.5,98,8,4.3,2,1.8,1.9,Yes,In a Relationship,4.1,0.7,16,3,3.3,100,87
20,Male,1,3.75,3.8,100,7.8,5.5,2,1.8,2.2,No,Single,3.6,0.8,14,1,4.3,96,100
18,Male,1,3.75,2.5,86,7.6,6.9,2.2,0,0,Yes,Single,5.1,2.2,14,3,0.6,100,97
21,Female,2,3.32,4.1,77,6.2,8.8,4.9,1.8,5,No,In a Relationship,5,1.6,10,2,4.9,100,80
18,Female,3,3.37,3.5,94,7.2,7.3,2.8,2.2,1.4,No,In a Relationship,3.5,0.7,15,4,2.8,90,92
27,Male,4,3.83,2.5,87,6,3.9,1.3,0.3,4,No,In a Relationship,2.6,0,20,0,3.4,100,100
19,Male,2,3.89,4.2,100,7,3.7,1.4,2.5,1.1,No,Single,3.5,2.2,17,4,4.8,100,100
28,Female,1,4,6.2,100,7.4,3.1,2.4,0,7.4,No,In a Relationship,2.8,1,3,2,6.9,100,99
19,Female,1,3.65,3.2,87,9,6.3,3.2,1.7,6.1,Yes,In a Relationship,3.1,0,14,0,5.1,100,100
24,Male,4,3.48,4.6,92,5.4,7,3.5,1.7,7.1,Yes,Single,3.5,0.5,15,0,6.6,81,99
20,Male,2,3.17,1.6,100,7.6,5.6,3,2.8,7.4,Yes,In a Relationship,4.8,0.8,18,2,3.3,83,96
23,Male,1,2.63,2.1,80,8.8,3.6,1.5,2.2,1.7,Yes,In a Relationship,3.7,0.9,18,2,2.3,95,80
18,Female,2,3.68,4.2,100,7.9,6.7,2.2,1.1,1.2,No,In a Relationship,4.7,0.2,14,1,3.4,100,95
25,Male,2,4,5.7,96,8,7.7,3.9,5,7.1,No,Single,3.2,0.2,6,2,1.6,100,100
26,Male,4,4,4,100,7.7,5.7,1.1,3.4,2.7,No,Single,2.2,3.6,11,1,4.4,100,100
28,Female,1,3.84,3,95,8.6,4,2.1,0.2,4.7,Yes,Single,3.8,1.5,8,2,3,100,100
28,Female,4,3.65,3.5,83,5.7,5.9,3.7,1.2,1.8,Yes,In a Relationship,4.1,0.8,6,1,2.3,95,83
20,Male,2,3.33,1.6,79,5.3,8.5,4.1,1.3,1.8,Yes,Single,3.4,1.6,19,2,4.7,100,88
27,Female,4,4,4.4,93,7,5.4,2.5,0,4.7,No,Single,4.2,1.4,10,1,2.6,100,93
26,Male,4,3.96,4.8,85,4.4,4.5,2.2,0.3,0,Yes,Single,4.6,0.3,22,2,6.2,100,100
20,Female,4,3.58,2.8,93,8.5,3.2,0.8,2.4,4.6,No,Single,2.1,0,10,5,5.6,97,97
18,Male,3,3.13,2.8,82,8.5,6.6,3.6,1.6,4,Yes,In a Relationship,4.4,0.7,8,1,8.5,97,91
20,Male,3,3.18,3.9,93,6.5,9,4.8,0,1.9,No,In a Relationship,4.3,1,15,1,0,100,76
24,Male,1,3.19,2.8,77,6.6,9.4,6.6,1.3,3,Yes,Single,4.1,1.1,12,1,3.9,85,90
25,Female,4,3.88,3.4,100,6.9,7.3,3.4,0.1,3.4,No,In a Relationship,5.5,0,13,2,3.9,100,92
22,Female,3,4,6.6,100,7.1,6.3,2.7,0.8,3.5,Yes,Single,3.8,3.7,9,0,0.2,100,89
20,Female,4,3.88,3.1,96,7.2,3.3,1.4,5.2,4.4,No,In a Relationship,4.4,3.6,9,0,0,97,100
25,Male,2,4,3,87,7.7,1.9,0,1.8,1.4,No,In a Relationship,3.7,1.6,10,3,8.1,100,100
22,Male,3,3.48,2.5,81,6.8,5.6,3.1,2.5,8.4,Yes,Single,3.8,1.2,7,4,1.7,91,93
21,Female,1,3.61,4.6,89,8.1,7.7,6.3,2.8,2.6,No,In a Relationship,5.3,0.6,17,2,2.3,89,97
18,Female,2,3.1,3.2,97,7.5,7.1,4.7,1.8,2.7,No,In a Relationship,4.9,1.8,13,3,3.2,95,83
19,Male,3,3.42,2.5,75,6.3,9.3,4.5,1.7,6.9,Yes,Single,5.3,1.1,13,1,4.2,100,85
20,Male,2,4,5.5,100,8.6,6.2,3.2,2.3,0,No,Single,5.1,2.5,15,1,3.8,100,95
27,Male,1,4,5.6,100,5.4,5.4,3.3,1.6,6.9,No,Single,3.5,2.1,14,3,4.3,100,100
26,Male,4,3.15,2.6,86,6.9,5.3,0,1.8,3.2,No,In a Relationship,3.4,0.3,23,1,6.4,97,79
26,Female,1,3.22,0.7,85,8.2,5.8,3.9,1.4,1.9,No,Single,3.7,0.5,14,2,3.9,89,94
25,Female,4,4,5,100,6.1,3.7,1.9,0.9,0.8,No,Single,4.2,2.2,2,2,0.4,100,100
19,Male,1,2.97,2.5,82,7.4,6.2,1.7,0,0.5,No,In a Relationship,4.6,1.9,10,3,3.8,90,86
22,Female,1,3.85,4.7,100,7.7,6.1,2.3,0.3,2.3,No,In a Relationship,3.1,0.1,7,1,3.4,100,99
21,Female,4,2.47,0.5,64,6,5.1,2.3,1.1,3.6,No,Single,4.2,0.7,14,0,6.9,80,87
22,Female,1,3.95,4.8,100,6.9,5.7,1.7,1.2,4.2,No,In a Relationship,3.8,1,10,2,2.5,100,100
28,Male,2,2.94,1.7,85,6.8,6.2,2.8,3.1,3.5,Yes,Single,3.7,1.2,15,1,4.9,96,94
21,Male,1,3.93,4.6,100,6.3,3.6,2,1.8,2,No,In a Relationship,4.9,1.1,9,0,3.2,100,100
24,Female,4,4,3.5,99,9.8,3.1,3,1.9,5.7,Yes,In a Relationship,2.2,2.1,13,5,2.7,100,100
28,Male,4,3.65,2.1,94,6.1,2.9,0.6,0,8.3,Yes,In a Relationship,3.4,1.3,9,2,3.1,100,100
28,Female,1,3.73,2.9,100,8.2,6.8,2.5,1.2,6,No,Single,3.1,1.3,10,3,5.9,100,100
22,Female,4,4,4.5,100,6.5,3.7,1.2,0.2,2.3,No,Single,3.9,0.4,13,3,4.3,100,100
25,Male,1,4,3.7,89,5.7,5.4,1.8,3.8,4,No,Single,3,1.4,14,2,0,100,83
26,Male,4,4,4.4,99,7.1,6.2,3,0.3,4.1,Yes,In a Relationship,3.7,1.2,19,2,4.3,100,90
21,Female,3,4,6.5,100,7.8,1.4,0.4,2.1,6.2,No,In a Relationship,2.4,0.7,18,3,3.6,100,100
25,Female,1,3.29,1.2,88,8.1,4.1,1.6,5,2.3,No,In a Relationship,4.4,0,17,3,3.7,74,77
21,Female,4,4,5.9,100,8.9,7.1,3.7,2.1,1.1,Yes,In a Relationship,3.8,2.5,14,4,1.4,100,93
25,Male,3,3.9,3.7,96,10,2.8,0.7,0,5.3,No,In a Relationship,2.7,3,10,1,1.7,100,89
24,Male,4,3.42,2.2,90,7.3,8.1,5.5,2.9,3.8,Yes,In a Relationship,4.1,1.4,15,0,2.7,100,76
25,Female,4,2.75,1.5,74,6.2,8.1,4.6,1.4,0.8,Yes,In a Relationship,5.8,2.6,18,0,2.4,91,85
24,Male,3,4,3.2,87,7.5,5.2,2.1,0,4.4,No,Single,2.8,1.4,18,3,4.1,99,100
20,Male,3,4,4.9,100,6.7,5.9,1.6,1.7,6.7,Yes,In a Relationship,4.5,0,12,3,2.6,100,96
28,Female,2,3.74,3.3,100,8.1,6.6,3.1,2.4,1.6,Yes,Single,5.4,1.5,10,3,5.1,100,100
21,Male,4,4,5.8,95,5.4,2.5,0.6,0,1.2,No,Single,4.4,0.9,16,1,4.8,100,85
24,Female,3,3.68,1.3,98,9.8,2.4,0,2.1,3.1,No,In a Relationship,1.4,1.7,1,1,4.8,96,93
24,Female,4,3.76,3.5,98,8,5.1,2.1,2,4.4,Yes,In a Relationship,1.6,2.8,20,1,5,100,93
28,Female,4,2.99,1.6,84,5,7.2,2.6,3.2,2.9,No,Single,5.1,0.7,18,0,2.7,84,99
19,Female,2,3.37,4,94,6.1,5.3,2.9,1.5,5.3,No,In a Relationship,4.2,1.6,11,3,4.7,99,93
26,Male,3,4,4.8,100,8,2.8,1.9,2.1,3.5,No,Single,4.1,2.1,10,0,3.3,100,100
20,Female,1,3.9,2.9,85,8.4,8.2,4.7,0,5,No,Single,2.5,2.6,22,2,3.6,100,95
18,Female,1,2.84,0.5,81,5.5,2.7,0.6,2.1,1.6,Yes,Single,4.1,2.2,7,1,1.9,90,80
18,Female,4,4,3.8,95,7.9,2.6,1.1,1.9,0.5,No,In a Relationship,4,0.1,11,4,0.6,100,100
24,Male,2,3.08,4.2,100,4.7,6.5,3.5,1.1,2.3,Yes,In a Relationship,4.4,0.1,21,0,4.4,100,96
19,Female,4,4,4.1,100,6.9,5.3,1.1,2.2,0.3,No,Single,4.1,2,7,0,4,100,100
20,Male,4,4,5.4,100,8.3,3.3,1,2.8,3.8,No,Single,2,0.8,13,3,5.1,100,89
23,Female,4,2.91,1.9,72,6.3,6.6,3,0.7,0,No,In a Relationship,4.2,0.2,11,4,4.5,76,75
20,Female,2,4,4.5,100,5.2,5,1.2,1,2.1,Yes,Single,3.7,2.4,22,3,2.2,100,95
25,Female,3,4,5.3,100,7.2,6.6,2.6,4.4,2.4,No,Single,3.8,0.8,9,5,4.4,100,100
23,Male,4,3.03,0.8,89,6.3,3.9,1.8,0,0.9,No,Single,5.6,2.8,5,1,3.4,78,83
28,Male,3,4,4,100,7.8,3.2,1.5,3,2.4,Yes,In a Relationship,3.1,0.8,13,2,3.4,100,100
18,Male,4,3.76,2.7,86,5.9,1.8,0,4.7,3,Yes,Single,2.5,0.5,9,4,5.8,100,84
23,Female,3,3.47,3.4,85,6.1,6.9,3,0,5.5,No,Single,4.8,1.1,15,1,3.2,100,94
21,Female,4,3.82,4,100,4.6,4.7,0.9,3.5,0.9,Yes,Single,5.6,2,14,4,4.5,100,99
25,Female,4,3.17,2.8,85,7.2,4.4,2.5,2.6,3.7,Yes,Single,4.6,1.5,6,0,4.1,100,80
24,Female,3,3.22,2.5,83,6.8,7.6,2,2.8,4.1,Yes,In a Relationship,5,3.1,21,3,2.4,97,92
28,Female,2,3.35,3.6,85,5.6,4.2,2.5,1.8,3,Yes,In a Relationship,4.6,1.4,9,1,3.6,91,88
18,Female,4,2.95,1.9,84,7.2,6.8,2.6,0.7,2,No,Single,4.3,1,9,1,1.8,100,91
23,Male,1,3.51,1.9,85,8.2,7.9,3.1,0.4,0.7,No,Single,3.5,2.7,15,2,2.1,94,97
19,Male,1,4,4.5,99,6.7,4.8,1.7,1.1,6.8,No,Single,4.4,1.8,20,2,1.9,100,98
21,Male,1,3.28,1.8,91,7.3,6.8,4.7,3,3.1,No,Single,4.6,0.8,6,1,6.5,94,91
24,Male,4,4,4.5,100,7.3,2.1,0,3.5,2.4,No,Single,2.7,1.4,10,2,6.4,100,100
21,Female,2,4,4.2,100,5.6,5.2,2.5,3.7,7.2,No,In a Relationship,3.2,1.4,17,3,4.8,100,95
18,Female,3,3.04,0.9,78,9.5,8.4,4.1,1.1,3.4,Yes,Single,4.3,1,9,1,2.1,85,83
28,Male,2,3.18,2.5,77,6.4,5.1,3.5,0.2,8.1,Yes,In a Relationship,3.6,1.4,13,1,2.8,88,90
27,Male,3,4,5.3,100,7.8,2.1,1.3,1.5,0.2,Yes,In a Relationship,3.9,0,10,2,4.7,100,100
24,Female,3,3.19,2,86,7.9,5,1.6,4,2.5,No,In a Relationship,3.1,0.8,14,2,5.3,90,76
21,Female,3,3.78,2.8,97,6.8,5,1.3,1.5,0.3,No,Single,3.9,1.6,6,1,5.2,83,93
20,Male,3,3.94,4.2,95,7.7,9.1,3.7,0.9,2.8,No,Single,4.1,0.7,14,1,4.9,95,95
28,Female,3,3.81,4.7,100,7.3,3,1.7,3.6,2.7,Yes,Single,5,0.3,14,2,4.9,100,100
18,Male,3,3.87,3.1,97,5.3,6,3.2,0,2.1,No,Single,3.2,1.2,15,3,2.8,100,99
21,Male,1,3.61,2.6,79,6.6,7.6,3.2,0.8,3.1,Yes,In a Relationship,4.8,0.7,9,3,4.1,100,80
26,Male,2,3.93,5.6,90,6.3,9.5,6.4,0,2.2,No,In a Relationship,7,0,19,1,5.7,99,100
25,Male,3,4,6.1,100,6.4,6.1,3.3,3.4,2.8,Yes,Single,2.7,0,2,2,0,100,100
20,Male,4,4,5,100,5.4,5.5,1.6,2.2,1.5,No,Single,4.4,1.6,9,1,5.5,100,93
20,Female,4,4,3.6,100,8.4,2.9,0.6,2.8,5.9,No,Single,3.1,1.3,24,3,8.3,100,100
27,Female,1,4,2.3,95,8.9,6.4,2.4,0.2,0.8,Yes,In a Relationship,2.9,1.5,12,1,1.9,100,98
24,Male,1,3.44,2.3,75,8.2,4.1,2.6,3.2,3.4,No,In a Relationship,3.8,0.9,18,3,3.4,96,94
19,Female,2,4,4.3,100,8.5,1.2,0,0,0.6,No,Single,2,0,13,0,5.9,100,100
20,Male,3,3.66,4.1,100,6.6,4.4,1.7,0,1.3,Yes,Single,4.1,0.3,21,4,5.5,100,98
20,Female,2,3.93,5.6,100,6.2,3.1,3.2,1.7,1.5,No,Single,6.1,0.9,11,1,0.4,100,88
23,Male,2,3.73,4.5,92,6.1,5.1,2,2.7,2.7,Yes,In a Relationship,5.8,1.6,13,1,0.8,99,89
23,Female,4,3.04,1.2,76,7.8,5.2,4.3,0.6,3.4,Yes,Single,4.6,0,16,2,5,90,83
21,Female,4,4,5.1,100,7.3,3.8,0.5,0,0.8,No,Single,2.2,0,20,1,1.7,100,99
19,Male,1,3.49,2,89,6.9,7,3.8,0.3,2.2,Yes,Single,4.4,2.6,3,1,1.1,100,87
27,Female,1,3.49,2.9,88,8.6,7.1,4.2,0,1,No,In a Relationship,2.7,1.8,15,4,4.4,94,92
22,Male,3,3.56,3.9,89,7.5,7.7,4.2,5.1,0.9,Yes,In a Relationship,4.6,0.3,8,1,6,100,84
23,Female,1,4,6.5,100,6,3.7,0.5,2.4,5.3,No,Single,4,1,12,4,4.1,100,96
28,Female,4,4,8.2,100,6.2,5.9,3.3,0.2,0.2,No,Single,3.7,0.8,9,2,4.5,100,98
21,Male,4,4,4.4,100,7.8,7,1.8,0,3.1,Yes,In a Relationship,3.2,1.5,1,1,4.1,100,100
25,Female,1,4,3.2,100,8.3,4.2,0.7,0.4,6.4,No,In a Relationship,1.3,0.7,17,0,3.5,100,87
23,Female,4,4,4.3,99,7.7,6.1,2.2,1.7,5.4,Yes,Single,4.9,0.1,5,2,7.9,100,92
19,Male,2,4,4.8,100,9.3,5.7,1.4,0.9,3.9,Yes,In a Relationship,2.9,1.7,12,2,4,100,98
25,Female,4,3.54,3,90,9,8,4.2,4.3,3,No,Single,4.8,3,11,3,3,92,87
18,Female,3,4,6.2,100,7.5,9.1,3.6,0.5,4.5,No,Single,4.2,1.7,8,0,5.6,100,100
24,Female,4,3.74,3.8,91,6,4.3,1.1,2.3,3.7,No,In a Relationship,4.4,1.3,15,0,4.9,87,100
19,Male,3,3.73,4.2,100,5.4,4.7,1.7,0.6,5.8,Yes,In a Relationship,4.7,1,10,2,6,100,89
18,Female,3,3.86,4.5,100,6.5,4.4,2.2,2.6,2.7,No,In a Relationship,4.1,0.4,8,1,5.9,100,89
18,Male,4,4,4.1,100,7.9,5.4,2.7,0.9,5,No,In a Relationship,2.8,0.8,5,1,7.5,100,99
20,Male,4,4,4.8,100,9.2,6.4,4.3,2.9,2.3,No,Single,3.1,1.6,7,2,2.1,100,95
21,Female,4,3.06,2.6,92,7.5,7.6,3.8,2.1,6.8,Yes,In a Relationship,5.3,2.4,14,0,4.4,98,88
19,Male,2,3.5,2.7,88,8.4,4.8,2.9,3.9,2.7,Yes,Single,4.5,2.4,2,2,2.7,92,100
26,Female,4,3.56,1.8,93,6.7,5.5,2.4,1.8,0,No,In a Relationship,2.4,1.4,20,4,0.5,97,99
23,Female,4,4,4.2,100,7.7,3.8,0.1,2.2,3.2,No,In a Relationship,2.5,1.4,11,1,5.7,100,94
26,Male,2,3.7,4.7,94,8,7.9,4.7,0,4.5,No,In a Relationship,4.6,1.3,8,1,3.3,89,93
27,Female,2,4,4.2,100,4.6,4,2.1,0,6.3,No,Single,5.6,1.8,15,3,7.2,97,90
23,Male,3,4,6,100,6.5,8.9,5.1,2.4,1,Yes,Single,4.5,1.2,10,0,2.3,100,87
26,Female,3,4,3.5,99,8.1,6,3.1,1.3,0,No,In a Relationship,4.8,1.3,16,2,3.4,100,87
22,Female,2,3.74,4.5,100,7.3,5.4,5.8,2.5,4,Yes,Single,4.6,0.3,7,0,5.9,100,84
28,Male,2,3.11,1.9,80,5.6,5.5,3.7,0.8,3.9,No,Single,3.5,0.3,7,1,2,89,82
27,Female,1,3.75,2.9,92,4.1,5.4,0.7,1.8,0.2,Yes,Single,6.2,0.5,15,5,1.3,91,97
25,Female,2,3.7,4.5,100,6.6,6.7,1.9,0.5,2.3,Yes,Single,3,1.4,18,1,5.5,100,99
28,Male,3,4,4.8,100,6.9,6.1,2.5,2.1,2.4,No,In a Relationship,5.1,0.9,13,1,4.1,100,99
21,Female,2,4,3.1,96,5.9,5.4,1.5,0.3,4.6,Yes,In a Relationship,2,3.8,13,2,1,93,100
19,Female,4,3.95,3.4,97,7.2,4.3,2.2,1.7,2.2,No,Single,3.4,1.6,8,3,3,100,86
22,Female,1,3,1.2,74,7.6,3.4,0.7,0.7,2.1,No,Single,3.8,2.8,9,5,3,84,88
19,Female,3,3.83,3,95,7.8,7.3,2.8,3.2,3.2,No,In a Relationship,4.5,2.7,9,4,3.9,100,100
20,Female,4,4,4.8,94,4.2,6.7,3.2,0.6,0.2,No,Single,6.2,1.6,18,3,3.1,100,100
27,Female,2,4,4.4,95,5.4,4.4,1.3,0.7,6.8,Yes,Single,4.3,1.2,19,1,8.6,100,99
22,Female,3,3.65,4.3,100,6.6,8.5,5.7,1.1,4.9,Yes,Single,4.7,0.3,15,5,3.8,100,97
18,Male,3,4,3.6,87,7.7,7.3,2.9,2.7,1.6,Yes,Single,5.5,0.6,22,3,4.7,100,100
21,Male,3,3.82,3.5,94,7.6,5.9,1.6,1.4,0.8,No,Single,4.2,2,15,3,5.7,100,83
22,Female,1,3.41,2.5,83,7.6,4.2,0.4,1.3,0.9,No,In a Relationship,4.1,1.5,18,1,1.4,97,92
19,Male,1,4,4.5,95,6.5,6,2.9,1,4.2,No,In a Relationship,4.4,0.6,11,2,6,100,94
27,Male,3,3.75,4.1,100,6.6,5,2.4,1.8,1,Yes,In a Relationship,4.9,1,11,2,3.7,100,94
24,Male,4,3.2,4.2,87,6.1,7.8,4,0.7,2.5,No,In a Relationship,4,1.5,11,3,5.6,100,86
25,Female,1,3.53,2.7,88,7.9,4.3,2.6,0.5,0,Yes,In a Relationship,3.3,1.2,7,2,1.7,99,94
24,Male,4,3.01,0.5,84,5.9,2.9,1,1.2,4.1,No,Single,3,1,10,1,5.9,83,94
28,Female,1,4,5.1,100,8,6.6,5.3,0.7,4.2,No,Single,5,1.1,14,3,4.5,100,100
19,Female,4,3.24,2.8,86,7.2,8,3.5,0.9,2.6,No,Single,3.8,0,9,2,7.5,100,97
28,Female,3,3.63,2.2,79,6.9,4.5,2.4,0,3.4,Yes,In a Relationship,3.6,1.2,15,1,6.2,93,90
21,Female,1,3.96,4.5,100,6.2,6.5,3,3.2,4.6,No,In a Relationship,4,0.1,8,2,3.5,100,100
22,Male,3,2.84,2.9,82,5.4,6.3,3.5,1.5,3.3,No,Single,6.3,1.6,8,3,3.2,84,95
19,Female,2,3.95,5.1,100,6.2,7.2,0.7,1.5,4.6,No,In a Relationship,3.8,1.3,12,2,2,100,100
23,Male,2,4,4.4,96,6.6,6.5,3,0.4,0.7,No,Single,3.3,1.9,2,1,6,100,96
19,Female,1,3.69,4.5,100,4.2,2.9,2.1,0.9,3.8,Yes,Single,4.8,2,17,3,1.3,100,94
27,Male,3,3.03,1.5,84,6.8,8,3.6,0,3.4,No,Single,4.1,2.9,16,2,1,90,75
24,Male,4,4,5.3,100,8.1,4.2,1.7,0.4,5.4,No,Single,2.5,0,16,2,3.2,100,98
21,Female,1,4,3.9,98,7.7,4.7,1.9,1.2,3.1,Yes,Single,3.4,1.1,16,2,7.5,100,98
19,Female,2,3,2.9,79,6.4,7.5,5.3,1.7,2.8,Yes,In a Relationship,6.4,0,11,2,2.3,97,91
19,Male,4,3.64,3.7,89,7.1,7.8,4.6,2.1,1.9,No,In a Relationship,4.2,1.7,13,3,6.1,98,82
26,Male,3,3.28,0.8,87,6.3,3.2,0,2.5,6,Yes,Single,2.8,1,14,1,4.1,83,97
24,Female,1,3.32,4.1,98,7.2,6.7,4.5,3.1,0,No,In a Relationship,5.6,0.7,5,4,3.2,99,100
24,Female,4,3.59,2,71,8.8,5.1,2.7,2.3,4,Yes,Single,3,1.5,13,1,6.2,98,91
19,Male,4,3.2,1.5,73,8.2,4.8,1.7,1.4,3,No,In a Relationship,2.6,0.1,10,1,5.8,100,81
18,Male,3,3.77,1.2,80,7.6,1.5,1.3,2.1,2.6,No,Single,2.6,3,21,1,2.6,84,100
25,Male,3,4,5.2,100,6.4,2.7,1.4,1.3,2.3,No,In a Relationship,3.4,1,11,2,4.1,100,99
20,Female,4,3.7,2.6,89,7.9,6.8,1.8,0.3,2.9,No,Single,4.1,1.3,11,2,5.2,100,85
18,Female,3,4,5.8,100,5,4.5,1.1,4.2,4,No,Single,3.5,1.1,6,3,6.2,100,99
22,Female,2,3.18,2.7,83,6.7,3.2,0.8,2.7,1.4,Yes,In a Relationship,3.6,2.1,10,1,2.2,95,84
22,Male,3,3.26,0.9,87,7.7,2.2,1.2,2.2,3.3,No,Single,2,0,1,0,2.7,77,97
26,Male,1,3.31,1.8,83,7.9,6.2,3.3,1.7,3.7,No,In a Relationship,3.3,2,21,1,4.9,83,87
23,Male,3,4,5.4,100,7.8,7.1,2.9,2.4,1.1,No,In a Relationship,4.4,0.7,15,2,4,100,95
20,Male,1,3.6,3.3,80,7.4,9.8,3.6,1.9,4,No,Single,2.4,0.7,10,1,5.2,96,83
26,Female,2,3.34,2.7,93,6.8,8,2.7,1.7,3.7,No,Single,5,2.1,15,1,0,100,87
25,Female,3,4,3.7,100,7.6,2.7,0.8,2.9,1.4,No,Single,2.8,0.9,7,1,5.4,100,98
28,Male,3,3.74,4.3,100,5.9,5.9,3.5,1.6,0.6,Yes,In a Relationship,7,1.8,11,0,4.7,100,100
28,Male,3,4,5.2,100,6,2.5,1.3,3.1,1.4,Yes,In a Relationship,4.6,1.8,6,2,0.5,100,89
26,Female,4,4,5.7,100,7.1,5.8,3.8,1.7,3.3,No,In a Relationship,2.5,0.9,4,1,2.8,100,85
20,Male,1,3.8,3,92,7.2,3.8,1.1,0,2.8,No,Single,3.6,1.4,16,2,2.9,100,100
26,Male,4,3.34,1.5,78,4.8,4.4,1.8,2.1,5.8,No,In a Relationship,3.6,0.7,11,3,5.9,88,84
23,Male,2,3.71,2.9,83,7.5,7.8,2.3,0.7,2.3,No,In a Relationship,4.1,1.2,3,0,3.8,90,100
19,Male,2,3.65,3.9,100,7.9,5.2,3.8,0.2,1.2,Yes,Single,6.1,1.7,8,4,5.9,92,91
22,Female,1,2.94,2.1,63,6.9,6,3.1,0.7,4.3,Yes,In a Relationship,4.7,0.2,19,0,2.7,84,83
24,Female,4,3.08,2.1,79,9.8,3.3,2.8,0,1,Yes,In a Relationship,3.3,1.6,8,2,2.2,81,83
22,Female,3,3.74,4,76,6.2,9,5.6,2.5,1.4,Yes,In a Relationship,4.4,1.5,15,0,3.4,100,89
18,Female,2,3.77,3.4,100,6.6,1.4,0,2,1.4,Yes,Single,4.3,0,8,0,6,100,89
26,Female,3,3.55,3.5,97,6.5,5.5,1.2,1.8,0,No,In a Relationship,4.7,0.5,13,2,5.1,100,100
27,Female,3,3.31,2.4,84,6.9,3.9,1.2,0,4.1,Yes,In a Relationship,4.4,0.5,15,2,3.3,100,91
19,Male,3,4,3.2,96,6.6,1.4,0.1,2.2,4.9,Yes,In a Relationship,2.6,0.8,9,0,6.4,100,100
24,Female,2,3.26,2.1,84,5.3,2.2,1.7,4.1,4.8,Yes,In a Relationship,4.2,0.2,11,3,4.2,96,99
25,Male,1,3.57,4.8,89,6.3,5.6,3.8,1.7,6.8,Yes,Single,3.7,2.1,14,1,3.2,100,100
28,Female,2,3.9,5.1,100,6.9,5.2,1.9,0.7,6,No,Single,3.2,2.3,9,0,5.4,100,100
28,Female,4,3.63,0.7,88,8.5,5.8,2.3,0,2.3,Yes,Single,2,0.4,11,3,4.8,89,87
24,Female,4,3.72,2.1,100,9.6,2.6,0.2,0.5,5.2,Yes,In a Relationship,2,0,7,3,3.1,100,84
28,Female,3,3.34,1.3,90,8.6,5.7,1.6,3.8,2.8,No,In a Relationship,3.5,1.2,13,3,4.8,98,98
20,Female,3,3.61,2.5,88,6.1,3.7,2.1,0.9,2.1,No,Single,3.8,2.5,17,0,6.9,95,98
19,Male,4,3.29,3.4,96,6.2,3.3,3.8,0,1.5,No,Single,5.7,3.4,6,3,3.8,96,90
20,Female,3,3.12,1.3,88,6.8,3.6,0.3,1.9,2.5,Yes,Single,4.1,0.5,8,2,4.5,100,100
19,Male,1,3.22,2.1,80,9.1,6.6,2.1,0.9,3.7,Yes,In a Relationship,4.3,0,2,1,5.4,94,75
27,Female,4,3.35,2,71,6.8,9,4.4,0.2,6.2,No,In a Relationship,3.1,0,15,2,6,91,90
27,Male,3,3.72,3.8,98,5.4,3.5,2.1,2.3,4.5,No,In a Relationship,4.7,0,4,6,5.2,92,89
21,Male,2,3.83,3.6,93,6.4,2.3,0,1.1,1.5,No,Single,4.8,1.6,15,2,6.1,100,100
25,Female,4,3.04,2.4,75,7.9,8.6,4.7,1.7,0.9,No,In a Relationship,4.6,1.3,15,2,3.6,98,89
22,Female,3,4,3.8,100,7.8,6.1,3.9,1.6,4.1,No,In a Relationship,5.4,1.4,17,1,4.8,100,100
25,Male,3,3.25,2.7,85,6.8,7.2,4.1,3.4,4.8,No,In a Relationship,3.6,2.3,14,3,4.5,100,78
24,Male,1,3.69,3.1,96,7.8,2.3,0.2,2.1,5.5,No,In a Relationship,2.3,2.8,4,3,3.2,100,100
28,Male,3,3.78,6,91,4.3,6.8,5.1,2.2,2.5,No,In a Relationship,4.3,2,11,1,4.4,100,94
22,Male,1,4,5.5,100,7.1,3.5,1.6,0.2,3.9,No,In a Relationship,1.5,1.9,13,3,4.1,100,98
23,Female,3,3.35,1.6,80,8,6.1,2,0,4.7,Yes,Single,1.5,0,15,3,3.5,96,97
19,Male,3,4,4.7,94,6,4.7,1.7,4.9,0.3,No,In a Relationship,5.9,0.7,15,1,3.5,100,100
24,Female,1,4,4.7,87,6,8.7,4.2,2.5,3.6,No,Single,4.1,2.6,10,1,4,100,97
25,Female,2,3.55,1.8,91,4.8,6.1,2.5,0.1,4.8,No,In a Relationship,3.6,0.7,11,4,4.9,93,89
25,Female,2,3.7,4.7,100,8.9,8.4,3.5,3,4,Yes,Single,3.9,2.3,12,1,0.7,100,89
26,Female,2,4,5.8,100,6.1,6.9,2.9,1.6,2.8,No,Single,3.7,1.3,6,1,4.6,100,94
26,Female,2,3.24,1.8,71,7.3,6.6,2.7,1.1,8.2,No,In a Relationship,4.1,2,7,3,1.9,77,87
24,Male,3,3.3,2.1,73,7.7,4.3,1.4,0.6,6.9,No,In a Relationship,4.3,0.3,12,1,6.9,100,83
22,Male,4,4,5,98,8.8,12,5.5,1.8,3,No,In a Relationship,2.3,2,8,4,0.1,100,100
22,Female,1,4,3.9,82,6.8,3.7,0.6,3.2,2.6,Yes,In a Relationship,3.9,0.6,5,4,5.3,100,100
23,Male,3,3.88,4.3,92,6.4,4,3.4,2.9,4.4,Yes,Single,2.2,1.4,4,1,0.6,100,99
26,Female,4,3.52,4,79,7.2,6.7,3.4,4.3,2.9,No,In a Relationship,2.9,1.2,15,3,5.4,93,90
26,Male,2,3.94,4.1,96,8.5,6.3,4.5,1.2,5.5,No,Single,4.2,2.4,14,1,4.9,100,95
18,Female,1,2.28,1.5,76,6.8,9.1,4.9,1.6,0.5,No,Single,4.5,2,13,1,3,84,73
23,Male,4,4,5.1,100,5.9,6.5,2.6,2.7,2.5,Yes,In a Relationship,4.7,0,10,0,6.3,100,92
19,Male,3,3.82,5.3,100,5.2,6.4,3.6,2.4,4.4,No,Single,4.8,0.4,9,3,1.9,100,89
28,Female,1,3.49,3.2,81,5.5,7.3,5.4,4.4,5,No,In a Relationship,3.6,0.6,2,1,3,97,89
18,Female,1,3.84,3.4,100,8,5.9,2.7,4.5,0,No,Single,4.9,1.9,15,0,4.9,100,95
21,Female,4,3.13,1.2,82,6.6,3.4,1.2,1.1,1.1,Yes,In a Relationship,4.2,0.7,10,0,7.6,83,89
28,Female,1,4,4.3,100,6.3,6.1,2.2,0,0,Yes,In a Relationship,4.7,0.1,15,1,5.6,100,96
20,Male,1,4,4.4,87,6.1,4.5,0.8,0,1.3,Yes,In a Relationship,3.3,0,7,3,4.7,100,97
28,Female,1,3.37,3.4,83,7.1,9.9,3.4,2.1,0.4,Yes,Single,5.2,1.9,20,3,6,100,89
23,Female,3,3.96,5.2,99,6.7,6.9,4.4,1,4.1,Yes,Single,3.3,0,13,3,4.7,100,95
23,Female,4,3.76,3,100,6.7,5.2,2.6,2.5,3.5,Yes,In a Relationship,3,2.3,11,3,5.1,91,100
22,Male,1,4,4.3,100,8.6,3.2,0.4,0.7,2.7,No,Single,2.9,0,7,2,4.2,99,100
24,Female,4,3.12,2,78,8.8,7.2,4.3,3.6,3.1,Yes,In a Relationship,5.1,0.8,13,2,3.9,91,83
28,Male,1,3.62,3.5,99,5.1,4.3,0.1,0,5.4,No,Single,2.7,0,15,2,4.1,100,90
23,Female,2,4,3.2,100,7.4,3.2,0.5,0.8,0.9,Yes,Single,3.9,0.3,1,1,2,100,95
18,Female,4,3.47,3.8,88,6.1,7.9,2.5,0.8,0,No,Single,5.1,1,11,1,1.9,100,98
26,Male,4,3.37,2.9,82,6.7,6.9,3.2,2.2,4.4,Yes,In a Relationship,4.5,1.1,11,1,5,89,94
21,Male,3,3.94,3.3,100,7.4,5.8,3.4,0.9,2.2,No,Single,3.6,0,14,2,4.2,100,95
20,Female,4,4,4.7,100,6.7,4.8,2.7,1,1,No,Single,4.4,0.8,4,4,0.6,100,97
26,Female,1,3.11,2.8,96,7.3,9.6,5.4,3.1,4.1,No,Single,4.7,1.3,16,2,4.6,99,74
21,Female,2,3.45,1.1,85,7.8,5.9,2.9,2.9,0,Yes,In a Relationship,5.9,1.7,16,1,4.7,88,99
25,Male,4,4,6.1,100,7.4,7.4,4.4,2,1.3,No,Single,3.8,0,16,2,0,100,98
28,Male,1,4,5.6,100,6.2,6.3,4,0.1,0,No,Single,4,0.7,9,1,4.8,100,100
24,Female,4,2.66,1.6,73,6.2,3.8,0.9,2,3.5,No,Single,6.5,0,18,1,6.6,91,71
27,Male,2,3.74,4.5,100,5.3,4.7,2.5,2.6,6.1,No,Single,4.2,0.7,8,2,1.7,100,100
19,Male,4,3.27,2.7,75,6,10.6,6,1.3,1.9,No,Single,6.5,0.8,1,1,6.6,73,98
26,Male,2,3.6,3.9,88,9.4,5.9,2,0.5,1.4,Yes,Single,3.9,1.8,14,2,4.1,100,93
25,Male,4,3.62,3.9,97,6,4.6,1.8,0.8,6.6,No,In a Relationship,4.1,2.2,12,3,4.9,100,100
24,Male,1,3.95,3.1,96,5.6,5.9,3.1,1.9,4.3,No,In a Relationship,5.3,0.2,18,0,4,100,100
23,Male,1,3.44,2.3,76,7.4,5.2,2.1,3.3,7.8,Yes,In a Relationship,3.5,1.5,7,3,3.7,96,86
23,Male,2,3.5,2.5,87,6.9,4.6,1.6,0.3,3.3,No,Single,4.7,1.9,10,0,2.6,98,96
19,Female,2,3.1,2.1,80,6.8,4,2.1,2.1,3.5,No,In a Relationship,3.9,0.5,10,4,5.4,91,77
28,Female,4,3.78,2.3,92,8.7,5.6,4.9,2.9,5.9,Yes,In a Relationship,4.8,2,16,1,4.6,100,100
28,Female,3,3.75,3.4,78,7.7,4.6,2.6,2.1,2.7,No,In a Relationship,5.7,1.3,7,2,0.1,100,100
23,Female,2,3.64,2.4,97,6.4,3.6,0.8,2.8,3.5,No,Single,3.6,0.9,18,0,5.8,93,100
26,Female,2,4,4.5,98,6.5,2.6,0.5,0.8,0,Yes,In a Relationship,4.4,1.3,8,2,2.8,100,96
20,Male,2,3.61,5.7,99,6.4,10.1,6.1,1.3,6.5,Yes,In a Relationship,4.3,0,10,2,4.7,100,100
20,Male,4,3.78,2.6,96,8,5.2,2.5,0,3.8,No,Single,3.3,1.3,12,4,5.9,94,100
19,Male,4,3.57,3.9,100,6.6,8.7,3.5,0.6,2.8,No,In a Relationship,4.9,0.4,7,1,3.2,99,100
19,Female,3,4,4.2,96,4.8,3.9,1.6,0.4,4.8,No,In a Relationship,3.6,1.2,14,4,2.4,100,94
24,Female,1,3.81,4.2,91,6.9,6.5,3.3,0.2,0.6,No,Single,4.9,0.8,13,1,4.1,100,93
27,Female,1,2.87,3.6,81,5.2,7.7,5,2.3,1.9,Yes,Single,6.1,1.5,9,2,5.7,100,86
20,Male,1,4,4.6,100,9.6,5.3,1.8,0,4.1,Yes,In a Relationship,4.1,2.4,13,2,3.6,100,100
20,Female,1,3.42,4.2,87,5.8,7.8,3.5,0,3.1,Yes,Single,3.9,1.3,14,0,5.4,100,91
18,Female,3,3.56,1.6,86,6.8,4.4,0.7,2.5,3.9,Yes,Single,3.5,2.2,15,0,0.9,100,94
24,Male,4,3.99,4.8,97,7.3,6.4,5.8,1.2,3.5,Yes,In a Relationship,4.5,0.2,18,1,4.1,100,93
26,Male,4,3.82,4.8,100,6.7,6.8,3.2,0.1,4.3,No,In a Relationship,4.8,2.6,14,4,6.9,100,97
20,Female,1,3.26,2.4,86,6.7,4,2.2,2.1,0.4,No,In a Relationship,5.3,0.2,14,2,2.4,100,84
25,Male,4,3.5,3.6,92,7.5,5,2.4,1.2,5.6,No,In a Relationship,4.9,0,6,2,0.4,91,99
25,Male,4,4,4.5,100,8.8,5.8,2,1.8,2,No,Single,2.9,0.9,4,2,2.6,100,100
24,Male,4,3.56,3.2,90,7.9,3.8,2.1,1.8,3.1,No,Single,3.6,0.8,9,2,5,99,97
26,Female,4,4,5.1,100,8.8,4.4,0,1.2,1.8,No,Single,3.4,0,14,3,2.5,100,99
24,Male,3,4,7,100,5.7,5.3,2.7,0.4,2.4,Yes,In a Relationship,5.3,0.1,14,2,2.7,100,96
19,Female,1,3.57,2.3,87,7.4,8.2,2.6,1.1,3.5,Yes,Single,1.3,0,1,0,2.9,95,67
20,Female,2,2.87,1.4,65,7.2,6.6,3.5,1.9,4.5,Yes,Single,3.3,0,13,1,8.3,80,87
24,Female,3,4,4,96,7.4,7,2,2,4.8,No,In a Relationship,3.8,0.5,18,1,4.2,100,98
18,Male,1,3.85,4.6,100,8.7,6,1.6,1.9,3.9,Yes,In a Relationship,2.6,2.7,23,1,6.2,100,100
27,Female,4,3.48,3.2,86,6.7,5.1,2.8,1.1,1.8,No,Single,5.2,1.9,19,2,5.6,100,100
20,Male,3,4,5.7,100,6.5,1.8,0.4,1.9,3.7,No,Single,4.2,1.5,9,1,5.4,99,97
27,Male,3,3.16,1.5,79,7.6,6.1,3,0,3.5,No,In a Relationship,3.6,3.4,9,1,5.2,100,96
22,Male,2,4,4.5,100,4.9,2.3,0,2,3.1,No,In a Relationship,4.3,0,14,5,3.8,100,91
27,Female,4,3.51,2.6,83,6.7,9.4,4.5,2.6,4.1,No,Single,6.1,1.1,16,3,4.7,83,100
25,Male,3,4,6.1,100,6.8,6.5,3.8,0,0.4,No,Single,6.1,3.2,18,4,6.4,100,100
26,Male,1,4,6.5,100,5.9,4,1.4,2.9,0,Yes,In a Relationship,3.7,0.7,15,0,5.9,100,100
27,Female,1,3.18,2.4,77,8.3,5.1,3.8,3.5,5.4,No,In a Relationship,3.3,0.4,6,2,1.9,92,89
22,Female,4,2.71,2.7,73,5.7,6.5,3,2.1,2.7,No,Single,4.7,2,5,2,3.8,85,83
21,Male,3,4,4.8,100,6.8,2.9,1.3,0,3.8,No,In a Relationship,2.4,0.6,19,1,4.4,100,100
19,Male,2,3.67,2.9,96,7.4,3.5,0,1.6,1.3,Yes,In a Relationship,4.2,2.5,11,2,0.9,100,91
24,Female,3,3.76,3.4,100,8.6,7,3.3,0.5,5.5,No,Single,2.6,2,7,5,2.5,100,95
27,Female,4,3.58,3.5,89,7,3.7,1.6,1.6,3.7,Yes,In a Relationship,3.3,1,6,1,4.5,100,100
21,Female,3,2.54,0.6,78,8.1,8.5,4.4,2,2.6,Yes,Single,5.5,2.2,9,2,0,81,74
24,Female,2,3.92,3.5,88,7.8,5.5,2.8,2.4,3.6,No,In a Relationship,3.2,1,20,0,3.2,96,95
20,Male,2,3.74,2.5,88,7.1,3,1.8,1.8,0,Yes,In a Relationship,3.9,1.3,11,1,4.1,96,95
20,Female,1,2.71,2.8,79,5.7,10.4,5.5,1.2,3.7,Yes,In a Relationship,5.8,1.8,16,2,5.8,100,72
23,Female,3,4,5.7,96,5.3,5.6,3.7,3.4,6,Yes,Single,4,0.8,14,1,6,100,100
22,Male,1,3.29,1.6,79,7.1,3.6,0,0.4,3.6,Yes,Single,4.3,2.7,12,1,3.3,98,83
25,Male,3,4,4.7,100,6.3,5.6,2.1,0,3.4,No,In a Relationship,3,1.3,2,5,1.9,100,91
23,Female,1,3.73,3.1,92,8.1,4.2,0.7,1.1,2.4,No,In a Relationship,1,1.5,16,1,1.8,96,91
28,Male,3,4,3.1,100,7.9,5,1.6,1,5.2,No,Single,3.7,0,8,3,7,100,99
18,Male,2,3.86,4.7,100,6.8,4.4,2.6,0.4,5.5,No,Single,3.2,0.6,4,2,5.3,100,100
26,Female,4,3.55,4,88,5.6,8.3,3.3,2.2,2.1,Yes,Single,4.1,1.4,3,2,0,95,91
28,Male,3,3.95,4.4,100,7.6,7.3,3.2,0.8,3.7,No,Single,4.3,2.1,15,0,7.6,94,100
26,Male,1,3.83,5,99,5.8,8,4.4,2.4,3.5,No,In a Relationship,5.4,2.6,16,0,5.4,100,100
23,Male,3,3.54,3,89,6.1,5.2,3.8,0,3.8,No,Single,3.9,0.1,1,0,4.1,93,96
20,Male,2,2.61,2.6,79,5.8,5.5,3.7,0.5,1.5,Yes,Single,6.3,0.4,9,0,4.9,88,78
28,Female,2,2.88,1.9,69,6.8,6.9,3.1,2.8,5.3,No,Single,4.7,0,14,2,3.2,83,93
20,Female,3,3.42,2.3,78,8.4,5.3,4.7,0.8,4.1,No,In a Relationship,6.1,1.7,13,1,4.7,89,86
28,Female,2,4,7.9,100,7,5.7,2.3,0.5,5.4,No,In a Relationship,2.9,2.6,9,3,3,100,100
22,Female,1,3.74,5.4,100,6.5,3.8,2.4,3.4,0.8,No,Single,4.7,1,12,0,4.9,100,96
20,Male,2,2.93,1.5,78,5.2,2,0,3.3,0.9,No,In a Relationship,4.2,1.3,17,1,1,91,77
22,Male,2,3.31,1.5,65,7.7,5.7,4.4,0,7.1,Yes,In a Relationship,3.3,1.3,14,1,3.6,100,82
27,Female,3,3.87,4.2,100,6.1,6,2.7,1.2,5.3,No,Single,4.3,0.7,15,3,5.9,100,100
20,Female,4,3.42,4.3,88,7.1,11.5,7.2,1.6,1.4,No,Single,6.6,0,10,1,3.5,99,100
27,Male,1,3.7,4.3,100,6.6,5.6,2.2,2,4.7,Yes,In a Relationship,4.1,2.3,6,2,3.9,100,99
21,Male,3,4,3.1,97,8,6.4,2.9,0,2.1,No,Single,3.6,1.4,13,2,1.8,100,100
23,Female,3,3.7,3.3,96,6.8,6.8,3.6,0,0,No,In a Relationship,4.9,0.7,16,2,6.2,95,89
21,Female,2,4,4,100,6.9,4.9,1.1,2,0,No,Single,3.5,4.2,9,1,3.1,100,100
27,Female,1,4,3.6,95,7.6,6.9,3.3,2.7,3,No,In a Relationship,3.3,1.2,13,1,5.1,100,95
18,Female,3,2.85,0.5,76,9.5,2.6,2.9,1,6.1,No,Single,2.6,0,12,1,1.9,83,91
18,Female,4,4,3.2,100,8.1,6.4,2.3,0.9,6,No,In a Relationship,4.4,1.9,4,1,0.6,100,95
25,Male,1,2.98,2.2,87,6.9,8.6,4.6,1.7,5.5,No,In a Relationship,6.4,0,11,3,3.9,100,87
24,Female,4,3.82,3.8,92,7,4,1.4,1.7,4.7,Yes,In a Relationship,4.5,1.7,13,1,3.9,95,92
26,Male,3,4,8,100,6.4,3.8,3.2,1.8,3.6,Yes,Single,3.9,1.6,10,0,0.6,100,94
24,Female,1,3.61,4.1,100,5.9,8.3,5,4.6,5.3,No,In a Relationship,5.3,2.6,17,2,3.1,99,100
23,Female,4,3.16,3,72,6.3,5.1,1.7,0.3,0,No,Single,2.4,0.2,6,2,4.2,83,95
19,Female,2,3.82,4.9,92,6.1,4.9,2.4,0.4,5,No,In a Relationship,3.7,0.9,23,3,3.6,100,84
22,Male,2,3.34,4.2,86,7.8,9.5,6.3,0.9,0.8,No,Single,5.2,1.1,12,2,3.9,100,99
22,Female,4,3.93,4.1,99,5.7,7.8,3.5,1.6,1.2,Yes,Single,7,2.1,11,0,2.8,100,100
22,Male,4,4,4.4,100,8.6,7.9,2,0.6,4.4,Yes,In a Relationship,3.2,1.6,17,1,2.3,100,88
26,Female,4,4,6.6,100,7.9,7.2,4,0.9,4.9,No,Single,3.9,1.7,5,2,2.9,100,85
27,Female,1,3.41,1.8,90,7,5.3,1.9,0.1,1.8,No,In a Relationship,3.9,2.4,23,2,3.5,89,93
22,Female,2,4,4.2,94,7,2.5,0.5,0.3,4.3,Yes,In a Relationship,2.6,1,9,2,2.3,100,93
18,Male,1,2.85,2.1,68,6.3,7.3,4.9,0,4.1,No,In a Relationship,5.5,2.7,16,1,5.6,80,89
28,Male,1,4,4.3,100,7.3,3.9,1.1,2.1,2.4,No,In a Relationship,2.7,1.1,12,3,1.4,100,100
27,Male,2,2.78,2.1,79,8.3,10.9,6.5,0.8,3.3,Yes,Single,5.6,2.1,7,4,4.8,78,90
20,Male,2,3.62,2.9,98,6.2,6.1,2.1,2.5,7.2,No,Single,4.7,0.7,17,4,3.4,100,98
23,Male,4,3.13,3.1,75,5.2,11.3,6,2.2,2.4,No,In a Relationship,6.2,1.8,15,2,6.6,86,85
24,Male,1,4,5,100,7.8,1.9,0.7,4,2.5,No,Single,2.7,2.4,27,2,6.5,100,100
24,Female,2,4,4.9,90,7.4,5.7,4.3,1.3,3.3,No,In a Relationship,4.4,0.1,14,4,7,100,91
24,Female,2,2.89,1.6,82,5.7,7.8,3.5,1.8,2.6,Yes,Single,6.1,2.1,9,1,5.8,91,94
25,Male,1,3.17,3.6,98,6.1,8.8,4.1,0.2,4.6,No,In a Relationship,4.7,1.4,3,2,3.2,82,95
23,Female,3,3.3,2.4,85,6,7.3,4.3,1.3,5.9,No,Single,3.8,3.2,8,0,3.3,87,92
23,Male,3,2.93,1.6,75,6.1,1,2.1,2,2.5,No,Single,5,0.9,13,1,6.7,96,80
21,Female,1,3.69,3.2,99,6.6,2.9,0.8,0,1.3,No,Single,3,1.5,10,2,2.5,100,100
20,Male,3,4,3,94,6.7,6.1,2.7,2.2,6.9,No,Single,3.1,1,16,0,5.7,98,100
28,Male,1,4,7.1,100,6.2,5,3.1,1.7,3.2,Yes,In a Relationship,4.7,1.9,14,2,7.9,100,100
22,Male,4,3.99,4.1,94,6.1,5.3,2.1,1.4,0,Yes,Single,3.9,0,6,2,3.1,100,93
22,Male,1,3.64,1.4,79,6.7,8.5,3.2,1.7,6.7,No,In a Relationship,1.8,0,10,2,4.4,86,99
25,Male,1,4,2.7,96,7.2,8,3.3,1.2,5.3,No,In a Relationship,4.2,1.9,8,1,1.7,100,94
26,Female,4,4,5,100,6.6,5.4,1.4,1.8,6.2,No,Single,1,1.2,14,2,3.7,96,100
24,Female,1,4,6.6,100,8.4,6.3,3.4,2.8,5.9,Yes,Single,2.3,0,14,5,1.3,100,90
23,Male,4,3.17,1.1,78,7.6,4.8,2.4,3.3,8.3,Yes,In a Relationship,3.4,0.6,9,1,2.6,100,96
25,Female,4,2.58,0.7,74,5.1,5.7,1.8,0.8,0.9,No,In a Relationship,5.2,0.8,4,3,3.6,74,85
19,Male,4,4,6.3,100,7.6,7,4,1.9,1.4,Yes,Single,4.5,0.7,26,2,6,100,87
24,Male,2,4,4.1,96,7.7,4.7,1.6,0.3,2,Yes,Single,2.6,2.1,14,0,5.4,100,89
27,Female,1,3.02,2.2,66,6.5,3.2,2.1,4.6,2,Yes,In a Relationship,3.7,2.5,14,1,2,90,82
18,Male,3,3.96,4.3,91,5.2,5,2.9,2.6,3.2,Yes,Single,5.3,0,3,1,5.4,94,100
25,Female,1,2.92,0.5,72,7,8.8,4.9,0.3,2,No,Single,5,1.1,16,1,0.7,73,75
18,Female,4,3.98,3.5,86,7,4.8,3.1,3.4,0.6,Yes,In a Relationship,3.4,1.3,17,2,4.6,100,97
27,Female,2,3.59,4,90,5.7,6.9,3.6,0,1.3,No,In a Relationship,4.3,0,14,2,0,92,99
23,Male,4,3.71,4.9,100,5.3,5.9,2.4,0.4,2.4,Yes,In a Relationship,4.2,2.5,13,2,3,100,100
21,Female,3,3.46,2,100,6.9,6.3,2.7,0.7,5.3,Yes,Single,4,1.6,13,3,3.8,99,100
24,Female,2,4,3.6,93,6.7,6.4,2.7,1.2,1.8,No,Single,4.5,2.1,8,3,6.4,100,96
18,Male,2,3.47,2.1,87,6.5,7,3.2,2.3,4.6,No,In a Relationship,2.8,0.8,9,3,7.7,100,89
25,Female,1,3.74,3.9,95,6.9,4.7,2.4,0.3,0.4,No,Single,5.8,0.4,11,2,2.3,100,87
25,Male,3,3.21,2.2,80,5.7,6,4.8,0.9,0,Yes,In a Relationship,5.2,0.6,17,0,7.6,97,92
20,Female,3,3.28,2.9,89,6.5,4.2,2.2,1.3,2.7,No,In a Relationship,4.5,1.1,13,2,3.7,82,87
25,Female,4,3.69,2,85,7.6,4.1,0.2,2.3,1.8,No,Single,2.1,0.8,8,2,0.5,100,91
24,Male,2,3.45,4.5,89,6.6,8.5,6.9,1.1,1.2,No,Single,8.7,2.1,9,2,0,100,100
21,Male,2,3.69,4.8,100,5,4.1,2.3,1.8,1,No,In a Relationship,6.3,3.9,1,0,4.7,100,99
27,Female,1,3.44,3.1,87,6.4,6.5,4.8,2,1.6,No,In a Relationship,4.6,1.8,14,3,5.1,89,88
22,Female,2,3.04,3.6,77,5.7,5.7,4.9,2.1,1,Yes,In a Relationship,5.9,0,11,1,6,100,75
27,Female,2,2.6,1.3,72,7.3,5.8,4.2,0,1.2,No,In a Relationship,3.9,1.4,13,1,3.1,69,82
21,Female,2,3.83,3.1,84,7.4,6.7,2.5,1.9,0.3,No,Single,4,0,27,5,4.3,100,86
22,Female,1,3.22,3.4,95,5,5.3,3.2,0,0,Yes,In a Relationship,6,0.8,10,1,3.2,97,83
27,Male,3,4,7.4,100,7.9,1.8,0.9,1.5,0,No,In a Relationship,4.4,1.2,13,1,5.6,100,100
22,Male,2,3.27,1.8,79,5.7,8.2,5.8,1.3,7.9,No,In a Relationship,3.5,0.9,9,1,7,87,92
26,Female,1,4,5.7,100,8.9,5.1,1.5,2.3,2.9,No,In a Relationship,2.2,0.2,11,3,6.2,100,98
24,Female,1,4,5,100,6.9,3.2,2.4,0,6,Yes,Single,4.3,1.7,7,4,3.9,100,100
21,Female,2,3.34,3.9,97,5.5,7,2.9,0,2.6,Yes,In a Relationship,6,0,7,2,4.8,89,100
27,Female,2,4,6.1,100,5.6,3.9,2.6,0.9,2.7,No,In a Relationship,3.8,1.6,3,4,4.3,100,99
21,Male,4,4,4.1,100,7.4,4.3,1.8,1,3.6,No,In a Relationship,4.4,0.3,7,2,1.3,100,99
21,Male,4,3.54,4.1,82,6.5,7.4,4.9,1.8,4.3,No,Single,3.6,1.5,13,4,2.9,100,94
19,Female,3,3.36,3.4,85,6.9,6.5,4.2,0,0.5,Yes,Single,4.9,0,10,0,6.7,89,100
26,Male,4,4,5.3,100,8.9,6.2,3.3,1.8,2.2,No,In a Relationship,2.6,1.4,11,2,6.2,100,100
23,Female,4,4,5.1,100,6.2,6.1,2.2,1.3,3.6,No,In a Relationship,3.6,2.6,10,3,9,100,100
21,Female,1,3.42,2.6,97,7.1,7.4,4.4,3.3,0,Yes,In a Relationship,7.2,0.6,13,2,2.7,95,85
27,Male,2,3.37,1.5,80,8.7,4.4,2.1,0.1,5.6,No,In a Relationship,2.6,0.6,12,1,2.9,100,97
24,Male,4,3.5,3.2,86,7.3,8.7,5.2,2.6,5.1,No,In a Relationship,4.2,1.6,12,1,5.3,89,91
23,Male,4,2.66,2.3,71,5.1,6.2,3,1.2,0,No,In a Relationship,4.9,1.4,10,1,6.3,83,85
23,Female,4,3.53,3.4,89,7.6,6.8,4.6,0.6,1.2,No,Single,4.6,0,16,1,3.1,92,100
21,Female,1,4,5.4,100,5.6,5.7,2.6,3.5,3.2,Yes,Single,3.6,2.3,2,1,0.5,100,100
28,Male,2,3.26,2.8,77,8.7,5,2.9,0.9,4.7,No,Single,3.3,2,8,0,4.5,85,86
20,Female,2,3.65,3.4,87,6,6.6,4.6,2,6.1,Yes,In a Relationship,4.5,2.5,8,4,2.4,100,93
24,Female,3,3.88,3.6,99,10,10.1,6.1,1.2,1.7,Yes,Single,4.1,1.7,15,0,2.6,100,100
22,Male,1,3.96,4.8,100,8.8,8.6,5.1,1.2,7.7,No,In a Relationship,2.9,3.1,9,3,5.3,100,92
19,Female,2,2.03,0.5,66,6,8,4.1,2.3,2.9,No,Single,5.1,0,7,1,4.1,82,75
28,Male,1,3.76,2.6,92,7,7.5,3.7,2.5,2.6,Yes,Single,3.8,2.7,13,3,3.2,100,100
23,Male,1,4,3.8,92,7.9,3.9,2,0.5,4.1,No,Single,3,0.8,16,0,0.6,100,82
18,Female,2,3.85,5.3,100,7.9,7.4,3.2,0.6,3.6,No,Single,3.3,0.7,16,3,2.6,100,96
24,Male,3,3.58,2.8,77,7.5,4,1.4,0,3.5,No,In a Relationship,1,0.5,17,1,6.1,98,94
25,Female,3,3.24,0.7,78,8.5,7.5,3.4,1.1,7,No,In a Relationship,3.8,1.7,13,2,1.6,78,89
26,Male,4,4,4.4,99,6.9,6.3,3.5,3.3,3.5,No,In a Relationship,2.5,2,13,1,2.3,100,96
28,Female,2,4,2.5,86,6.6,3.4,0,3.5,1,No,In a Relationship,1.7,0.7,11,1,6.1,100,96
22,Female,4,2.97,1.7,72,6.6,6.3,2.9,1.5,1.3,No,Single,5.5,1.5,10,1,6,90,87
22,Male,2,3.77,2.6,87,8,7.4,3.4,3.5,5.9,No,Single,2.3,4,7,3,2.2,89,92
21,Female,4,3.83,3.2,93,7.4,3.7,2.7,3,4.4,Yes,Single,1.5,0.5,15,1,4.5,100,100
19,Male,1,3.29,2.6,77,7.3,4.4,3.3,2.3,0,Yes,In a Relationship,6.1,0.8,3,3,5.5,87,92
26,Male,3,3.37,0.5,62,8,4.6,0.8,0,0,Yes,Single,2.9,2.6,5,2,5.7,84,96
22,Male,3,3.78,4.8,86,4.5,5,1.6,1.2,3.1,No,Single,5.7,0,21,2,2.3,100,94
27,Male,3,4,5.4,92,7.4,6.5,4.4,0.2,4.2,Yes,Single,3.4,1.4,11,1,3.3,100,100
21,Male,1,4,4.5,91,7.3,6.2,2.8,0.1,1.6,No,Single,2.6,0,13,2,9.5,96,100
26,Male,3,3.22,1.8,83,9,4.6,3.3,1.9,0,Yes,In a Relationship,3.8,0,6,2,6.2,82,89
25,Male,2,3.32,3.2,89,5.2,8.9,2,2.3,0.7,Yes,Single,3.6,0,14,1,5.4,88,90
19,Male,4,3.68,3.5,95,8.9,7.4,2.8,0,6.3,No,In a Relationship,3.1,0.3,19,0,7.2,95,100
19,Male,1,4,4.4,100,7.1,3.7,0,0.9,4,No,Single,3.4,0,19,1,5.6,100,100
26,Female,1,3.61,4.5,100,7.6,7.2,4.1,0.1,5,No,In a Relationship,4.9,1.4,4,0,2.3,100,100
26,Male,4,3.33,2.4,86,9,7.8,5.5,1.5,5.3,No,Single,3.7,2.6,18,2,2,94,100
23,Male,1,3.82,3.6,99,7.7,2.6,1.2,0.5,1.7,No,In a Relationship,4.8,3.2,12,0,0.2,100,100
18,Female,1,4,4.2,93,7.5,4.3,1.4,1.9,2.3,Yes,Single,2.5,0.2,1,0,4.9,100,99
22,Female,3,4,5.7,97,7.3,5.5,3.5,3,2.7,Yes,In a Relationship,4.4,1.9,4,2,5.7,100,97
23,Female,4,3.29,4.6,91,6.4,7,5,1.6,3.8,No,Single,4.9,2.4,3,0,7,99,100
18,Male,3,3.97,4.7,100,7,4.1,2.8,2.5,5.2,No,In a Relationship,5.6,1.3,15,2,4.4,100,100
28,Female,4,3.66,3.6,100,6.1,4.3,1,3.2,6.7,No,Single,4.1,1.9,11,3,2.6,100,89
19,Male,1,4,5.6,100,6.9,5,2.5,1.7,4.6,No,In a Relationship,3.7,1.7,9,0,2.6,100,100
24,Male,2,3.73,4.1,97,4.2,4.9,1.3,0,4.6,No,Single,4.3,1.7,12,1,5.1,100,89
25,Female,3,3.57,2.2,95,7.5,5.3,1.8,0,6.9,No,Single,4.3,0.5,21,3,1.5,100,82
26,Male,4,3.88,5.6,100,6.9,5.6,2.3,1.4,2.6,No,Single,3.2,0,11,1,1.6,100,100
19,Male,1,4,4.5,95,6.6,7.6,1.4,3.9,5.4,Yes,In a Relationship,1.1,0.9,14,1,4.6,100,100
26,Male,2,4,2.8,100,7.3,5.6,1.6,0,4.2,Yes,Single,2.3,0.4,15,3,7.4,100,100
18,Female,4,3.34,2.8,97,5.3,4.4,2.9,2.1,4.2,No,In a Relationship,4.1,0.9,6,2,4.9,86,100
27,Male,4,3.95,3.9,89,9.3,6.7,3.1,1.8,2.6,Yes,Single,4.8,2.2,15,0,3.1,100,87
28,Female,3,4,4.2,94,6.9,3.6,0.7,2.2,0.2,Yes,In a Relationship,4.9,2.6,17,2,5.5,100,94
19,Male,2,3.65,3.8,100,6.8,4.8,3.4,1.4,3.7,Yes,Single,4.2,1.4,17,2,4.3,100,93
22,Female,3,3.49,4,100,5.8,3.5,2.2,1.5,3.7,No,Single,4.6,0,11,3,5.5,87,87
21,Male,3,4,6,100,7,7.4,3.9,1.5,1.8,No,In a Relationship,4,0.8,17,0,0,100,100
19,Female,4,4,5.1,100,8.7,7.8,4,0.1,2.8,No,In a Relationship,6.1,0.4,14,2,4.9,100,92
25,Female,3,3.94,3.8,100,8.2,3.7,2,0,1.2,No,In a Relationship,4.9,1.3,12,4,4.6,100,94
28,Male,4,4,4.9,100,8,7.9,3.7,4.1,1.3,No,Single,4.5,0.7,17,0,9.6,100,97
19,Female,2,3.69,2,97,7.7,4.8,1.5,1.2,2,No,Single,3.4,2.1,21,2,5,100,95
18,Female,2,3.77,4.1,94,6.6,9.2,4.8,0.1,0.3,Yes,In a Relationship,6.3,0.4,17,1,4.8,100,100
24,Male,4,4,6.2,100,5.3,5.9,1.6,2.9,1.8,No,Single,4.4,3.4,12,2,2.2,100,100
22,Female,4,3.85,3.2,86,6.8,6.1,3.3,0.9,4.4,No,In a Relationship,2.2,0,10,1,2.4,100,98
23,Female,4,2.95,2.2,76,6.7,7.5,2.5,1.9,5.9,No,In a Relationship,5,1.5,15,2,0.1,100,94
23,Male,2,3.58,2.5,84,8.3,3,1.3,2.1,7.2,Yes,Single,3.3,0,13,2,2.4,100,100
22,Female,4,3.4,1.9,79,7.4,10.1,4.2,0.6,2.2,No,In a Relationship,5,2.2,18,4,4.9,93,90
21,Female,3,3.76,2.3,93,8.9,3.8,1.9,2.3,5.4,Yes,Single,2.1,1.2,7,0,4,95,87
27,Male,4,3.64,2.9,85,8.4,3.1,0.2,1.2,3.7,No,In a Relationship,2.4,1.4,17,3,4.6,100,91
18,Male,3,3.52,1.4,99,6.5,2.3,0,2.7,2.5,No,Single,1,0.3,5,3,4.3,95,100
27,Female,2,3.65,3.5,86,4.8,4,1.5,2.9,3.8,No,Single,3.1,2.3,11,0,0,96,98
19,Female,4,3.62,4.9,95,8.7,11.4,4.9,2.4,5.2,No,In a Relationship,5.6,1.8,15,2,7.1,100,94
20,Male,2,3.66,2.1,82,8.6,7.1,4.7,0,2,No,In a Relationship,5,0.7,11,1,4.6,100,89
22,Female,4,3.91,5.8,89,5.4,5.7,1.7,2,2,No,Single,2.4,1.2,14,2,2.6,100,96
26,Male,4,4,4.3,100,8.8,4.9,2.2,2.8,2.2,No,In a Relationship,2.5,0.3,19,1,2.3,100,100
26,Female,2,4,5,98,7.5,6.2,2.1,1.2,1.7,Yes,In a Relationship,1.9,0.2,9,3,3.9,100,100
23,Male,2,3.35,2.5,75,7.2,3.1,0.8,0,5.4,No,In a Relationship,1.9,0.6,5,0,0,96,82
28,Female,3,4,4.8,100,8.9,4.7,1.4,1.2,1.5,Yes,Single,3,0.9,6,0,0,100,100
25,Female,3,3.39,1.9,83,8.6,8.1,4.3,0,1.8,Yes,Single,6,1.2,12,1,5.3,92,89
27,Male,2,4,4.8,100,7.8,5.7,3.6,1.5,3.6,No,Single,4.8,1.2,18,0,4.7,100,91
20,Female,3,4,3.8,97,7.6,9.5,3.2,1,3.5,No,Single,3.6,0.3,10,2,2.9,100,83
25,Male,1,4,4.3,100,7.7,4.6,0.8,1.9,2.2,No,In a Relationship,2.9,2,23,3,7.8,100,76
28,Female,4,3.34,1.7,79,6.5,5.7,3,0,6.4,Yes,Single,2.8,2.3,6,0,4.5,100,89
24,Male,3,3.79,2.2,69,6.9,2.2,0,3.1,1.7,No,Single,4.3,2.1,3,1,5.9,100,96
18,Female,3,3.88,4.4,95,5.9,7.2,4.1,2.4,2.7,No,In a Relationship,6.2,1.9,13,1,6.6,100,100
23,Female,1,3.24,2.1,81,6.6,4.7,3.2,0,0,No,Single,3.6,0,9,0,4.4,96,92
20,Male,3,3.84,4.2,100,6.6,5.9,0.8,1.7,2.4,Yes,Single,1.8,0.2,8,1,9.2,100,100
28,Female,3,2.67,1.4,65,6.2,8.7,5.2,2.6,0.4,Yes,In a Relationship,5.5,0,12,3,3.4,83,86
26,Female,2,3.9,4.8,100,7.2,3,0.1,0.7,1.2,Yes,In a Relationship,3.1,0,6,0,4.4,100,98
22,Male,2,3.3,1.7,70,6.6,7.9,3.6,1.4,0,Yes,In a Relationship,5.4,2.3,15,4,6.4,100,89
24,Female,4,4,4.3,100,7.6,5.7,3.6,0,1.2,No,Single,2.9,2.9,13,2,6.7,100,98
25,Male,3,3.9,4.4,100,5.1,2.5,0.9,0,2.8,No,In a Relationship,3.3,1.2,10,4,4.7,100,100
25,Female,4,3.8,2.5,97,6.9,5.5,2.7,0,2.5,No,Single,4.1,1.7,13,2,3.1,94,89
24,Male,3,4,4.4,100,7.2,3.5,0.3,0.8,2.2,No,In a Relationship,2.4,0.8,22,0,2.6,100,100
23,Male,1,4,3.9,100,6.6,3.6,0,3.6,2.4,Yes,In a Relationship,4.1,2.4,11,1,0,100,100
21,Male,3,3.39,2.7,92,6.8,2.4,1.2,1.4,2,Yes,Single,5.6,1.5,10,4,3,94,100
24,Male,4,3.06,2,80,5.1,4.4,1.9,0,2.9,No,In a Relationship,3.9,0.7,15,4,2.8,94,86
27,Female,2,2.91,0.6,65,7.4,3.1,3.8,1.7,2.8,Yes,In a Relationship,5.3,1.8,9,3,1.3,85,87
27,Female,1,4,4,100,7.8,4.5,2.9,2,3.5,No,Single,3.4,1,14,2,1.1,100,94
26,Male,2,3.19,1.2,74,7.6,6.8,2.9,0.4,2.6,No,Single,3,1.4,16,3,4.6,84,86
24,Female,1,3.82,3.6,99,8.2,5.5,1.3,1.5,2.1,No,Single,2.5,1.9,19,0,4.3,100,100
28,Female,4,3.3,3.1,98,7.2,3.6,2,3,4.6,No,Single,4.1,5,10,4,5.4,100,98
25,Female,2,4,4.5,100,7.6,4,1.4,1,4.2,Yes,Single,2.4,3,5,4,0,100,97
28,Male,3,3.66,3,96,7.2,4,1,0.9,2.9,No,Single,2.9,1.4,11,0,0.7,97,100
24,Male,4,3.96,3,100,7.8,6.2,1.9,0.6,5.4,Yes,In a Relationship,1.8,0.3,13,1,7.5,100,93
27,Female,2,3.43,4.6,100,5.1,7.7,2.9,2,3.2,No,In a Relationship,5.4,0,9,3,6.6,100,95
19,Male,2,4,4,91,5.9,5.1,1.9,0.8,2.7,No,In a Relationship,4.6,2.5,13,2,1.9,100,89
27,Male,2,3.67,4,98,8.9,5,2.3,1.5,2.9,Yes,Single,4.7,2.3,21,1,2.5,92,92
24,Male,4,2.91,4.2,91,4,5.1,3.8,0.3,3.3,Yes,In a Relationship,6.1,0.6,9,2,5.9,100,85
28,Male,4,3.44,1.2,95,6.8,5.1,2,0.8,1.2,Yes,In a Relationship,4.6,1.1,8,0,3.9,95,100
24,Male,2,3.82,4.6,97,8.4,6.3,0.8,4,0,No,Single,4,1.4,17,1,0.9,100,100
18,Male,3,4,4.4,99,6.9,8.1,3.6,0.5,3.6,Yes,In a Relationship,4,1.8,6,1,1.2,100,93
28,Female,1,3.4,2,92,6.5,6.4,3.2,3.4,4.7,No,Single,4.2,2.9,12,2,2.5,98,87
18,Female,3,2.99,3.1,94,7.2,6.7,3.3,0.1,1,Yes,In a Relationship,5.5,0,9,5,1.5,90,82
19,Female,4,3.96,3.4,89,6.6,5.9,3.7,3.6,5.1,No,Single,3.3,1.9,4,3,5.2,100,97
27,Female,1,3.27,3.3,76,7,6.1,3.5,1.3,0,No,In a Relationship,6.7,1.4,11,0,3.7,90,82
24,Male,4,3.64,4,100,6.2,6,2.8,2,1.9,No,In a Relationship,5.2,0.7,9,4,5.1,100,84
18,Female,1,4,5.6,99,8.3,9.6,6.4,0.3,6.4,Yes,Single,6.4,2,15,0,3.7,100,88
25,Male,4,4,5.1,100,8.7,5.1,0.9,1.8,3.7,No,Single,1.4,1.1,13,3,3.2,100,86
20,Male,2,3.16,1.5,82,6.8,6.1,1.9,2,2.4,No,Single,2.7,1.1,13,4,3.6,88,85
20,Male,1,3.42,4.4,100,5.3,7.9,4.3,1.5,3.5,Yes,In a Relationship,5.5,1.5,7,2,3.3,100,94
18,Male,1,4,5.5,100,6.4,4.8,3,0,5.4,Yes,Single,4,0.7,9,0,2.1,100,100
24,Female,4,3.48,4.1,92,6.8,5.7,3.9,0.4,0.1,No,In a Relationship,4.7,1.9,13,2,2.3,100,86
28,Male,1,4,5.1,100,7.6,5,3.1,0,5.6,No,Single,2.2,0.8,8,4,7.9,100,95
22,Male,2,4,6.5,100,5.8,8.2,4.9,1.4,2,No,Single,5.3,2.9,12,0,0,100,100
27,Female,4,3.87,5,100,6.1,1.9,1.3,0.2,4.4,Yes,In a Relationship,3.7,1.4,14,0,6.5,100,100
27,Female,1,3.66,3.9,93,7.6,7.8,4.8,0,1.8,Yes,In a Relationship,3.6,0.5,16,1,4.7,100,100
22,Male,2,4,5.1,96,8.1,9.3,4.6,0,6.4,Yes,Single,3.3,1.5,9,3,4.1,100,96
24,Male,3,3.75,3.7,89,6.3,4.8,1,0.3,2.9,Yes,In a Relationship,4,2.2,10,0,4.5,100,88
25,Male,1,3.23,3.5,92,5.4,6.3,3.7,4.8,0.3,No,In a Relationship,6.3,0,13,1,8.2,100,88
25,Male,3,4,3,92,10,4.9,2.7,2,3.9,No,Single,2.5,2.5,8,6,5.4,96,100
19,Female,4,4,5.8,100,7.9,5.9,1.9,1.6,5.6,No,In a Relationship,2.1,1.5,5,0,4,100,100
22,Male,3,4,2.3,83,6.7,3.4,0,1.8,5.4,Yes,In a Relationship,2.7,1.2,14,5,0.5,100,85
22,Female,1,4,5.8,100,8,4,1.3,0,3.2,Yes,In a Relationship,2.9,0.5,11,5,5,100,100
21,Male,4,3.5,4.2,92,6.9,6.2,3.9,2.6,4.6,No,Single,2.8,1.5,15,2,5.4,97,100
20,Male,1,3.21,1.4,73,8,7.1,4,2.5,2.2,Yes,Single,3.9,0.3,9,2,4.2,77,87
27,Male,1,3.68,4.1,95,7.2,5.1,2.5,2,4.2,No,Single,3.1,0,12,3,1.1,100,99
25,Male,4,2.78,0.5,71,7.1,7.9,4,2.3,3.7,No,Single,4.4,0.5,3,1,4.5,82,90
21,Male,3,3.82,4.4,100,6.9,8.7,4.2,1.6,0,No,Single,4.5,0.9,15,2,1,100,95
23,Female,4,3.82,4.8,100,5.3,4.4,3,1.3,1,Yes,In a Relationship,4.6,1.8,9,2,3.9,94,100
27,Female,3,4,2.6,91,9.3,3.2,1.7,1.6,3.4,No,In a Relationship,2.6,1,11,1,4.4,100,100
24,Female,1,3.3,3.7,86,5.9,8.1,3.5,0,3.3,Yes,In a Relationship,5.3,0.1,11,1,1.4,100,91
20,Female,1,4,6.4,94,5.4,6.7,3.5,4,2.9,No,Single,5,0.5,10,2,4.7,100,100
21,Male,4,3.02,2.7,79,6.7,5.4,3.8,0,3.2,Yes,Single,7.2,1.2,12,3,3.4,74,83
25,Female,1,3.27,1.9,68,5.8,8.3,4.1,3,5.4,No,In a Relationship,3.3,1.8,12,5,3.4,94,86
27,Male,1,4,5.7,100,6.9,4.2,0.8,2.6,3.7,Yes,In a Relationship,4.1,2,13,2,0.2,100,100
24,Female,3,4,6.4,100,7.8,7.6,2,1.8,0,Yes,In a Relationship,4,0,6,1,6,100,100
19,Male,1,4,3.5,98,8.2,2.7,0,0,6.9,Yes,Single,1,1.3,16,2,6.5,100,94
28,Female,3,4,5,92,8,8.2,3.9,1.8,0,No,In a Relationship,4.4,2,11,0,7.8,100,100
26,Female,3,4,5.5,100,6.6,3.8,2.5,3.7,4.9,No,Single,2.2,0.3,14,2,5.5,100,100
26,Female,4,3.14,2.4,81,7.1,8.1,3.4,1.6,0,Yes,In a Relationship,5,3,11,1,8,92,77
19,Female,3,3.67,2.8,100,7.5,4.7,0.6,1.1,5.8,Yes,Single,2.2,0.7,7,3,5.3,100,100
20,Female,2,3.83,5.3,82,4.9,9.8,4.9,1.3,2.4,No,Single,5.1,2.2,25,3,6.7,100,100
21,Male,3,4,6,100,7.7,5.3,1,1.8,3.8,No,Single,1.9,1.9,13,1,3.8,100,100
18,Female,4,3.44,4.3,99,5.3,6.9,4,0,0,No,Single,6.8,0.5,4,2,7.9,93,87
26,Female,4,3.65,2.2,76,9.4,4.6,3,2.2,4.5,No,Single,2.9,1.2,12,2,0.7,98,86
22,Male,2,4,6.5,100,6.5,4.8,2.5,0.2,3.8,No,In a Relationship,4.2,2.6,10,2,3.4,100,98
19,Female,4,3.59,2.7,82,6.8,3.3,2.4,2,4.2,No,Single,3.9,0.7,11,2,2.6,89,92
20,Female,4,3.51,3,98,6.1,3.7,1.8,3.8,4.9,No,Single,3.7,1.4,4,4,6.4,96,72
23,Male,1,3.38,4,91,6.2,8.2,4.7,0.8,3.4,No,Single,4.7,0,12,2,7.8,99,97
24,Female,1,4,5.8,100,9.7,5.7,2.8,0.1,2.6,Yes,Single,4.7,1.6,8,3,2.2,100,91
27,Female,1,4,4.8,100,8.1,3.6,0.9,1.6,1.4,No,Single,5.5,0.8,19,2,4.6,100,94
25,Male,1,3.53,4.1,95,5.1,4.2,2.2,3.7,2.1,No,In a Relationship,6.1,1.7,11,1,1.1,86,89
27,Female,2,4,4.2,91,8.8,3.9,3,1.9,5.4,No,Single,3.1,0.4,16,3,5.3,100,91
21,Male,1,3.94,3.6,90,8.4,7.3,4.1,3,1.3,No,In a Relationship,4.4,1.5,16,3,7.5,100,100
26,Male,1,3.56,4.3,87,6.7,5.4,1.9,2.3,0,Yes,In a Relationship,5.5,0.8,14,0,0.2,100,77
23,Female,3,2.73,0.5,67,7.4,3.8,2,3,1,Yes,Single,3.3,0,13,2,1.5,85,79
26,Female,3,3.75,3.1,73,7,5.2,2.8,0.7,4.2,Yes,Single,5.5,1.3,17,4,5.9,100,93
26,Female,2,3.9,3.9,100,9.4,9,4.1,3.4,2.4,No,Single,4.7,2.5,9,3,5.6,92,100
24,Male,4,3.57,1.8,83,6,5.1,0.7,2.3,4.2,No,In a Relationship,3.1,0.1,16,5,4.6,88,99
28,Female,1,3.64,4.1,100,7.2,4.8,3.6,0,0,No,Single,5.2,0.6,10,2,0,95,100
28,Female,3,3.37,3.2,85,6.5,5,2.1,1.2,0,No,In a Relationship,5.2,2.5,12,2,4.8,95,89
20,Female,2,4,6.1,100,5.3,7,2.3,1.7,3.5,No,In a Relationship,3.9,1.8,6,1,6.4,100,93
23,Male,4,4,5.9,100,9.6,8.5,5.8,1.6,5,No,In a Relationship,5,0.9,5,2,3,100,98
23,Male,4,3.56,2.8,93,5.6,5.2,2.5,1.4,0,Yes,Single,6.3,1.5,12,0,3.3,96,89
22,Male,3,3.4,3.3,89,7.3,8.2,3.9,1.8,4.1,No,Single,3.9,0.6,17,2,2.7,100,87
23,Male,2,3.5,3.4,94,4.9,8.1,3.9,1.8,5.4,No,In a Relationship,4.3,3.7,11,1,3.3,98,99
27,Female,4,3.35,2.8,86,6.5,5.1,1,0.8,3,No,In a Relationship,3.4,2.1,20,3,2.6,100,96
19,Male,3,4,3.8,100,7.5,2.7,0,2,4.8,No,Single,1.3,2.9,14,4,2.4,100,100
21,Female,3,2.98,2.4,81,6,7.8,4,2.5,3.4,Yes,In a Relationship,3.2,1.3,11,1,2.2,95,88
24,Male,1,3.24,1.8,76,7.7,6,1.2,3.8,2.5,Yes,Single,2.9,0,19,2,4.9,78,79
23,Male,1,3.91,4.4,89,6.7,3.2,0.3,4.3,4.6,No,Single,1.9,1.7,19,1,3.6,100,95
26,Female,4,4,4.4,97,8.4,6.8,4.3,1,6.8,No,In a Relationship,5.2,2.5,5,1,4.8,100,91
22,Female,2,3.66,2.3,88,8.6,5.8,1.3,0.9,1.9,Yes,In a Relationship,2.7,2.5,12,1,4,91,92
21,Male,3,4,4.8,100,6.3,7.1,1.6,1.1,2.8,Yes,Single,4.3,0,15,3,2.2,100,100
18,Female,1,3.67,2.6,89,7.1,11.3,5.8,0,1,Yes,In a Relationship,5,1.4,16,4,2.8,100,96
18,Female,2,3.9,3.9,100,7.2,2.9,0.3,1.7,3.3,Yes,Single,4.7,0,15,1,5.3,100,94
28,Male,2,4,4.7,100,7.7,3.6,0.9,5.9,2.7,No,In a Relationship,2.9,0.6,11,0,5.9,100,89
24,Male,2,3.99,3.4,98,7,3.9,2.1,0.4,5.3,No,Single,2.1,1.8,10,2,6.6,100,93
24,Female,1,4,4.2,98,7.2,5.5,2.4,0.7,5.8,Yes,In a Relationship,4,2.5,11,3,2.2,100,95
28,Male,2,3.57,2.7,91,6.7,3.2,1.5,0,4.6,No,In a Relationship,3.6,1.4,8,2,6.3,100,99
20,Female,1,3.08,3.2,98,7.1,3.5,1.1,2.7,5.1,Yes,Single,4.1,0.1,5,0,5,100,86
26,Female,2,3.32,3.2,91,8.6,8.9,5.1,1.8,1.6,No,In a Relationship,4.6,1.8,15,1,4.9,99,98
18,Male,1,2.9,2.4,91,7.8,6.7,3.2,0.4,1.1,Yes,In a Relationship,4.4,0.3,15,3,4.2,100,82
26,Female,3,3.86,3.2,91,7.8,4.5,3.7,0.1,3.9,Yes,In a Relationship,2.5,0.9,21,1,4.3,100,100
19,Female,3,2.85,1.2,75,7.9,7.5,2.6,0.8,3,No,In a Relationship,4.5,1.3,9,2,6.6,72,85
19,Male,3,3.27,2.8,89,6.8,4.9,3.2,2.4,7,No,Single,3.6,0.5,14,1,1.4,88,93
28,Female,4,3.2,3.1,86,7.4,6,4.2,2,0,No,In a Relationship,5,1.8,11,1,5.2,100,95
21,Male,3,3.83,3.1,100,5.7,2.8,1.3,0.4,4.2,No,In a Relationship,3.5,2,11,4,4.4,100,94
18,Female,1,3.76,3.1,89,8.5,5.4,3.2,0.7,4.2,Yes,Single,3.2,2.2,9,1,4.1,99,99
27,Male,2,3.04,3.4,100,3.7,5.7,3.8,2.7,1.5,No,Single,6.8,2.6,12,1,5.6,100,100
25,Female,1,3.73,4.2,100,6.9,7.1,5.1,0,1.1,No,In a Relationship,4.5,1.1,19,3,1.8,100,89
27,Female,4,3.53,4.8,90,8.4,5.7,5.7,0.1,2.3,No,In a Relationship,5.6,0,10,1,4.6,95,94
24,Female,4,3.51,2.5,93,5.4,6.1,2.9,1.7,0,Yes,In a Relationship,3.7,0.1,14,0,6.1,100,86
25,Female,2,3.34,1.7,77,7.5,7.8,4.5,1.6,5.9,No,Single,2.1,2.9,9,1,1.7,98,81
20,Male,4,3.66,1.9,90,6.2,5.7,0,2.4,8.4,No,Single,3.6,2.8,5,4,2.2,100,96
22,Female,4,3.42,2.8,95,6.6,8.7,5.1,2.6,2.3,No,In a Relationship,4.2,2.5,11,2,5.6,91,98
20,Female,1,3.67,3,88,8.1,4.1,1.7,2.4,1.7,Yes,In a Relationship,3.6,0.6,22,2,6.2,93,100
25,Male,3,3.63,2.3,82,7.2,4,2.4,0,0.4,Yes,Single,4.1,2.9,8,1,5.7,99,99
25,Male,1,2.73,1.6,79,4.6,6.4,3.5,2.5,0.8,No,Single,6,1,7,1,4.3,81,85
22,Male,3,3.42,2.8,83,5.8,6.1,2.6,2,1.8,Yes,Single,4.7,1.5,8,2,2.6,98,94
24,Female,4,3.8,3.8,79,8.2,5.5,3.1,1.5,5.4,Yes,In a Relationship,4.3,2,21,1,3,100,94
27,Female,4,4,4.4,100,7.5,8.3,5.2,2.8,9.4,No,In a Relationship,2.1,2.5,18,2,3.2,100,100
18,Female,1,3.62,2.7,96,9.1,7.5,2.2,3.1,1.6,No,Single,4,1.7,15,2,6.4,100,83
27,Male,4,3.29,2.9,96,9,3.7,1.2,0.7,1.2,Yes,Single,3,2.6,19,2,4.9,100,90
26,Female,2,3.6,2.1,78,6.6,6.2,5.5,0,0.7,No,Single,4.2,1.2,17,2,4.7,98,100
20,Female,4,4,3.5,100,10,7.6,3.6,0.9,3.9,No,Single,2.6,1,11,0,5.8,100,99
20,Male,3,3.15,2.2,86,7,9.1,5.7,0,3.7,No,In a Relationship,3.5,0.9,10,4,3.9,82,92
24,Female,3,3.65,4.4,87,5.8,5,4.1,1.2,3.2,No,Single,3.3,0.1,17,0,1,100,87
26,Female,4,2.77,0.8,77,6.2,4.3,0.8,2.3,2.1,Yes,Single,3.3,0,13,2,5.5,80,84
28,Male,4,2.88,3,91,4.3,5.6,3.8,0.6,5.7,No,Single,6.1,2.2,7,0,3.1,95,78
18,Male,2,4,4,100,8.9,4.8,1.3,0.4,4.5,Yes,Single,2.8,1,15,0,5.1,100,100
27,Female,4,4,3.8,87,8.9,8.1,2.8,0,4.4,Yes,In a Relationship,4.4,1.9,10,0,1.3,98,100
21,Female,1,4,7.5,100,5.8,5.5,2.7,2.1,3.7,No,In a Relationship,4.4,1.8,18,1,4.1,100,100
26,Male,1,4,4,92,6.7,4.7,0.4,2.5,2.6,No,Single,4.8,1.4,7,2,5.2,100,89
22,Female,2,3.64,2,90,7.1,3.1,1.6,0.3,1.6,No,Single,5.3,2.1,15,1,5.2,98,89
27,Male,4,3.27,3.4,76,5.8,7.3,6.1,0.2,4,Yes,Single,4.7,2.3,13,2,3.2,91,86
26,Male,2,2.3,0.8,81,4.9,8.6,3.2,1.3,3.8,No,Single,4.9,0.2,13,0,3.3,100,73
20,Male,3,3.63,3.4,100,6.7,5.9,2.5,0,4.1,No,In a Relationship,3.1,2.7,13,2,0.8,100,89
25,Male,4,2.95,2.3,76,6.6,9.3,5.5,2.9,0,No,In a Relationship,5.7,2.1,11,3,4.1,79,77
27,Male,3,3.75,4.9,93,6.5,6.6,2.2,0.4,3.7,No,Single,5.5,0.3,15,2,3.4,100,96
21,Male,4,3.7,2.7,82,7.3,5.1,2.7,2.6,2.4,No,Single,3.4,0.6,13,0,3.1,99,95
28,Female,4,4,3.3,96,8.7,8.3,4.3,1.4,1.2,No,In a Relationship,3.2,0,13,1,3.6,100,92
18,Female,2,3.84,2.5,93,6.6,6,2.2,0,4.5,Yes,In a Relationship,2.5,1.8,18,1,2.9,95,95
20,Male,2,4,6.1,100,7.2,3.1,1.7,0.3,3.4,No,In a Relationship,3.1,1,5,1,2.3,100,88
24,Female,1,3.39,3,76,7.9,4.8,0,0,7.7,Yes,Single,5.4,0,15,2,0.4,83,93
18,Male,3,4,6.2,100,7.7,6,1.4,1.6,4,No,Single,4.5,0.6,13,0,3.5,100,100
20,Male,3,4,4.7,87,6.3,2.9,1.4,0.5,2.4,No,In a Relationship,1,0.8,15,2,1.4,100,92
26,Female,1,3.72,4.2,81,7.1,6.2,3,1,2.8,No,In a Relationship,4.1,1.3,15,2,3.7,100,95
22,Female,3,4,4.1,100,7.7,4.6,1.9,3.2,0.7,Yes,In a Relationship,3.3,0,15,4,6.4,100,100
21,Male,4,2.99,4.1,78,5.6,10.7,6,2.7,5.5,No,In a Relationship,6.3,1.3,10,3,4.5,100,82
23,Male,1,2.97,0.6,81,8.5,2.5,1.2,1,3.6,No,In a Relationship,1.6,2.7,9,1,9.6,80,76
20,Male,3,3.2,3.1,90,8.7,12,4.9,1.4,3.7,No,In a Relationship,3.1,1.4,14,0,6.1,94,85
26,Female,2,3.82,4.8,93,6.1,5.9,3.1,0.4,0.9,Yes,In a Relationship,4.4,1.8,19,1,3.7,100,97
28,Female,1,3.87,3.4,92,7.2,7.9,4,2.3,4.6,No,Single,3.5,2.8,11,2,5.3,100,92
27,Female,1,2.81,1.4,73,7.8,8.6,3.9,4.2,1.1,Yes,In a Relationship,5.3,1.1,7,1,3,74,88
25,Female,4,3.72,3.4,97,6.3,2.8,0,0.4,1.9,Yes,Single,3.1,1.1,16,1,0.2,100,100
26,Male,2,4,6.1,100,7.6,5.7,2.8,2,3.3,No,Single,4.8,1.5,8,3,0,100,100
26,Male,4,3.89,5.4,100,7.2,4.8,2.4,0.4,1.8,Yes,In a Relationship,3.3,0.3,14,1,5.6,100,100
20,Male,2,3.47,3.4,87,5.2,3,1.1,2.6,1.4,Yes,Single,5.2,0.5,7,2,3.7,97,89
22,Male,1,4,4.9,95,7.6,6.8,3.5,2.3,2.9,No,In a Relationship,3,0,11,2,3.9,100,100
23,Male,4,2.98,3,88,5.7,8.2,5.4,2.2,5,No,In a Relationship,5.8,3.5,12,2,4,83,92
21,Male,4,3.54,0.9,79,8.1,2.4,0,0,4.8,No,Single,1.7,2,11,2,0.9,89,98
18,Male,2,3.29,2.1,74,6.2,4.5,2,0,4.4,No,In a Relationship,4.6,0.3,13,0,2.8,94,97
21,Male,1,4,5.8,100,6.8,4.6,0.9,2,4,No,In a Relationship,1,2.2,14,1,6,100,90
21,Male,2,3.82,3.1,89,8.6,4.9,2.9,0,2,Yes,In a Relationship,3,0.4,9,2,3.2,97,96
21,Female,4,3.75,3.1,89,7.6,5,2.3,1.2,5.2,No,In a Relationship,4.4,1.3,9,3,2.8,100,87
19,Female,2,3.48,3.1,95,5.7,6,1.9,0.9,0,No,In a Relationship,4.6,1.3,18,4,2.9,90,89
20,Female,4,4,6.4,100,5.8,7.1,3.8,2.8,3.9,Yes,Single,3,0.8,11,3,1.4,100,99
22,Female,1,4,5.9,100,6.3,7,5.3,2.6,4.7,Yes,Single,4.3,0.4,13,2,4.4,100,100
24,Female,4,4,6.8,100,7.5,9.8,6.8,1,2.8,No,In a Relationship,5.9,2.4,5,4,5.8,100,100
23,Female,4,3.67,3.3,98,7.4,5.2,1.7,1.9,1.6,No,Single,3,1.3,21,3,5.3,100,91
23,Female,1,4,3.9,94,6,4.3,0.1,2,2.9,No,Single,4.5,2.9,14,0,2.3,100,100
24,Male,4,2.59,1.2,80,5.6,5.7,3.6,2.6,1.5,No,Single,6.3,0.2,2,3,0,88,98
21,Male,4,3.95,5.7,100,7.3,7.5,5.2,0,4,Yes,Single,5.4,0.7,7,1,5.6,100,91
20,Male,4,3.65,1.7,84,6.8,6.2,4,0.4,4.9,Yes,Single,5.3,1.2,8,5,3.9,100,100
26,Male,3,4,3.8,98,9.6,7.4,5.2,2.7,3.9,No,Single,3.4,2.3,21,0,6.1,100,95
26,Male,3,3.45,1.9,81,7,6,2.5,0,3.8,Yes,In a Relationship,5.3,0.4,25,2,3.1,100,93
25,Male,4,3.49,2.6,84,9.2,5.6,1.9,0,4.5,Yes,Single,3.7,1.8,15,1,2.7,82,95
28,Female,2,3.12,2.2,70,5.6,7.3,3,1.3,4.8,Yes,Single,4.2,1.5,17,2,0.3,100,91
22,Female,1,3.28,2.6,83,5.1,5.2,2.3,0.7,1.4,No,In a Relationship,3.2,2.6,18,1,5.8,90,94
24,Female,2,3.63,2.7,83,5.7,5.1,3.8,2.1,0,No,In a Relationship,3.2,1.7,6,2,4.4,100,86
25,Female,4,3.39,2.7,85,8.4,8.1,4.3,3.1,3.6,No,In a Relationship,5,0,12,2,7.4,96,91
18,Female,1,4,4.8,100,9.1,7.6,4.4,0,4.8,Yes,Single,2,0.2,12,1,2,100,94
21,Male,4,3.57,1.8,89,6.1,6.7,3.6,1.6,0,No,In a Relationship,4.4,0.2,19,3,3.6,100,95
27,Female,1,3.66,3.8,100,6.4,4.7,3.2,1.3,3.1,Yes,In a Relationship,4.9,0.7,22,2,8.4,100,100
25,Female,2,3.51,5.3,91,5.6,6.8,4,0,5.3,No,Single,3.3,2.5,23,5,1.8,100,100
25,Male,3,3.51,2.7,91,4.8,1.6,0,0,2.8,No,Single,6.2,0.9,14,1,5,100,84
27,Female,4,3.68,2.4,87,7.9,6.7,3.1,0.3,6,No,In a Relationship,3.5,1.2,14,2,6.4,100,93
24,Male,2,3.86,3.2,97,7.3,5.4,2.9,0,5.7,No,Single,4.9,1,10,3,3.6,100,100
22,Female,1,4,5.3,100,7,5.5,3.1,1.8,2.6,No,In a Relationship,5.3,1.7,12,3,4.8,100,91
19,Male,3,4,3.8,100,5.3,3.9,2.7,0.6,2.3,Yes,Single,2.2,0.5,17,1,8.2,100,99
19,Male,4,3.87,2.7,96,9,7.6,3.4,0.5,2.3,No,In a Relationship,4.5,1,17,1,3.5,98,92
18,Female,4,4,4.2,99,6.4,4.6,1.9,2.4,3.3,Yes,Single,3.8,1,15,1,4.9,100,100
25,Female,3,2.98,1.8,76,7.6,7.6,4.5,4,0.7,No,Single,4.9,1.1,8,2,5.3,95,88
23,Male,1,3.11,4.5,100,5.3,5.6,3.5,1.1,0.3,Yes,Single,5.5,0.6,22,0,3.9,93,82
21,Female,1,3.61,4.1,90,6.8,4,3,2.2,0,No,Single,5.9,0,14,2,3.1,100,91
20,Female,1,4,3,99,7.3,4.2,1.8,2.7,3,No,In a Relationship,5.2,2.1,13,1,3,100,89
23,Female,4,3.29,2.2,80,7.4,6.6,4,0,7.1,No,Single,2.4,1.1,16,3,4,99,99
19,Female,2,3.32,2.2,73,7.2,6.5,3.1,0,0,No,In a Relationship,4.8,2.3,9,5,2.5,77,98
24,Female,3,3.89,4.3,100,7.6,4.3,1.7,1.2,2.6,No,Single,4.9,1.7,8,6,5.2,100,100
23,Male,1,4,5.3,89,5.6,4.8,2.7,2.1,2.6,No,In a Relationship,4.4,1.7,10,1,1,100,86
25,Male,2,3.19,2.5,67,7.2,4.9,3.7,0.5,2.7,Yes,Single,4.6,2.3,7,2,8.9,81,92
22,Male,1,4,4.2,100,7.1,6.7,3.6,0,5.5,No,In a Relationship,4.1,3.8,13,0,4.6,100,92
21,Female,2,2.86,0.5,69,7.3,5.5,3.5,3.3,1.2,Yes,Single,6.7,2.5,2,3,3.4,77,75
18,Male,2,3.4,2.6,90,7.1,7.5,2.9,2.4,0,No,Single,5.4,2.1,10,0,3.3,100,91
26,Male,1,3.44,3.5,87,5.5,7.5,4.3,1.1,1.9,No,Single,7.5,1.5,2,5,6,92,97
28,Male,3,3.14,2.1,81,5.4,8.4,4.7,0.2,1.7,Yes,In a Relationship,7.4,2.5,11,3,0,100,84
22,Male,2,2.32,2.1,73,4.3,6.6,3.9,0,0,No,Single,5.8,0.5,11,1,3.2,71,71
28,Male,1,3.7,2.5,97,8,5.1,1.9,0.3,3.5,No,In a Relationship,3.6,1.8,18,1,4.2,95,97
21,Male,2,4,3.9,100,8,3.1,1.2,3.7,0.6,No,In a Relationship,5.6,2.5,13,1,4.7,100,100
28,Female,2,3.95,3.2,100,8,3.6,2,1,2.8,Yes,In a Relationship,2.3,2.2,8,2,5.3,100,86
18,Male,3,3.37,0.5,77,7.4,8.7,5.7,1.8,2.3,No,In a Relationship,6,1.1,10,2,0.8,86,84
26,Female,2,2.26,0.5,65,4.4,6.9,3.2,5.3,0.9,Yes,In a Relationship,6.3,1.7,19,1,4.4,72,87
27,Female,1,3.24,2.6,83,5.8,6.7,6,3.9,4.8,Yes,In a Relationship,5.1,0.9,7,1,4.3,89,92
21,Male,1,3.96,4.2,100,7.2,5,2.6,1.7,2.4,Yes,In a Relationship,3.7,0.4,23,3,4.1,100,100
21,Female,3,2.59,0.5,76,7.2,7.6,2.4,3.8,3.1,No,In a Relationship,3.6,2.7,14,0,7.1,87,85
19,Female,4,3.51,2.8,77,6.7,6.3,2.7,2.1,4.2,Yes,In a Relationship,4.6,0.8,6,1,5.1,100,96
20,Female,3,3.63,2.7,94,7.4,7.5,2.7,4,3.6,Yes,In a Relationship,5.2,0.8,7,4,3.2,100,100
22,Female,4,4,5.6,100,7,3.8,1.6,1.5,3.3,No,In a Relationship,4.3,0.8,16,4,5.5,100,97
26,Male,4,4,2.9,100,7.1,3.6,1.1,2.4,1.4,No,In a Relationship,2.4,0.5,16,1,2.5,100,97
21,Female,1,3.3,4.1,100,6.2,7.8,3.6,2.3,0.8,Yes,Single,6.6,0.5,14,3,6,100,98
19,Male,3,3.55,3.7,95,8.2,8.1,4.4,0.4,3.3,No,Single,5.4,0,13,2,4.1,89,92
22,Female,2,2.25,0.5,63,6.5,9.4,6.5,2.5,1.1,No,Single,5.9,0,11,4,4.7,63,64
26,Male,1,3.89,4.7,91,5.4,3.6,2.1,0.1,4.6,No,In a Relationship,3.4,1,8,2,0,100,100
25,Female,4,4,3.8,100,6.1,6.7,2.3,0.8,2.7,No,Single,3.3,1.7,14,1,2.8,100,96
21,Male,4,3.94,4.3,92,6.6,7.6,1.6,2.6,4.3,No,In a Relationship,4.5,0,20,3,7.4,100,100
18,Female,3,4,9.4,100,8.2,5.6,4.5,2,1,Yes,Single,2.9,1.4,12,1,3.9,100,100
24,Female,1,2.4,0.5,76,6.9,8.7,4,1.5,0.7,Yes,Single,6.1,2.5,13,1,5.9,76,73
28,Female,2,4,6.1,100,6.8,3.9,1.5,1.9,6.4,No,Single,2.5,0.7,17,1,5.8,100,100
24,Male,1,3.09,3.1,92,5.5,4,1.4,1.4,2.7,Yes,In a Relationship,4.4,0.2,9,0,6.7,78,95
21,Male,3,4,3.9,96,7.9,7.5,4.2,2.9,4.8,Yes,Single,1,1.1,14,2,6.1,100,100
22,Female,2,2.97,3.4,81,6.2,5,3.4,4.5,0.2,No,Single,3.4,1.7,16,0,3.7,99,86
22,Female,3,3.13,2.9,89,6.9,6.9,3.9,3.3,2.4,No,Single,4,0.6,8,4,4.6,100,85
21,Female,2,3.84,2.6,90,8.8,2.6,1.5,1,5.6,Yes,Single,1.5,2.2,6,1,2.5,100,98
26,Male,1,3.5,4,99,7.6,3.6,0,2.2,0,No,Single,4.1,1.7,11,2,3.9,95,100
26,Female,3,3.19,1.2,87,5,7.2,1.5,0.5,7.6,No,Single,3.6,2.9,16,2,0.4,92,99
23,Male,4,3.92,4.6,100,4.9,6,3.8,3.1,3.4,Yes,In a Relationship,7.1,0,5,3,0.8,100,92
28,Female,2,2.84,2.9,64,6.9,8.8,6,1.5,1.4,No,Single,6.2,0,13,2,2.8,70,79
27,Female,3,3.28,1.8,81,5.5,5.1,2.2,2.5,3.7,Yes,In a Relationship,3.6,0.8,11,1,4.3,82,90
25,Male,1,3.73,2.8,91,7.8,10.4,6.2,1.9,5.2,Yes,Single,5.9,0,11,0,4.2,98,91
19,Male,4,4,5.4,94,7.1,7.5,4,0,1.3,No,Single,4.4,2.8,14,2,3.5,100,96
26,Male,3,3.97,2.7,85,7.2,4.8,0.7,1.5,1.6,Yes,In a Relationship,2.9,1.4,4,2,0.8,95,95
21,Female,3,3.68,4,100,6.2,5.5,3.1,1.9,3.5,Yes,Single,4.4,0.9,18,2,2.2,100,100
21,Male,2,3.35,2.4,83,9.1,7.6,4.1,2.1,3.9,Yes,Single,5.3,2.8,8,0,5.4,98,86
28,Male,3,4,4.6,96,10,1,0,0.3,2.6,No,In a Relationship,3,1.5,14,2,7.3,100,100
19,Female,1,3.97,4.5,100,6.7,7.6,3.8,0,3.8,Yes,In a Relationship,5.4,1,16,1,3.8,100,99
22,Male,2,4,6.3,100,7.4,6.1,4.6,1.8,4.7,Yes,In a Relationship,6.3,0.4,19,2,0.9,100,98
21,Female,1,3.85,3.2,93,7.1,6,3.4,1.6,3.3,Yes,In a Relationship,5.2,1.8,12,4,8.1,100,98
25,Male,2,4,4.5,99,6.7,6.6,2.7,0.9,1.6,No,In a Relationship,3.2,1.7,5,1,2.7,100,93
26,Male,4,4,3.6,100,6,3.7,2.5,0.8,3,Yes,Single,4.8,1.9,4,1,5.5,100,97
24,Female,1,4,5.4,95,5.7,6.8,2.5,3.1,6.5,Yes,Single,5.3,2,18,1,4.4,94,100
27,Male,1,3.54,2.4,91,5.6,3.9,1,0.5,3.7,No,In a Relationship,2.2,2.7,9,2,5.1,100,83
20,Female,1,4,4.6,100,7.5,6.5,1.8,0.8,5.5,No,In a Relationship,3,0.4,10,3,2.8,100,93
24,Female,3,3.7,3.2,80,6.4,4.1,2.2,0,2,No,Single,3.2,3.4,6,2,3.3,100,100
19,Female,1,3.56,3.4,80,3.9,3.8,3,2.5,3.5,Yes,In a Relationship,5.3,3,10,1,4.2,100,85
25,Male,3,3.95,3.6,100,7.5,5,2,1.7,4.6,No,Single,4.4,2.9,21,2,2.1,100,100
25,Female,4,3.74,3.9,100,7,5.2,1.5,3.5,6,No,Single,4.3,1,12,1,5.6,100,91
26,Female,1,3.79,3.3,86,8.6,7.7,3.9,0.3,5.5,No,Single,3.3,0.5,8,1,4.2,100,100
28,Male,4,4,3.8,85,7.4,5,3.4,0,0.8,Yes,Single,5.3,1.3,17,3,5.7,100,100
21,Male,3,4,5.9,100,5.2,3.1,2,0.5,5.3,No,Single,2.4,1.5,1,1,3.6,100,96
25,Male,4,3.94,5,99,4.3,6.2,3.6,2.7,6.4,Yes,Single,2.9,2.1,12,0,4.7,100,100
21,Female,3,4,4.8,100,6.1,5.7,2.1,2.9,1.9,No,In a Relationship,5.4,1,10,0,3.6,100,96
26,Male,2,3.49,2.8,100,6.2,6.5,2.9,1.6,1.2,No,In a Relationship,1.7,2.1,11,1,3.6,100,100
24,Male,1,3.73,2.2,88,8.1,9.2,4.3,1.6,3,Yes,In a Relationship,3.6,0.9,5,2,1.2,93,96
21,Female,1,3.91,4.9,98,7,4.5,1.9,3.6,3.4,Yes,In a Relationship,4.3,1.2,11,2,5.5,100,93
25,Female,1,4,4.8,100,8.4,1.8,1,2.3,2.3,No,In a Relationship,3.2,1.9,10,1,3.8,100,100
26,Female,4,4,5.7,100,5.4,7,2.6,1.5,0.6,Yes,Single,2.2,1.3,7,3,6.6,100,100
25,Female,4,3.87,2.6,88,8.2,4,0.8,0.6,5.9,No,In a Relationship,2.8,0.5,10,1,5.2,92,93
28,Female,3,3.8,3.2,100,7.9,5.7,2.4,2.4,1.3,No,In a Relationship,3.1,0.3,2,1,1.8,100,90
20,Female,4,2.75,1,83,4.6,6.3,2.4,0,2,No,Single,5.1,2.3,23,2,1,100,83
24,Male,4,4,2.9,99,8.6,4.5,0,0,3.2,Yes,Single,1.7,1.7,1,4,5.5,95,100
25,Female,3,4,5,94,7.1,6.6,3.6,1.3,0.1,Yes,Single,4.2,2.6,11,4,4.3,100,93
24,Male,1,3.62,2.8,91,7.5,6.9,2.5,3.5,0,No,In a Relationship,2.6,2.3,11,3,4.3,92,87
28,Male,1,4,4.5,87,6,8.3,4.6,0,2.1,No,In a Relationship,5,0.9,9,1,8.5,100,96
28,Female,1,3.82,3.2,95,8.5,5.3,3.1,3,4.7,Yes,Single,4.6,2.2,11,3,5.2,100,83
28,Female,1,3.95,4,97,5.6,6.6,3.9,2.4,3.4,Yes,In a Relationship,4.5,1.6,15,2,6,100,100
27,Male,2,2.83,1.8,64,8,8.3,4.6,0,0,No,In a Relationship,4.7,1.1,6,2,5,80,79
21,Male,2,3.92,3.6,100,8,4.7,2.6,1.9,5.8,No,Single,2.4,3.8,3,1,5.7,100,88
27,Female,3,2.66,0.5,67,5.8,6.9,2.8,0.6,4.6,No,In a Relationship,2.9,3.5,9,1,2.5,79,74
24,Female,2,4,3.2,96,9.4,3.6,0.4,0.6,3.4,No,In a Relationship,1.2,1.9,1,2,2.9,100,99
18,Male,2,2.57,1.1,62,7.3,8.2,4.7,3,3.3,Yes,In a Relationship,4.9,0.4,8,2,7.6,62,74
20,Male,4,4,5.3,99,7.8,7.3,2.6,1.3,4.3,Yes,Single,5.9,0.7,9,2,3.5,100,98
18,Female,3,3.67,4.7,100,5.2,4.7,1.3,1.3,7.7,Yes,Single,4.1,0.7,12,1,6.7,100,100
28,Female,1,4,4.2,100,9.5,7,3.9,1.5,4.8,No,In a Relationship,3.9,2,18,3,2.9,100,97
27,Female,4,4,5.8,100,5.5,2.9,0,3.2,3.6,No,In a Relationship,5.3,1.6,13,0,2.9,100,100
24,Male,1,3.05,2.1,80,8.2,5,2.2,1.2,0.5,No,In a Relationship,4.4,0.9,14,0,6.5,91,85
19,Male,2,4,6.1,100,5.8,7.6,4.2,2.5,3.3,Yes,In a Relationship,6.1,3.3,8,2,2.9,100,100
19,Male,3,3.96,4.9,100,6.3,6.7,2.1,2.5,4.5,No,In a Relationship,3.9,0.8,9,1,3.2,100,100
28,Female,1,3.93,3.1,88,7.9,4,1.7,0,2.8,No,Single,3.8,3.1,9,1,3.3,100,93
18,Female,4,3.88,5.2,100,8.2,4.4,2.2,2.9,2,No,Single,2.2,2.4,11,1,4.8,100,100
19,Male,3,3.35,1.8,75,5.5,4.5,0,3.1,4.1,Yes,In a Relationship,2.9,1.8,10,6,3,92,89
20,Female,1,3.31,2.3,79,8.3,6.2,3.9,2.4,1,Yes,Single,3.9,0.4,14,1,4.4,100,80
23,Female,2,3.94,2.6,82,8.3,5.9,2.6,0.9,4.7,No,Single,2.6,2.8,15,4,5.6,95,89
20,Male,3,3.65,2.7,93,5.9,4.7,2.4,0.4,2.1,Yes,Single,3.8,3.2,18,2,4.5,100,89
27,Female,2,3.5,1.9,100,8.9,3.4,2.4,1.4,0,No,In a Relationship,5.3,1.4,13,1,3.7,81,93
27,Male,2,4,5.3,100,5.3,6,2.8,0,2.1,Yes,In a Relationship,4.5,2.4,14,1,9.1,100,97
22,Female,4,3.46,3.1,85,6.3,8.1,3.8,2.1,2.9,Yes,In a Relationship,4.6,1.3,18,1,7.1,100,80
18,Female,4,3.86,4,83,7.6,5.6,2.7,0,4.1,No,In a Relationship,5.9,2.7,16,4,4.7,100,96
23,Female,4,3.38,2.6,81,6,2,0.8,2,3.9,No,Single,4.2,0.3,10,1,0,100,99
28,Female,3,2.82,0.8,60,7.3,6.8,3.7,1,0.4,Yes,Single,4.9,2.2,7,1,5.6,86,84
20,Male,4,3.79,3.9,100,7.3,5.6,3.5,2,3.2,No,Single,5.3,0,10,1,3.6,100,100
23,Female,1,3.14,0.6,87,6.8,3,3.1,0.9,1.9,Yes,Single,3.8,0,8,2,2.7,98,81
18,Male,1,3.16,3.4,82,8,7.3,4.4,1.4,2.3,No,Single,4.1,0.1,13,2,4.6,100,82
26,Male,4,3.17,1.4,76,6.7,6.4,2.8,0.6,1,No,Single,4.2,1.2,14,0,4.5,87,80
21,Female,2,4,6.5,100,7.3,8.9,4.5,1.8,2.9,No,In a Relationship,4.9,0.3,10,2,5.2,100,100
19,Female,4,4,4.9,100,8.4,10,4.9,2.7,9.3,No,In a Relationship,3.6,0.3,10,0,4.9,100,88
27,Male,1,3.33,3.7,95,7.9,7.5,3.7,3.1,6.7,No,Single,2.4,1,1,1,7.5,91,100
22,Male,3,4,5.4,100,7.9,5.8,1.7,1,1,No,In a Relationship,4.1,1.1,9,2,4,100,88
21,Male,3,3.05,2.2,75,5.6,4.1,2.6,0,3.1,No,Single,5.1,0,28,1,7.5,100,71
21,Female,4,3.77,4.3,100,7.6,9.6,4.7,0.8,2.4,No,Single,4.3,0,18,2,6.2,100,88
24,Female,2,3.4,3.8,92,5.9,5.1,0.6,2.4,3.3,No,Single,3.3,0.3,19,0,5.9,96,89
22,Male,1,3.71,3.9,81,5.5,4.8,2.2,2.8,4.8,No,In a Relationship,2.9,2.2,14,4,5.4,100,81
26,Female,1,4,5.4,100,6.9,6.1,2.3,4,2.7,No,Single,2.5,3.8,17,2,6.3,100,87
19,Female,2,3.91,4.6,100,5.9,5.2,1.5,0.6,1.6,No,In a Relationship,3.1,2.7,10,1,3.2,100,100
23,Male,3,3.99,3.9,98,7.9,8.9,4.1,3.5,5.3,No,Single,4.5,0.8,8,1,4.4,100,95
22,Female,3,2.29,1,71,8,6.2,3.4,1.1,0.5,No,In a Relationship,5,1.6,19,0,1.2,79,66
21,Female,3,2.78,2.1,72,4.7,3.8,1.7,2.1,3.4,Yes,In a Relationship,6.3,1.2,7,1,7.3,73,80
22,Male,1,3.77,3.3,92,6,6.1,3.7,2.1,0,No,Single,5.4,1.1,14,1,4.8,100,89
28,Female,4,3.12,3.6,73,5.2,6.7,2.6,3.1,0.9,No,In a Relationship,5.1,1.3,21,0,8.7,78,89
21,Male,3,3.17,1.8,89,6.4,2.2,1.5,0,4.5,Yes,In a Relationship,3.8,1.5,17,1,6,91,92
22,Female,3,4,7.1,100,7.5,1.1,1.7,0,1.6,No,Single,2.7,0,11,1,4,100,100
19,Female,4,4,5.8,100,6.7,7.6,3.5,1.6,0,No,In a Relationship,6,0.6,18,3,5.1,100,100
19,Female,1,3.71,4.4,86,6.3,7.5,4.2,0.1,1.6,No,In a Relationship,5.5,1.2,13,2,4.6,100,86
20,Male,3,4,3.6,87,8.6,5.1,2.1,1.6,1.3,No,Single,2.6,3.6,11,1,6.2,100,89
25,Male,3,3.49,3.2,83,4.2,5,3.6,2.7,0.5,No,Single,6.2,1.8,16,0,2,99,88
23,Male,1,3.31,2.1,83,8.5,6.1,5.2,3.4,4.1,No,In a Relationship,5,2.3,8,3,3.8,100,84
28,Female,4,3.98,3.6,95,6.3,3.1,0.9,0.3,0,No,Single,2.8,1.1,5,0,3.9,92,93
25,Male,2,4,3.9,100,6.9,6.7,3.3,0.1,1.8,No,In a Relationship,5.6,2.6,11,2,3.7,100,94
20,Male,2,3.36,1.6,76,6.4,6.3,4,2.1,3.3,No,In a Relationship,4.2,1.5,9,4,4.4,83,84
27,Female,2,4,4,100,8.9,6.8,2.7,2.6,2.3,No,Single,1,2,5,1,7,100,100
18,Female,1,2.85,3.3,73,5.5,6.6,4.7,0.6,2.2,Yes,Single,6.5,1.4,12,2,0.3,86,89
18,Male,1,2.84,0.6,62,7,8.5,6.1,0.4,1.6,No,Single,7,1.8,9,3,1.4,81,88
27,Male,1,3.34,2.2,96,7.6,7.1,3.3,2.5,0.6,No,In a Relationship,3.4,0.7,7,1,5.7,100,86
24,Male,3,3.87,2.9,93,5.1,4.9,2.4,2.9,1.7,Yes,In a Relationship,3.2,3,12,2,2.8,100,100
26,Male,4,3.92,6.3,100,5.9,6.9,4.3,1.5,4.3,No,Single,6.1,0.7,7,1,0.7,100,100
26,Female,3,4,4.3,92,6.8,6.3,4.1,2.2,2.1,No,Single,4.2,0.3,18,2,3,100,88
19,Female,4,3.29,1.5,75,5.9,2,0,0.5,3.3,No,Single,4.6,1.4,21,3,6.8,85,94
28,Female,3,4,4.2,92,6,6.2,2.8,0.8,5.2,No,Single,2.2,3.1,16,1,2.9,100,98
21,Male,4,2.95,1.2,82,6.6,5.8,2.2,1.3,4.2,No,In a Relationship,5.1,0.5,10,0,3.4,87,75
25,Female,1,4,5.1,89,7.8,6.7,3.4,0.7,0.4,Yes,Single,5.6,1,14,0,0.7,97,100
18,Female,4,3.87,2.8,100,6.6,4.8,2.5,0,3.9,No,In a Relationship,4.5,1.5,9,1,5.1,100,100
25,Female,2,4,3.4,100,8.3,5.5,2.7,0.8,5.1,Yes,Single,1.2,0,15,2,3.5,100,100
25,Male,3,4,5.5,100,5.8,6.4,1.5,2,1.8,Yes,In a Relationship,3.8,0,16,2,3.9,90,97
27,Male,4,2.95,1.6,79,5.5,5.2,3.9,1,0,No,Single,6.6,2.3,16,2,5.5,78,85
22,Female,2,2.99,1.4,79,9.3,10.6,5.3,2.6,2.1,No,In a Relationship,2.8,1.3,10,0,2.8,87,98
18,Female,4,3.77,2.6,91,6.2,4.6,1.5,1,3.4,No,In a Relationship,3.2,0.1,16,1,5.5,96,95
21,Female,1,4,5.1,100,5.4,3.5,0.7,0.2,4.2,No,Single,3.9,0.9,14,1,7.2,100,100
22,Male,1,3.05,1.2,90,4.9,6.9,2.8,1.6,2,No,In a Relationship,3.8,0.6,13,2,4.2,100,84
22,Female,3,2.43,0.5,73,8.3,3.3,2.8,2.5,0,No,In a Relationship,5.5,1.2,12,1,4.4,73,89
19,Male,1,3.35,2.8,80,6.6,9.3,4.6,0.3,0.4,No,In a Relationship,6.6,1.4,7,0,6.7,94,79
24,Male,1,3.86,4.3,99,6.7,6.2,1,0,3.7,Yes,In a Relationship,3.6,0,14,1,4.6,100,100
25,Male,1,4,5.3,100,6.8,6.3,2,1.9,7,No,In a Relationship,3.5,2.5,11,3,2.3,100,90
22,Male,4,3.99,2.8,100,8.2,1,0,2.5,3,Yes,Single,2,1.3,6,2,6.5,100,100
24,Female,1,3.38,2.9,80,6.8,8.8,4.9,0,5.6,No,Single,5,0.6,8,0,5.3,100,87
25,Female,3,4,5.2,100,9.8,8.2,3.2,2.8,0.9,No,Single,3.1,2.1,14,0,0.6,100,91
23,Male,3,3.07,0.7,86,7.2,7,2.1,0.8,1.7,Yes,Single,3.8,0.2,10,1,6.9,88,99
21,Male,3,3.72,2.9,100,8.3,2.1,0.8,1.2,0,Yes,Single,2.9,0.9,9,2,4.2,100,96
21,Male,4,3.99,3.8,92,8,5.2,1,1,3.7,No,Single,4.3,0,2,2,2.7,100,86
23,Female,4,3.8,4.2,100,7,8.6,3.4,1,1.2,Yes,In a Relationship,5.9,1.9,17,2,1,100,97
18,Male,2,3.41,2.7,78,6.3,4.1,1.1,1.2,4.2,No,Single,2.4,2.4,6,2,4.6,96,75
18,Female,4,3.47,3.6,82,7.4,4.3,3,1.7,2,Yes,In a Relationship,5.5,1.6,12,3,4.7,94,86
26,Male,2,3.15,0.5,64,7.6,9.9,5.9,1.1,7,No,In a Relationship,3.5,1,10,1,3.9,84,91
26,Male,4,3.2,2.5,88,6.3,6.6,2.3,3.5,6.6,No,In a Relationship,5.2,0,13,2,3.1,100,86
23,Female,4,4,4.2,99,7.2,4.2,1.4,1.6,0,No,In a Relationship,5.6,0.7,13,1,2.4,100,91
20,Male,1,3.69,2,88,8.5,5,3.4,2.1,4.2,No,Single,5.7,1.4,11,1,7.6,93,90
23,Female,1,4,3.6,99,9.5,5.2,1,4.1,1.5,No,In a Relationship,3.1,0.6,13,3,4.7,100,100
19,Male,1,3.7,4.2,78,8,7.5,5.4,2.6,4.3,No,Single,4.2,0.7,12,2,4.8,100,99
20,Male,1,3.35,3,88,9.2,8.4,4.9,5.1,0.3,No,In a Relationship,4.4,0.1,5,2,7.5,90,90
21,Male,3,3.49,3.8,82,6.2,7.5,2.6,1.2,5.9,No,In a Relationship,4.1,0.5,18,1,4.7,100,87
23,Male,2,3.7,2.1,87,7.8,2.5,1.5,2.5,5.1,No,Single,1.8,0,20,1,2.3,98,96
22,Male,3,3.43,3.2,85,8.6,6.3,2.2,2.1,0.2,Yes,Single,1.4,1.5,8,2,4.1,95,84
24,Male,1,4,4.4,100,5.9,5.2,2.4,1.8,2.6,Yes,Single,4,1.2,4,1,5.2,100,100
25,Female,1,4,3.7,100,6.4,6.2,3.4,2.2,3.3,Yes,Single,4.5,1.3,18,1,7.3,98,92
21,Female,1,3.64,2.6,74,9.1,8,4.4,1.6,4.4,Yes,Single,4.3,0.8,7,1,1.7,83,84
22,Male,2,3.67,3.8,79,5.8,3.3,1.2,2.6,3,Yes,In a Relationship,4.2,0.6,18,1,3.8,100,94
20,Female,1,3.5,4.6,92,5.4,5.9,4.3,0.6,4.6,No,Single,5.1,0.9,18,1,3.7,98,99
25,Male,1,3.15,0.5,83,8.8,4.6,3.7,0,2.9,No,Single,5,0.8,11,0,6,98,84
27,Female,3,4,5.2,100,8.4,6.5,2,2,4.2,Yes,In a Relationship,2.1,1.4,11,1,5.1,100,100
28,Female,1,4,3,90,7.5,3.8,1.2,2.7,0.3,No,Single,3.1,3,7,2,5.4,100,100
27,Female,4,3.72,4.1,88,6.9,6.7,3,2.2,2.9,Yes,In a Relationship,6.3,1,12,2,0.4,100,93
28,Male,3,4,5.3,100,6.5,3.6,1.2,0,5.3,No,Single,1,0.6,14,2,2.6,100,96
18,Female,3,3.42,1.4,88,7.3,5.9,4.3,2.7,5.8,No,Single,5.1,1,14,2,4.8,91,93
26,Female,2,3.77,2.4,77,8.9,4.9,1.1,1.5,3.3,No,Single,3.2,0.7,15,2,5,100,86
28,Female,4,3.71,3.1,91,7.3,7,3.6,3.1,2.8,No,Single,4.3,0.7,17,1,4.3,100,100
23,Male,1,3.86,2.3,100,9.6,5.4,2.7,0,5.7,Yes,Single,3.5,0.6,12,3,7,100,100
23,Female,4,4,6.1,100,5.9,5.4,2,3,2.8,No,In a Relationship,4.9,1.9,26,1,4.8,100,100
18,Male,2,3.49,2.2,83,7,4.4,2.6,1.4,5.3,No,In a Relationship,2.1,1.9,14,3,1,99,86
24,Male,2,3.41,2.7,83,6.6,8.7,4.4,4.3,2.8,Yes,Single,3.9,2.1,14,2,4.7,98,100
19,Female,1,3.53,3.8,93,5.7,5.6,1,2,3.1,Yes,In a Relationship,3.3,2.3,14,5,2.7,92,94
25,Male,1,3.3,1.7,90,6.8,6.1,2.2,2.4,0.8,Yes,Single,2.2,0.8,14,2,4.8,91,98
22,Female,1,3.71,2.9,100,7.5,4.3,1.7,0.8,0.5,No,In a Relationship,3.9,0,14,3,0.4,99,100
18,Male,1,3.72,4,84,7.6,5.8,2.7,1.1,5,Yes,Single,4.1,3.2,17,1,2.3,100,100
28,Male,4,4,3,89,9.6,6.7,1.8,1.3,6.4,No,Single,3.2,0,1,2,6.8,96,100
21,Male,2,4,3.4,100,7.6,4.6,0.1,1.7,3.2,No,In a Relationship,2.8,0.9,11,1,5.3,100,99
19,Male,1,3.79,2.7,98,8.4,6.6,1.2,1.2,2.7,No,Single,2.3,0,4,4,6.8,95,100
21,Female,3,2.95,1.2,75,7.1,7.4,5.3,2.3,5,No,Single,4.9,1.6,19,3,3.7,75,82
18,Female,2,4,4,100,9,5.2,3.2,2.9,3.7,No,In a Relationship,3.3,0.2,5,4,6.8,100,98
28,Female,2,4,6.1,100,9.9,6.3,3.1,2.3,0,Yes,In a Relationship,4.6,2.3,8,3,2.7,100,100
25,Male,4,3.98,3.5,99,7.6,5.9,2.4,1.8,5,No,Single,3.3,1.4,9,2,4.7,100,88
23,Male,3,3.79,3.8,90,5.8,5.5,2.7,1.1,0.3,No,In a Relationship,5.9,2.7,6,2,4.6,100,100
19,Female,3,4,4.5,98,6.3,4.7,2.2,0,3,No,Single,3.8,1.3,10,2,7.1,100,95
23,Female,3,3.44,1.6,78,7.3,8.1,3.6,2.4,2.1,No,Single,5.8,2.4,2,2,0,100,80
26,Female,2,4,6.1,100,7.5,5.9,3,0.6,1.7,Yes,Single,4.4,0.1,20,2,4.7,100,98
18,Female,4,3.82,3.8,100,7.8,2.5,1,0.8,3.1,No,In a Relationship,2.5,2.2,14,4,6.2,100,100
20,Male,4,4,5.9,100,7.6,4.9,3.2,0.8,4.8,No,Single,3.3,1.1,8,3,1.9,100,100
26,Male,4,4,2.4,76,7,3.3,0,1.9,3.1,No,In a Relationship,3.7,1.4,15,1,3,100,84
28,Female,1,4,6.2,100,6.2,10,3.4,2.9,5.8,No,In a Relationship,2.8,2.1,14,3,1,100,100
28,Female,2,4,4.7,100,7.5,2.5,0.7,0.6,6.1,No,In a Relationship,2.3,1.6,7,2,5,100,98
22,Male,2,4,4.3,100,9.2,5.3,2.7,0,6,Yes,Single,3.7,0.4,16,2,3.2,100,90
21,Male,2,4,3.9,99,8.2,6.9,1,1.9,2.9,No,Single,3.5,0.7,11,2,3.3,100,93
20,Female,2,4,3.1,92,7.6,5.2,2.8,0,2,No,Single,2.9,0.1,18,0,6.7,96,86
25,Male,2,4,5.3,100,8.2,7.2,3.7,0.9,2.9,Yes,In a Relationship,4.3,1.9,10,4,4.5,100,100
18,Male,1,3.67,3.7,99,6.6,10.4,5.1,0.3,5.3,No,In a Relationship,3.3,0.9,5,3,0.2,98,88
23,Female,3,3.16,0.5,66,6.4,2.4,0.5,1.6,5.1,No,In a Relationship,3.1,0.8,17,1,4.6,94,77
28,Male,1,2.93,1.8,70,6.1,6.9,4.3,2.1,0,No,Single,7,1.4,11,2,2.1,89,100
28,Male,3,3.58,3.2,83,6.8,5.4,3,2.3,3.6,Yes,Single,4.2,1,12,1,2.1,100,89
19,Female,3,4,4,97,6.5,3.3,2.1,1.2,0,No,In a Relationship,3.4,2.4,13,1,1.6,100,96
28,Male,4,3.77,3.4,81,8.4,8.8,3.9,3.3,3,Yes,In a Relationship,3.8,2,7,1,4.2,100,97
21,Female,2,4,5.3,100,6.4,4.7,2.4,0.4,1.9,No,Single,4.5,1.9,11,0,2.8,100,86
27,Female,2,2.45,0.6,72,6,5.8,3.9,0,1.3,Yes,In a Relationship,6.3,0.8,9,1,3.1,75,88
28,Male,1,4,3.7,100,9.3,3.8,1.3,0.1,4.7,No,In a Relationship,3.4,1.9,10,3,5.2,100,98
25,Female,2,3.44,0.8,92,6.5,6,1.9,4.9,1.7,Yes,In a Relationship,3.1,1.7,18,5,6.2,78,97
20,Female,1,4,4.6,95,7.2,7.3,4.2,0,3,Yes,Single,4.2,0,8,0,1.1,100,99
21,Female,4,3.84,3.4,96,7.5,7.1,5,3.1,1.1,No,Single,5.5,1,8,1,0,96,100
27,Female,1,3.75,4.1,99,5.6,6.2,2.7,1.2,3.1,No,In a Relationship,3.9,1,19,3,4.6,96,93
23,Female,2,3.79,2.2,100,8.5,4,0,2.5,4.9,Yes,In a Relationship,2.5,2.7,7,0,0.5,95,100
24,Female,3,4,5.4,100,7.8,5.5,2.5,0,1.2,No,Single,2.7,0.8,12,2,1.2,100,100
19,Female,4,4,5.1,100,8.9,5.5,2.8,1,4.3,No,Single,3.4,1.7,15,1,3,100,88
20,Female,1,3.89,4.4,100,6.2,6.7,2.5,2.4,3.1,No,In a Relationship,5.2,2.5,15,3,5.6,100,100
23,Male,4,3.46,3.3,86,7.1,6.1,3.3,2.2,3.1,No,In a Relationship,4.3,0.3,5,4,6.5,93,99
23,Male,2,4,4.4,97,7,7,2.1,3.4,2.3,Yes,Single,4.1,1.5,8,0,2.8,100,97
26,Female,2,2.98,2.4,83,7.3,6.2,4.1,0,4.5,No,In a Relationship,5,3.2,3,1,2.5,79,76
18,Female,1,3.68,4.8,100,5.3,3.1,1,2.3,4.3,No,In a Relationship,3.2,0,16,3,1.8,100,84
23,Female,2,4,6,100,7.1,6.6,4.7,1.8,2.7,No,Single,5.5,0.6,17,1,4,100,91
27,Male,3,3.77,5.1,78,5.3,7.8,5.1,1.3,3.4,No,In a Relationship,5.5,1.5,17,3,3.5,100,96
26,Male,1,3.37,2.4,91,7.4,4.4,1.4,1.6,4.5,Yes,In a Relationship,2.2,1.6,12,0,2.2,100,89
27,Male,2,3.71,4,97,4.4,2.8,1.4,0.8,4.1,No,In a Relationship,5.1,1.4,11,4,6.7,100,99
27,Female,1,2.6,1.6,77,4.8,6.5,3.4,0.3,2.4,No,In a Relationship,6.6,1.7,9,1,0,78,86
19,Female,4,4,4.4,100,8,4.7,1,2.2,5.3,No,Single,3.7,2.5,4,1,3,100,100
24,Male,3,3.69,4.2,86,6.3,3.3,2.1,2.7,4.7,No,In a Relationship,4.6,1.3,15,2,6.4,87,83
21,Female,4,3.02,0.7,80,5.8,6.9,4.5,1.6,7.2,Yes,Single,4.8,1.1,7,0,2.1,85,87
24,Male,4,3.68,1.8,100,8.5,7.6,3.9,1.8,0,Yes,Single,4.9,1.8,2,2,7.4,97,98
18,Male,2,3.06,3.1,99,7.4,7.5,5.8,1.7,4.4,No,In a Relationship,4.8,3.2,19,3,3.1,100,80
21,Male,3,3.17,3,88,8,5.7,3.1,3.9,5.3,Yes,In a Relationship,2.7,1.8,9,2,5.2,94,73
19,Female,1,3.66,1.7,85,6.8,6.2,1.9,0,5,No,In a Relationship,1.3,2.2,13,1,4.7,100,95
18,Female,4,4,4.1,97,10,8.1,2.9,1.9,2.5,No,Single,1.6,0,11,1,4.8,100,100
27,Male,3,3.58,3.9,89,6.3,6.1,2.6,1.2,0.3,No,Single,4.8,1,18,2,4.4,100,91
23,Female,2,3.91,3.2,100,9.1,5.4,2.6,0.8,6.1,No,Single,1.4,0,5,2,1.3,100,94
27,Male,2,3.62,2.4,91,6.9,5.2,2.8,2.9,2,Yes,In a Relationship,4.7,1.2,16,0,4.2,100,78
27,Male,1,4,5.1,100,5,5.5,1.4,2.1,2.4,No,Single,6.1,2.6,12,4,5.9,100,100
28,Female,3,4,6,100,7.6,7.6,3.2,1.3,7.1,Yes,Single,1,0,14,0,6.8,100,100
26,Male,1,3.76,2.8,81,7.4,2.3,0.7,2.6,0.5,No,In a Relationship,2.6,2.9,10,1,5.1,100,93
22,Female,3,3.58,2.6,95,5.7,5.8,1.7,0.5,4.6,No,In a Relationship,6,1.2,10,4,0,96,100
28,Female,4,3.78,4.2,99,5.9,4.9,2.6,3.4,1.5,No,In a Relationship,5.5,2.1,17,3,2.9,100,91
28,Female,1,3.9,3,93,7,2,0,1.9,1.4,Yes,In a Relationship,3.2,2.2,8,1,3,100,98
20,Male,1,3.51,3.3,100,7.4,6.8,4,2.5,3.3,Yes,Single,3.8,3.2,9,2,0.2,100,98
19,Male,3,4,4.6,100,4,4.2,0,0.6,4.4,No,Single,4.3,1.8,11,3,4.7,100,100
23,Male,1,3.02,0.6,66,8.3,7.2,3.8,0.8,4.9,No,In a Relationship,4.6,0.3,5,1,5,82,78
21,Female,1,4,5.5,94,6.4,4.2,0.9,1.9,5.2,Yes,Single,1.8,2.2,11,2,5.9,100,98
27,Male,4,3.49,3.6,96,5.4,5.6,2.2,0,1.6,Yes,In a Relationship,6.2,0,11,2,3.1,98,98
27,Female,1,3.48,2.9,86,8.1,7.2,3.6,3.5,0.7,Yes,Single,4.9,0.3,15,3,3.8,100,90
19,Female,4,3.19,3.4,84,7,9,6.1,1,2.3,No,In a Relationship,6.5,0.6,9,3,4.8,100,99
19,Male,1,3.41,3.4,93,8.5,6.8,3,2.6,3.7,No,Single,4.5,0,3,0,2.8,100,84
18,Male,2,3.51,0.9,93,7.5,2.2,0,2.4,2.6,Yes,Single,3.2,2.9,12,1,0,100,95
25,Female,4,3.79,5.7,100,7,8,4.2,3.6,0,Yes,Single,5.7,2.5,10,3,3,100,99
19,Male,3,3.96,3.6,93,6.8,6.5,2.5,0.2,0,No,In a Relationship,5.1,1.7,6,2,1.8,100,89
26,Male,4,4,4.2,98,7.6,6.7,2.9,1.9,2.5,No,Single,3.6,2.2,14,1,4.2,100,100
21,Male,3,3.98,4.9,100,6.5,7.5,3.6,2.4,4.7,No,In a Relationship,4.9,1.6,14,5,6,100,98
20,Female,1,3.56,2,97,6,3.6,0,0,1.2,No,In a Relationship,3.4,2.1,15,2,0.9,98,92
27,Male,4,3.7,4.2,100,7.7,7.2,2.8,1,4.5,No,In a Relationship,3.5,2.5,14,1,2,100,88
28,Male,3,3.37,3.1,86,6.8,2.5,2.2,1.8,0,No,In a Relationship,6.1,0,16,1,6.4,94,87
28,Female,1,3.48,4.8,89,7,8.6,4.6,0.9,3.5,No,In a Relationship,4.7,2.1,14,1,5.1,100,99
26,Female,3,3.06,0.5,72,8.3,9.3,3.9,0,3.5,Yes,In a Relationship,4.4,2.3,22,0,5.3,90,87
25,Female,1,3.64,3.4,87,6.9,2.7,0.4,0,3.9,No,In a Relationship,2.8,0.6,19,3,4.7,100,74
27,Male,2,3.24,2.6,86,7,6.8,4.7,4.3,1,No,Single,4.9,1,13,0,4.3,92,90
28,Male,3,3.38,4.1,98,6.3,8,3.5,3.1,0,No,In a Relationship,7.1,0.4,3,2,2.8,92,98
18,Male,4,4,4.2,100,7.5,2.4,0.5,2.3,4.5,No,Single,1.2,1.5,21,1,2.3,100,92
18,Female,1,3.42,2.4,84,7.4,5.1,2.9,1.3,0,Yes,In a Relationship,4.6,1.6,11,6,3.7,91,81
24,Female,2,3.04,2.4,92,8.1,7.6,4.4,0.6,1.5,No,Single,3.4,1.4,15,2,8.8,90,90
28,Male,2,3.16,3.3,100,6.3,3,1,2,5.8,No,Single,4.3,0.4,14,0,3.1,90,93
26,Male,2,3.05,2.2,79,6.5,9,4.9,0.3,3.3,No,In a Relationship,5,2.6,11,3,1.8,94,76
24,Female,3,4,4.8,100,8,2.6,0.5,2.8,3.7,Yes,In a Relationship,2.2,0.6,10,2,7.2,100,100
19,Female,1,3.88,2.9,100,7.3,5,1.6,2.2,4.2,No,In a Relationship,1.4,1.8,10,0,4.2,99,99
26,Female,2,2.88,0.5,69,5.9,4.7,1.4,1.6,4.2,No,Single,5.2,2,1,1,5.6,67,76
25,Male,3,4,2.9,100,8.6,9.9,4.9,1.2,3,No,In a Relationship,3,0,6,0,4.2,90,99
28,Male,3,2.99,1.9,79,5,6.5,2.1,1.1,1.2,No,In a Relationship,5.3,1.5,10,2,5.3,99,90
25,Male,2,3.79,1.1,92,7.9,3.5,1.1,1.9,8.4,No,Single,2.9,2.5,12,1,9,84,87
21,Male,3,2.72,1.6,80,5.5,5,3.5,0,2.4,No,Single,7.2,1.2,15,1,1.3,99,76
22,Female,4,3.94,3.7,99,9.3,7.8,3.8,4.6,3.7,No,In a Relationship,3,2.1,9,1,6.5,100,100
28,Male,3,3.9,5.5,100,5.1,6,3.8,1,3.9,No,Single,4.1,0.5,15,1,2.1,100,100
19,Male,1,3.87,4,100,8.4,5,2.4,0,1.9,Yes,In a Relationship,3.2,2.3,11,2,5.7,100,99
22,Male,3,3.61,2.6,85,6.9,4.9,3.2,2.6,2.1,Yes,In a Relationship,3.9,0.1,10,2,1.5,100,79
28,Male,2,4,4.2,99,6.6,5.6,1.8,0.9,6,No,In a Relationship,1.3,1.2,12,1,4.6,100,93
27,Female,2,2.62,2.8,74,7.2,7.5,5.3,0.9,1.5,No,Single,6.9,2.4,16,2,5,80,85
25,Female,3,3.28,2.5,93,7.8,7.5,4.5,1.6,3.8,No,In a Relationship,3.9,2.4,11,2,2.8,100,75
27,Female,2,3.19,1.8,70,5.9,7.4,4.4,0.8,4.8,No,Single,4.6,0,14,2,2.7,95,93
25,Female,4,2.6,0.9,72,6,7.2,4,0.8,2.6,No,Single,5.6,1,16,1,6.3,82,70
24,Female,3,3.52,2.9,89,7.8,7.4,3.6,1.3,2.8,No,Single,5.5,0.6,15,1,2.6,98,99
18,Male,1,3.79,3.7,99,5,3.6,0.9,3.3,4.9,Yes,In a Relationship,2.5,2.4,9,0,1.7,100,100
26,Female,1,3.23,3.4,89,6.3,5.8,3.7,1.2,2.7,No,In a Relationship,5.1,1.1,10,0,2.7,79,96
26,Male,2,3.88,2.9,92,10,3.8,3,1.3,0,Yes,In a Relationship,2.5,1.3,15,1,5.7,100,93
21,Female,2,2.61,2.1,80,5.8,7.8,4.7,2.9,6,Yes,In a Relationship,5,1.7,11,4,4.4,92,85
27,Female,4,3.84,4.4,100,8.4,6.8,4,0,1,No,In a Relationship,4.8,0,8,3,8,100,100
24,Male,4,3.16,1.5,67,6.3,5.7,3.6,2.3,3.4,Yes,In a Relationship,4.1,1.5,12,3,3.5,95,83
21,Male,2,4,4.7,100,7.6,3.4,0.3,2.4,0.4,Yes,Single,3.6,0.2,16,4,4,100,96
25,Female,1,3.3,2,94,7.8,6.7,2.7,1.6,2,Yes,Single,4.2,0.7,17,1,2.2,100,99
21,Female,1,3.51,2.4,100,8.4,6.3,2,1.1,2.1,No,Single,3.4,0.8,17,3,0.7,87,95
20,Male,4,3.02,1.3,63,6.8,4.4,3.2,1.6,3.3,No,In a Relationship,4,1.7,12,3,3.2,81,76
21,Male,1,4,2.7,100,9.4,4.8,2.2,1.1,1.2,No,In a Relationship,2,0.4,14,2,0.6,100,92
22,Male,3,4,5,100,6.3,6.6,2.4,1.8,7,No,In a Relationship,2.3,0.7,18,0,4.1,100,100
23,Female,1,3.91,4.3,93,7.3,8.4,3.5,1.2,3,Yes,In a Relationship,3.6,1.5,9,2,2.6,87,94
21,Male,2,4,5,100,7.3,4.2,2.2,2.9,4.8,Yes,In a Relationship,2.4,2.6,17,0,4,100,100
25,Male,1,3.68,4.3,88,5.7,7.7,3,1,3,No,In a Relationship,4,1.6,15,0,5.8,100,95
23,Female,3,2.92,1.8,74,6.7,1.9,0.5,1.3,5,Yes,In a Relationship,2.8,2.3,16,3,1.9,85,77
25,Female,4,3.51,3,95,7.2,6,1.6,2.5,0,Yes,Single,4.2,0,4,1,6,100,89
27,Female,1,3.15,2.3,96,6.5,6.5,3.8,2.4,1.6,No,Single,5.5,2.6,9,3,4.7,96,82
19,Female,1,4,5.5,100,9.9,5.9,1,1.7,2,Yes,Single,2.7,0.3,9,0,3.7,100,100
22,Female,3,3.03,1.7,76,6,7.1,4.7,1.1,1.9,No,In a Relationship,5.5,0.6,19,1,3.8,82,87
19,Female,1,4,4.8,97,8.4,6.9,4.3,1.2,4,Yes,In a Relationship,4.5,3.1,8,3,6.7,100,100
27,Female,2,4,4.8,97,8,5.2,2.4,5.2,4.2,No,Single,2.4,1.4,7,3,0.4,100,100
25,Female,3,4,6.2,100,7,8.5,7.3,2.8,2.9,Yes,Single,5.1,0.5,6,1,4,100,99
20,Male,3,3.61,2.9,75,6,5.6,4.7,2.1,2.9,No,Single,4.8,0.6,10,1,5.5,94,91
27,Male,1,4,4.6,100,6.1,5,1.4,1.4,7.9,Yes,Single,2.1,0,14,2,4.7,100,100
21,Male,1,4,6.9,100,6.4,8.1,3.9,3.5,3.6,Yes,In a Relationship,2.8,1.2,21,1,2.9,100,91
26,Male,4,3.08,2.6,75,4.9,6.6,2.9,0,0,Yes,Single,6,0.9,10,4,8.4,85,77
28,Female,3,3.72,1.2,95,5.8,3.1,1.6,2.5,4.5,No,Single,2.7,1.9,8,3,5,91,94
21,Female,1,3.11,0.7,83,5.2,4.8,1.2,1.7,4.1,Yes,Single,5.7,2.9,20,2,3.7,95,76
18,Female,1,4,4.6,91,8.6,6.1,4.3,1.8,5.3,Yes,Single,3.8,0,21,0,4,100,100
20,Male,4,2.99,0.7,69,7.7,5.4,1.9,3.2,4.2,No,Single,1.7,1.8,3,1,0.3,88,85
18,Female,4,3.48,2.9,89,7.9,7,2.6,3.6,1.2,No,Single,4.7,0,9,3,4.7,90,85
18,Male,3,4,4.2,100,7.7,4.8,1.4,1.5,4.8,No,Single,2.9,1.6,13,2,3.8,100,90
28,Male,2,3.62,3.8,94,7.2,6.5,1.7,1.5,3.2,No,Single,3.8,0,13,2,4.8,100,84
19,Male,2,3.76,4.1,100,8.8,5.4,2.6,0.3,5.1,No,Single,2.4,0,23,2,1.4,100,100
22,Male,2,3.35,3.8,94,6.3,6.1,3.4,1.4,6.1,Yes,Single,3,3.8,9,1,0,100,83
25,Female,3,4,5.4,100,7.1,3.1,0,3.5,2.8,No,In a Relationship,1.5,3.3,6,0,2.9,100,97
24,Male,1,3.78,2.1,80,7.9,4.2,2.8,1.1,4.8,No,Single,2.1,0.5,8,5,6.5,92,88
23,Female,4,3.54,2.5,76,5.4,4.2,1.7,0,5.1,No,In a Relationship,2.4,3.1,17,0,4.5,100,92
22,Female,4,3.24,2.3,81,10,7.5,4.9,0.2,3.3,Yes,Single,3.4,1.2,12,2,4.6,80,95
22,Female,3,3.43,4.7,85,7,9.9,7.2,0.9,6.9,No,In a Relationship,5,0,20,2,0.7,100,87
27,Male,4,4,4.9,94,7.2,5.6,2.3,0.5,5.1,Yes,In a Relationship,1.8,1.8,15,1,4.3,100,100
20,Male,1,3.83,4.2,100,8.5,1.4,0.2,2.3,1.8,No,Single,3.6,2.1,9,1,2.6,100,98
21,Female,3,4,5.3,100,8.1,4.6,3,2.1,3.5,No,In a Relationship,3.8,2,16,3,6.6,100,99
24,Male,3,3.03,1.7,78,7,6.9,2.5,2.9,4.7,No,Single,6,0,18,0,2.7,92,81
25,Female,2,4,6,100,7.2,6.4,5.8,1.1,6.8,No,Single,4,0.1,19,3,4.4,100,100
28,Female,3,3.76,5.8,100,5.2,9,5.3,1.8,4.2,No,In a Relationship,7.7,2.1,5,2,5.9,100,100
20,Female,2,3.56,4.6,88,6.3,6.7,4.1,0.2,3.6,Yes,Single,5.5,0,13,1,0,99,100
26,Male,1,4,6.2,100,7.6,5.1,1.9,1.1,5.5,No,Single,1,2.2,6,0,3.3,100,100
20,Female,3,3.26,1,77,7.5,8.7,3.8,1.5,2.6,No,In a Relationship,3.2,0.8,11,2,3.5,97,80
18,Male,1,3.61,2.7,93,8.5,6,3.2,1.6,1,Yes,Single,4.4,0,11,1,3.7,100,94
24,Female,1,3.47,2.4,74,6.9,7,3.2,2.7,4.4,No,In a Relationship,2.2,0,13,2,3.6,87,70
21,Female,2,3.8,4.6,98,5.3,3.6,0.5,2,2.2,No,Single,3,1.7,14,1,2.4,99,100
28,Female,3,3.68,1.9,88,8.3,7.3,4.4,1.4,8.4,Yes,Single,1.6,1.7,9,1,2.2,99,97
26,Female,3,4,4.6,100,8.7,5.7,3,4.2,3.5,Yes,In a Relationship,5.6,2.8,18,2,1.1,100,100
20,Female,4,4,5.6,100,8.1,6.4,2.6,0.2,4.4,Yes,Single,4.4,1.2,19,2,5.1,100,92
23,Male,1,4,4.5,100,6.8,4,1.9,2.7,1.7,Yes,Single,3.7,1,13,1,2.9,100,87
20,Male,1,3.82,3.9,97,8.3,3.2,1.6,1.5,5.5,No,Single,4.1,3,21,1,5.3,100,93
21,Male,2,3.86,2,99,10,6.4,3.3,2.1,2.9,No,Single,4.5,0.4,12,0,3.3,100,92
22,Female,2,3.71,2.2,94,7.1,3.4,0.2,0.1,2.8,Yes,Single,4.3,0.9,3,1,2.6,96,92
28,Male,3,3.92,5.4,94,5.4,4.8,4,0,2.8,No,In a Relationship,4.6,1.7,7,4,6.6,95,100
24,Female,3,4,4.7,100,6.3,4.2,1.2,1.1,0.4,Yes,Single,3.9,0.3,10,1,1.6,100,100
22,Male,4,4,3.4,94,7.8,1.5,0,1.5,2.5,Yes,Single,1.7,1.6,17,3,2.3,100,100
21,Female,3,3.12,2.9,72,5.1,9.3,5.5,0.1,4.1,No,In a Relationship,5.5,1.2,7,1,3.3,80,78
25,Male,1,3.27,0.5,71,7.2,2.3,1.5,0.8,0,Yes,Single,3.3,2.3,12,2,4.1,76,89
20,Female,1,2.96,1.9,78,7.5,7,1.7,1.9,5,No,Single,2,0.8,24,0,4.6,100,86
27,Female,3,4,6.4,100,8.8,7.1,4.5,0.7,2.5,Yes,In a Relationship,5.4,0.6,13,2,4.6,100,100
22,Female,2,2.94,1.6,66,8.6,7.6,5.6,3.6,3.5,No,Single,5.2,3.1,20,3,0,75,94
27,Female,3,3.92,3.8,96,8,3.2,0.5,0.7,0,No,In a Relationship,2.5,2.1,6,3,0.7,100,83
24,Female,3,4,5,97,4.4,5.1,1.4,1.4,3.4,Yes,In a Relationship,5.3,2.3,2,1,5.2,100,100
20,Female,2,3.3,1.6,74,8.1,5.6,1.5,1.2,0.9,No,In a Relationship,3.9,2,4,2,5.8,82,99
21,Male,4,3.66,3.8,98,7.8,6.9,4.2,0,2.3,Yes,In a Relationship,4.2,0.5,17,1,3.2,100,92
18,Female,1,3.66,4.9,84,7.3,6.6,5.3,1.4,0,No,Single,7.2,0.2,11,1,4.3,100,95
20,Male,1,3.89,3.5,89,4.9,2.7,1.2,0.4,1.2,No,Single,4.8,0.3,10,2,5.4,95,98
22,Female,3,4,7.8,100,6.1,8.2,4.9,3,2.7,Yes,Single,7.1,0.6,21,1,3.3,100,87
23,Female,2,3.38,1,84,5.6,5.9,1.7,1.6,2.5,Yes,In a Relationship,4.8,2.4,17,1,5.1,86,96
18,Male,2,3.58,5.1,94,4.6,7.6,3.3,1.3,4.8,No,Single,5.4,1.2,14,1,5.6,100,100
25,Female,2,3.73,3.2,100,7,4.1,0.9,1.1,0,Yes,Single,2.8,2.1,18,3,3.8,100,100
24,Male,3,3.97,4.7,97,6,6.8,2.6,2.9,2.9,Yes,In a Relationship,3.8,2,11,4,1.5,100,99
21,Male,2,4,4.2,100,10,7.9,2.6,1.6,2.8,No,Single,4.4,2.8,14,1,1.9,100,100
19,Male,1,3.47,2.4,74,6.8,6.7,2.3,0.1,2.1,Yes,In a Relationship,5.3,2,6,3,6.6,100,100
20,Female,3,3.91,3.8,89,8.6,7.5,3.4,2.6,1.2,No,Single,3.8,1.4,8,1,3.6,100,95
19,Male,1,2.93,0.7,74,5.1,3.3,1.3,2.4,5.2,Yes,In a Relationship,2.3,0,11,2,5.7,87,76
26,Male,4,4,4.4,91,6.4,5.7,1.5,0.3,7.1,No,In a Relationship,4.6,3.1,12,1,4.1,100,99
20,Male,2,3.53,3.9,89,7.1,7.1,3.5,1.1,0,Yes,Single,6,2.3,17,0,5.2,100,89
23,Female,3,3.94,4.5,97,5.9,8.6,4.8,4.3,1.2,No,In a Relationship,4.5,1.6,18,1,5.6,100,100
21,Female,2,4,5.1,100,6.5,7.3,2.8,1.9,1,No,In a Relationship,3.5,1.4,26,1,4.6,99,100
20,Male,1,3.85,4.1,95,6.7,7,3.6,6.4,2.4,No,In a Relationship,6.4,0,24,0,0,100,100
21,Male,3,3.24,3.7,91,6.7,6.8,3.9,3.2,5.5,No,In a Relationship,3.6,1.6,18,3,5.8,99,94
21,Male,1,3.23,2.2,66,9.2,5.7,4,4.8,4.1,No,In a Relationship,3.1,0.7,5,1,4.7,91,91
26,Male,4,3.64,2.4,90,7.5,4,1.4,0.6,2.7,No,Single,2.7,0,19,1,6.1,93,88
28,Male,4,4,5.3,100,7.6,4.9,1.6,4.7,3,Yes,Single,3.7,0.7,21,2,5.9,100,100
23,Female,4,4,5.7,100,7.6,5.1,1.8,0,2.4,Yes,Single,2.2,1.4,13,1,1.1,100,93
21,Female,3,3.16,3.1,73,7.7,9,5.7,1.3,4.5,Yes,Single,4.9,1.6,4,2,1.6,83,80
25,Female,3,4,3.6,97,6.9,7.8,3.6,0.6,4.7,No,In a Relationship,2.7,0,13,3,3.2,100,100
28,Female,1,3.49,2.1,85,6.6,7.5,3.5,1.6,4.2,No,Single,2.9,0,16,3,7.4,90,80
21,Male,3,4,5.3,96,7.2,6.2,3.3,2.3,0,No,In a Relationship,3.4,0.9,13,0,1.4,100,85
28,Female,4,4,4.5,100,8.4,2.8,0.8,1.4,3,No,In a Relationship,1.5,1.8,10,0,2.4,100,100
23,Female,4,4,6.4,100,8.4,9.2,5.7,1.9,2.6,No,Single,5.5,0.4,12,2,1.7,100,100
22,Female,2,3.46,2.2,83,6.7,9.2,3.5,1.1,5,Yes,In a Relationship,4.8,0.8,18,0,4.1,93,94
18,Male,3,3.55,2.9,72,7.9,7.3,3.9,2.2,3.5,No,Single,3.9,1.4,14,2,4.7,100,96
20,Male,3,3.86,3.8,95,6.8,2.8,0.2,2.1,4.1,No,Single,2.2,0.4,19,0,3.7,100,99
23,Male,2,3.96,4.5,99,7,7.6,4,1.1,2,No,In a Relationship,6.1,0,17,4,6.6,100,100
24,Female,4,4,3.2,100,6.4,6,2.3,1.2,4.9,No,Single,4.4,1.5,11,1,3.4,100,100
23,Female,4,3.58,2.2,78,6.8,4.5,0.8,0,5.5,No,In a Relationship,1.7,0,16,2,3.9,97,99
22,Male,2,4,4.8,100,8.6,6,1.4,1.7,0,No,Single,3.9,1.5,20,2,2,100,100
28,Female,3,4,4.6,96,7.1,4.4,0.9,2.1,0.4,Yes,In a Relationship,4.1,1,13,1,4.7,100,100
18,Male,4,3.79,2.1,94,7.2,5.5,0.9,2.8,4.5,No,Single,3.7,1,15,1,5.3,94,100
20,Female,3,3.71,5.5,100,5.3,6.2,2.9,0,2.7,Yes,Single,7.5,0.1,4,4,1.9,100,88
19,Male,4,4,5.3,84,6.6,7,2.2,0.4,5.1,No,In a Relationship,2.7,0.9,10,3,6.8,100,95
19,Female,2,3.54,3.7,90,6.7,7.7,3.3,2.3,3.5,No,Single,4.8,0.3,11,0,6.1,100,90
23,Female,3,3.45,3.6,86,6,9.4,5.3,2.3,4.4,No,Single,6.6,4,7,1,7,100,98
24,Male,4,4,4.3,100,7,6.5,2.6,2.6,1.5,No,In a Relationship,6,0.4,13,1,7.7,100,100
21,Female,1,3.5,2.2,90,6.5,5.8,0,4.7,3.7,No,Single,3.2,2.2,20,1,2.9,92,97
28,Male,3,3.57,3.5,99,7.1,6.7,2.4,0,3.7,Yes,Single,2.4,0.6,14,0,3.8,100,88
24,Female,2,2.73,0.5,68,7.1,6.6,4.6,0.6,1.6,Yes,Single,3.2,1.4,19,3,4.7,79,80
25,Male,4,3.74,4.8,100,5.9,6,2.7,1.8,5,Yes,Single,4.8,1.2,16,2,4.6,100,91
27,Female,2,2.68,1.2,71,6.5,7.8,5.1,1.6,0,No,Single,6.1,1,21,0,4.4,77,86
23,Male,1,4,5.8,100,7.1,9,3.5,2,3.4,No,In a Relationship,4.4,1,12,1,5,100,100
21,Male,4,4,3,100,8.4,4.5,0,3.6,0.4,No,Single,3.3,1.4,9,0,3.9,99,95
24,Female,2,3.46,3.2,98,7.3,8.4,3,4.5,1,No,Single,5.4,2.6,16,1,5.1,100,96
23,Female,2,3.54,2.6,84,6.2,5.3,3.2,0.5,5,Yes,Single,4.7,0.1,4,2,2.5,98,97
26,Female,3,3.1,3.1,84,7.5,8.7,4.4,2.4,0.8,No,Single,5.4,0,15,2,5.9,83,87
27,Male,4,3.91,5.6,98,9,6.9,5.5,3.4,0.7,No,In a Relationship,4.3,0.4,1,3,4,100,100
22,Female,2,2.77,0.5,74,8.1,5.3,4.2,0.7,4.2,No,Single,5,1.3,8,2,6.4,74,88
19,Male,4,4,5.4,98,7.7,6,3.5,1.8,0.8,Yes,Single,4,0.9,14,1,3.4,100,96
27,Female,3,3.43,4,97,7.9,8.6,3.8,1.1,5,Yes,Single,4.7,2.7,6,2,3.7,100,94
21,Male,3,3.58,1.7,85,8.7,4.3,2.5,0,4.3,No,In a Relationship,2.7,2.6,10,4,1.8,82,92
25,Female,2,3.65,1.9,97,8.3,3.6,0.6,0.5,1.4,No,In a Relationship,3.6,0.7,5,1,5.3,100,100
22,Female,3,4,6,100,7.7,7.3,2.9,1.3,5,No,In a Relationship,5.2,2.7,16,2,4,100,91
18,Female,1,2.97,2.1,60,8.3,7.3,3.3,3.4,0,Yes,In a Relationship,5.1,1.6,18,1,4.4,79,75
25,Male,3,3.08,1.8,80,5.7,6.7,1,2,3.9,Yes,In a Relationship,5,0.5,12,2,3.5,98,91
21,Male,2,3.94,5.2,80,5.2,7.8,4.8,1.9,0.5,Yes,Single,5.6,1.1,23,2,4.3,100,88
23,Male,2,4,4,100,7.2,6.8,4.3,1.4,2,Yes,In a Relationship,4.9,1,11,1,3.9,100,98
21,Female,2,3.39,2.1,87,7.1,2.4,0.7,1.8,2.1,No,In a Relationship,3,0.5,5,2,5.2,100,88
28,Male,3,3.67,3.8,99,6.3,7.4,4.8,1.9,5.6,Yes,Single,2.9,0.6,5,1,4.5,100,100
25,Male,1,3.38,2,87,8,4,2.3,0,2,Yes,Single,4.8,1.7,11,5,2.8,100,95
27,Female,4,4,5.2,92,4.8,2.4,1.6,2.3,2.8,No,Single,5,0.8,14,2,5.1,100,91
27,Female,2,4,5.1,92,6.4,9.8,4.4,1.5,2.1,No,In a Relationship,5.6,0.9,24,4,1.3,98,100
18,Female,3,3.68,4.3,96,6.4,5.8,2.7,3.1,1,No,In a Relationship,5.9,1,7,1,3.8,100,100
27,Male,3,3.53,4,91,5,11.7,5.6,0.3,0.9,No,Single,5.2,1,9,2,3.7,100,89
23,Female,1,4,6.1,100,8.8,3.5,1.5,3.7,3.6,Yes,Single,1.4,2.1,14,2,6,100,99
24,Male,4,3.37,3.5,96,5.4,2.7,0.2,0.4,2.9,No,Single,4.9,0.4,12,2,4.7,91,100
22,Female,2,3.41,1.7,77,6.3,4.5,2.4,3,4.5,Yes,Single,3.8,1.4,9,1,7.6,100,90
24,Male,4,4,4.2,100,8.1,6.2,4,0.9,2.5,Yes,In a Relationship,4.5,0,12,1,4.7,100,74
21,Male,3,4,6.6,100,7.8,5.4,1.4,2.3,2.6,No,Single,1.8,0.7,6,2,4.5,100,86
22,Male,3,2.96,2,84,5.7,4.5,0.8,3.2,4.5,No,Single,4.9,0,10,3,4,98,68
28,Female,2,3.78,3,93,7.8,7.2,3.1,2.2,2.3,No,In a Relationship,4.7,2.8,6,1,2.4,100,94
19,Male,4,4,4.1,99,7.3,5.2,0.6,1.2,0.1,No,In a Relationship,3.1,1.3,17,2,3.9,100,100
23,Female,3,3.96,3.4,94,9.8,7.6,3.3,0.8,4.7,No,In a Relationship,5,0.8,16,0,0.1,100,100
23,Male,2,3.61,2,88,7.5,4.1,2.3,1.1,1.6,No,Single,2.6,0,12,0,3,94,97
23,Female,1,4,5.2,100,6.8,5.9,3.5,0,3.1,No,Single,4.1,0,12,3,6,100,94
19,Female,1,4,7,100,6,3.8,0.7,1.8,1.7,Yes,Single,4.8,2.1,13,0,5.2,100,100
28,Male,3,3.67,3.8,88,6.1,12,4.7,3.2,1.1,Yes,In a Relationship,6.7,1.6,10,0,2.6,95,94
27,Male,3,3.25,2.1,83,6,6.4,2.5,2.9,0,Yes,Single,3.4,0,4,1,3.9,95,86
24,Male,3,2.69,1.2,73,8.6,7,3.9,3.2,3.7,No,Single,3.5,0,10,1,3.7,89,94
19,Male,4,3.18,3.9,99,7,8,4.2,2.5,0,No,Single,6,3,14,1,3.3,91,84
18,Male,4,4,5.2,100,7.7,3.4,1.1,0,5.6,No,In a Relationship,4.1,2.6,17,1,3.9,100,100
18,Female,3,4,4.2,100,8.8,7.4,4.1,1,5.1,Yes,In a Relationship,4.9,1.5,12,0,1.9,100,93
27,Male,4,3.65,3.5,99,4.2,4.8,0.7,2.2,1.2,No,In a Relationship,5.3,1.3,9,4,0.9,100,86
27,Female,2,3.85,2.6,95,8.5,3.7,0.7,0.9,6.2,No,In a Relationship,2.2,1,15,1,2.3,92,88
25,Female,1,3.17,1.9,79,7.1,7.8,5.7,1.1,7.1,No,Single,4.2,0,13,6,5.7,100,89
20,Male,1,4,4.8,97,7.5,7.4,4.5,1.8,2.5,Yes,Single,5.2,2.1,7,2,4.1,100,89
28,Male,3,3.31,4.9,80,6,8.5,5.9,1.6,3.8,No,Single,6.9,1,3,0,3.2,90,80
26,Female,2,3.24,1.2,71,6.1,3.6,2.2,2.4,3.3,Yes,In a Relationship,3.9,1.9,9,0,2.9,83,93
22,Male,2,3.96,5.9,100,7.6,5.3,3,0.5,6,Yes,In a Relationship,3.1,0.8,20,2,3.9,100,100
20,Female,3,4,4.4,98,9.9,4.9,3.6,0,0.2,No,Single,5.1,1.6,15,2,3.3,100,100
28,Male,1,3.9,5.6,100,8.2,4.3,2.8,0.1,2.5,Yes,In a Relationship,4.8,0.7,19,1,3.9,100,96
21,Female,2,3.27,1.5,72,8.5,3.3,1.7,3.2,4.8,No,In a Relationship,2.2,1.3,12,1,6.1,85,89
19,Male,4,2.88,1.5,66,6.8,5.6,1.5,1.6,4.6,No,In a Relationship,2,2,12,1,5.7,89,82
25,Female,2,3.5,3.3,95,6.3,7.9,3.1,1.1,2.9,Yes,In a Relationship,2.7,0.7,1,1,2.9,97,93
21,Male,4,3.8,4.3,97,6.1,2.4,1.2,3.2,5.8,No,Single,3.3,3.2,2,2,6.1,100,100
23,Female,1,4,6.2,100,6.4,6.1,1.2,0,3.5,No,In a Relationship,2.4,0.6,14,1,4.5,100,92
18,Male,2,3.56,4.6,90,4.5,5,3.4,2.9,3.2,No,Single,6,1.3,13,4,3.9,100,90
19,Female,3,3.77,3.1,93,6.1,6.6,2.7,2.1,4.4,No,In a Relationship,2.3,2.6,1,1,1.6,100,100
19,Male,1,2.82,2,89,6.3,7.5,4.2,2.6,2.9,Yes,Single,6.5,2.7,13,1,1.9,79,82
24,Female,2,4,5.3,100,6.8,6,2.2,2.1,3.1,Yes,Single,3.5,1.7,17,0,4.8,100,100
27,Female,3,3.64,2.1,80,7.2,3.5,1.9,2.7,1.4,No,Single,3.2,1.5,14,2,7,91,91
20,Male,3,4,5.9,100,7.4,4.2,3.4,2.2,8.9,No,In a Relationship,2.4,1.3,9,1,8,100,100
26,Male,1,3.54,3.1,94,7,3.6,1.6,2,2.1,No,Single,2.9,2.6,1,3,4.1,100,92
26,Female,3,4,5.9,100,6.3,5.3,1.8,2.1,4.5,No,In a Relationship,5.1,2.2,14,5,3.7,100,89
21,Male,1,3.82,4.5,88,4.6,7.2,1.9,0.1,6.8,Yes,Single,4.5,2.3,8,3,4.4,100,100
18,Male,3,4,3.3,82,6.3,4.3,2.5,0.5,0.3,No,In a Relationship,4.8,2.8,15,2,5.9,99,95
22,Female,3,3.52,2.7,86,5.8,8.4,5.5,4.9,4.2,Yes,In a Relationship,4.1,1.7,15,1,2.3,100,100
26,Female,2,4,3,89,7.6,2.8,0.7,0.6,3,No,Single,3,0.8,17,4,4.7,100,100
28,Female,4,4,4.1,100,8.1,7.7,4.7,0.1,6.6,Yes,Single,3,1.6,14,0,3.8,100,97
21,Female,4,3.76,3.6,89,8.1,4.6,3.9,1,1.2,No,In a Relationship,1.9,1.3,10,2,3.6,100,100
19,Male,2,3.56,2.6,86,7.9,10,5.2,0.6,1.5,No,In a Relationship,4.3,1,15,2,5.2,93,81
27,Female,1,3.58,3.3,78,6.8,10.5,7.5,0.2,2.9,No,Single,6.6,0.8,7,5,0.9,96,92
21,Male,1,3.17,3.6,80,6.4,9,4.9,2.4,2,No,In a Relationship,4.9,1.7,19,1,6.2,100,94
18,Male,3,2.2,0.5,68,6.1,6.9,4.2,1.2,2.1,Yes,Single,5,1.8,9,0,1.3,60,72
26,Male,2,3.27,4.2,88,5.2,4,0.8,0,7.1,No,Single,4.1,0.5,21,1,0,98,87
19,Male,4,4,2,92,8.2,5.4,1,0.6,3.3,Yes,Single,3.7,1.5,11,2,4.2,100,85
27,Male,4,3.3,1.8,78,6.8,6.5,3.3,0,1.4,No,Single,6.6,2.8,14,0,2.9,91,99
21,Male,2,3.12,1,67,5.5,3.5,0.3,1,2.2,No,In a Relationship,1.6,0.5,13,1,5.4,99,85
24,Male,3,2.71,0.8,73,6,5.7,3.7,2.5,3.8,No,In a Relationship,3.8,2.6,3,1,1.5,91,84
25,Male,1,3.43,1.5,85,6,2.4,0,1.5,3.7,Yes,In a Relationship,4.1,0.3,15,3,2.9,98,95
24,Male,1,3.13,2.4,63,7.1,6.3,4.5,2.1,1.8,Yes,Single,5.4,1.6,8,1,0.1,90,87
24,Male,3,4,6.4,100,8.3,4.4,2.3,1.9,0,Yes,In a Relationship,4.1,0,11,2,2.6,100,100
27,Male,1,3.25,2.7,86,6.6,7.5,3,1.4,2.9,Yes,In a Relationship,3.7,1.8,12,3,0.6,94,97
23,Female,1,3.45,3.8,93,4.3,6.9,1.7,1.8,2.8,Yes,In a Relationship,4.8,1,7,2,1.6,92,97
28,Female,4,4,4.1,88,6.8,1.5,0,2.2,1.7,No,Single,3.4,0,9,2,2.6,100,90
19,Male,4,3.67,3.7,93,6.8,8.2,4.7,0.1,5.6,Yes,In a Relationship,2.5,0.7,18,3,2.2,100,90
21,Male,2,3.92,3.4,92,6.7,7.4,4.8,3,4.1,No,In a Relationship,5,3,5,2,3.2,100,94
22,Female,1,3.37,1.7,72,6.2,7,2.3,3.3,3.3,No,Single,3.6,1.8,15,2,6.4,98,83
20,Female,4,3.98,5.7,96,7.3,7,3.8,0.6,2.3,No,Single,5.3,1.3,10,1,0,100,100
26,Male,2,4,6.2,100,7.1,5.2,2.2,2.3,6.5,No,Single,3.4,1.7,17,2,6.9,100,97
18,Female,3,3.13,1,76,7,5.3,3.2,1.5,0.7,No,Single,6.6,2.2,16,0,7.9,79,92
28,Female,1,3.46,2,71,7.5,5.1,3.9,1.1,2,No,In a Relationship,4.5,2.7,9,1,6.1,93,83
22,Female,3,3.46,3.1,77,6.5,7.5,3.6,4,2.1,No,Single,3.7,0.9,15,2,1.3,87,100
26,Male,3,3.12,2.1,95,6.4,8.2,4.8,0.9,3.6,No,In a Relationship,2.5,1.8,9,2,7.3,80,86
18,Female,4,4,4.3,100,8.7,7.1,3.6,0.9,4.3,No,In a Relationship,2.6,1.7,21,1,4.4,100,98
20,Male,2,3.2,2.4,84,7.7,5.1,2.8,1.6,0.3,No,Single,4.7,1.3,13,0,5,91,97
26,Female,3,4,6.7,100,8,4.5,1.7,1.1,1.6,No,Single,4.2,1,10,2,3.4,100,100
21,Male,3,4,5.3,100,8.5,6,2.1,0,3.9,No,Single,2.5,2.8,10,1,0.7,100,97
21,Male,1,3.78,3.8,100,7.6,8.2,4,0.7,1.7,Yes,In a Relationship,4.2,1.5,10,1,7.9,100,97
19,Male,1,4,5,100,8.1,2.1,0.5,2.7,2.2,No,In a Relationship,3,0,11,3,2.6,100,100
22,Male,3,3.27,5.2,100,5.1,6.7,4.5,1.8,3.3,Yes,In a Relationship,5.7,0,16,2,3.3,97,89
28,Female,4,3.44,2.7,92,7.2,3.7,2.4,1.8,1,No,In a Relationship,5.3,2.2,10,1,2.9,100,87
27,Male,3,3.42,2.3,79,6.8,4.8,1.6,2.9,3.6,No,Single,3,0.8,8,1,4.5,100,91
27,Female,1,3.96,3.6,100,9,5.3,1.2,2,4.2,No,Single,1.7,1,17,3,3.3,95,88
19,Male,4,4,4.8,100,8.1,6.5,3.8,0.1,3.1,Yes,In a Relationship,6.1,1.6,19,1,0.8,100,86
20,Male,1,3.46,3.7,98,6.2,5,2.8,2.2,5.9,No,Single,5.6,3.7,8,0,4,100,87
20,Male,1,2.93,1.1,69,7.4,7.8,5.2,1.5,4.5,No,In a Relationship,4.1,2.6,11,2,5.4,75,87
20,Male,4,3.78,2.3,100,7.2,6.7,0.9,1.3,2.9,No,Single,4.4,1,18,3,4.3,100,97
21,Female,2,3.59,3.4,85,7.5,6.3,1.9,2.1,2.4,No,Single,5.9,1.9,14,1,0,100,100
26,Female,3,3.28,3.4,93,5.8,6.6,2.7,0,6.5,No,In a Relationship,5.1,0.6,20,0,3.7,95,100
18,Female,4,4,6.5,100,7.4,5.1,1.7,1,1.7,No,In a Relationship,3,2,15,1,0.5,100,93
26,Male,4,2.71,1.4,71,6.7,5.8,2.8,1.1,2.5,No,In a Relationship,4.4,0.4,14,3,2.5,77,72
24,Male,4,4,4.3,100,7.3,5.2,3.3,3.5,2.2,No,Single,2.6,1.4,10,0,2,100,92
27,Male,1,4,5.7,100,6.1,5.2,3.5,0.9,3.8,No,In a Relationship,3.5,1.4,7,1,4.3,100,100
25,Female,2,4,6.9,100,6.3,7.4,5.1,2.3,7.5,No,Single,4.3,0.1,6,1,3,100,100
24,Female,4,3.72,2.9,98,8.4,2.7,0.8,0.9,3.5,No,Single,2.9,0.6,12,2,3.1,92,100
18,Female,2,3.41,4.2,78,5.7,5.6,3.3,1.1,2.4,Yes,Single,4.2,0,19,1,5.9,99,90
24,Female,3,4,4.4,100,5.8,4.7,1.8,2.1,3.4,Yes,Single,1.3,0.8,7,0,2.1,100,99
23,Male,3,4,3.8,90,6.9,6.4,3.4,0.5,0.4,No,Single,5.1,2.3,11,1,4,100,98
20,Male,1,3.52,3.4,93,6.1,5.7,3.4,0,2.6,No,Single,5.4,3.2,4,5,4.8,100,93
20,Female,4,3.85,4.2,100,5.9,4.9,1.3,0.6,6.4,No,Single,3.9,2.7,19,1,2.8,100,95
21,Female,4,2.99,0.5,76,7.1,4.2,1.4,2,4.3,Yes,In a Relationship,3,0.8,8,1,4.8,86,88
21,Female,1,3.29,4.5,79,5.2,6.9,3.6,1.6,5.5,No,Single,4.4,1.2,23,3,6.4,98,81
19,Male,1,3.55,3.7,100,5.8,4.9,2.8,3.4,5,No,Single,4.3,1.1,14,2,3.1,100,98
19,Male,1,4,3.2,100,9.5,6.3,2.5,3.1,1.6,No,In a Relationship,3.8,1,20,5,4.9,100,100
23,Male,3,4,6.6,100,7.6,6.2,3.8,2,6.8,No,Single,3.4,2.2,3,1,2,100,100
28,Male,2,3.51,2.5,76,6.1,8.8,3.9,1.7,0,Yes,In a Relationship,3.1,0.6,1,3,4.7,100,97
19,Male,1,3.4,2.9,100,7.5,4.7,2,2,3.7,No,In a Relationship,4.8,2.7,10,1,4.6,100,89
21,Female,3,4,6.5,100,7.7,4.4,1.5,0.9,0,No,Single,3.4,1.3,12,1,2.9,100,96
28,Male,4,3.77,2.3,90,8.2,4.6,0.9,1.9,0,Yes,In a Relationship,2.3,0,15,4,4.8,100,100
28,Female,1,3.44,2.7,96,6.8,6.9,2.9,0,4.9,No,Single,3.4,1.1,20,1,4,80,95
21,Female,3,4,3.3,100,8.2,4.8,0.7,1.7,1.6,No,In a Relationship,3.2,1.7,10,2,4.3,100,100
23,Male,3,4,4.8,78,4.6,8,2.9,2.3,5.5,Yes,In a Relationship,3.8,2.2,10,2,5.7,100,94
25,Female,3,3.44,3.8,90,5.7,8.4,4.6,2.3,0,Yes,Single,5.3,2,11,0,4.3,100,81
24,Male,3,3.72,1.6,90,7.2,5.2,2.3,3.4,2.8,No,Single,3.5,0.9,14,1,3.4,100,100
21,Female,4,3.17,2.7,79,7.4,4.4,2,0.4,0.6,No,Single,4.5,0.7,6,2,2.4,80,87
18,Female,4,3.14,2.6,86,5.9,8.6,5.8,3.9,2.3,Yes,Single,5,2.9,3,3,7.4,100,95
21,Male,1,3.42,3.4,75,7.3,9.9,5.1,5.3,6.1,No,In a Relationship,4.6,1.2,14,2,6.5,100,91
21,Female,4,4,4.1,96,6.3,3,1.7,2.7,6.6,No,In a Relationship,1.8,0.1,5,1,4.4,100,100
25,Female,1,3.43,4.1,100,6.7,5,3,3.8,4,Yes,Single,6.1,0.6,18,4,3.7,100,100
25,Female,3,3.32,0.8,73,8.2,6,3.3,2,0,No,In a Relationship,5.5,0,1,2,6.7,82,81
26,Female,2,3.8,5.1,100,8.1,5.1,3.1,0.1,0.6,Yes,In a Relationship,4,0,8,1,0.8,100,93
19,Female,4,3.53,3.9,77,5.8,8,5.5,0,3.3,No,Single,5.8,0.7,5,3,6.2,100,93
18,Male,2,4,5.6,100,5.7,8.1,2.9,0,1.4,No,In a Relationship,3.7,0.4,9,5,6.4,100,100
24,Male,4,4,4.2,96,6.5,5.8,3.2,2.3,4.3,No,In a Relationship,4.7,0.5,8,1,5.2,100,91
19,Male,1,4,5.2,96,7,7.3,3.8,2.5,6.4,No,Single,4.6,2,18,1,1.3,100,100
27,Female,1,3.74,4.2,96,6.2,5.6,4.6,2.5,1,Yes,Single,5.7,2.1,26,3,7.4,100,100
28,Male,1,3.92,5.5,100,8.2,5.9,4.2,2.2,1.2,Yes,In a Relationship,5.5,0,6,4,6.3,100,94
25,Male,4,4,4.3,100,7.4,7.7,3.6,1.5,0.6,No,Single,4.7,3.1,9,1,2.4,100,100
22,Male,3,3.94,3.4,100,7.5,5.5,0.5,0,2.5,Yes,In a Relationship,3,1.3,11,2,7.8,100,93
27,Male,3,4,6.9,100,5.5,5.4,2.1,0,3.1,No,Single,3.6,1.2,7,2,2.9,100,100
27,Male,1,4,4.8,97,8.4,6.6,4,1,3,No,In a Relationship,4.6,0.4,15,1,2.4,100,94
28,Male,4,3.82,4.4,93,3.6,6.8,3.2,0,4.8,Yes,Single,4.2,0.9,5,1,6.6,100,100
22,Male,3,2.82,1.6,75,8,3.9,4,0,3.8,No,In a Relationship,4.5,3.2,15,2,7.1,73,64
24,Female,4,2.89,1.6,76,8.1,8.9,5.6,1.5,2.9,No,In a Relationship,5.1,0.1,12,0,3.2,82,93
23,Male,3,3.8,3.9,100,6.5,2.7,1,1.8,3.1,Yes,Single,4.8,1.5,16,1,4.1,97,100
25,Female,2,3.72,3.7,92,8.5,8.5,4.5,1.2,3.2,No,Single,4.8,0.7,12,1,3.5,100,100
19,Female,4,3.06,2.6,76,6.9,2.7,2.3,1.7,2.9,No,In a Relationship,2.2,0,16,1,4.6,86,78
19,Female,3,3.73,3.7,96,7.1,6.4,4.2,0,1.6,Yes,In a Relationship,4.2,0,15,1,0.5,100,99
20,Female,4,4,5.9,100,7.4,5.7,2.7,2.4,0.6,Yes,In a Relationship,3.7,1.8,11,4,2.4,100,91
21,Male,1,4,4.5,100,10,8.1,6,2.5,3.3,No,In a Relationship,3.5,0,15,2,4.7,100,100
21,Female,2,3.54,1.8,91,8.6,5.5,3,1,2,No,Single,4.8,0,19,2,5.4,89,94
25,Male,4,3.78,3.3,93,7.8,5.9,1.8,0,4.1,No,Single,1,2,3,3,2,100,100
21,Female,2,3.49,2.3,83,5.9,6.4,3.4,0.5,3.1,No,In a Relationship,6.1,1.9,2,0,5.9,88,90
18,Female,2,3.36,2.9,91,7.2,5.2,3.3,2,3,No,In a Relationship,5.2,1.3,18,1,0.6,89,81
28,Male,3,3.53,2.9,87,6,8.6,4.5,0.3,5,No,In a Relationship,4.9,0,16,0,3.1,91,95
23,Male,4,3.24,2.8,69,8,6.8,3.5,4.4,0.2,No,Single,4.9,0,19,2,0.7,91,82
28,Female,2,3.32,1.6,68,7.2,9.9,6.5,2.4,6.5,No,Single,4.9,0,11,3,4.6,86,76
21,Female,1,3.5,3.3,93,5.7,4.5,2.6,2.1,0,Yes,In a Relationship,5.2,1.1,21,3,4.9,97,93
22,Male,3,3.57,2.7,96,7.1,2.6,2.7,2.2,5.9,No,In a Relationship,4.5,1.8,26,2,2.9,99,100
25,Female,2,2.69,0.5,67,6,3.8,1.9,0.1,3.4,Yes,Single,3.8,0.8,18,4,5.6,92,84
26,Female,3,4,6.6,100,7.2,4.7,2.9,1.6,2,No,Single,4.8,2.1,15,2,5.9,100,98
19,Female,3,4,5.1,100,6,5.4,3.1,0,0.1,No,Single,4.2,2.8,16,0,5.2,100,100
24,Male,2,3.43,2.9,87,7,5.2,3.2,0,1.8,No,In a Relationship,5,1.6,13,2,4.2,94,98
26,Female,4,3.91,3.5,100,7.9,6,2.9,1.1,2.7,Yes,In a Relationship,3.6,0,14,2,4.1,100,88
25,Female,1,2.92,1.7,76,6.9,6,1.9,1.3,3.4,Yes,Single,4.1,1.3,14,1,6.5,96,87
24,Female,2,4,6,100,6.5,5.8,1.5,2.7,5.9,Yes,Single,2.3,2.6,23,2,4.3,100,94
25,Female,2,4,6.3,100,7.2,6.2,2.2,0,3.1,No,Single,4.2,0.6,8,4,1,100,100
19,Male,3,3.66,3.7,89,7.8,6.4,4.5,1.5,3.6,Yes,In a Relationship,4.3,0.5,11,1,4.4,100,100
22,Male,3,3.4,5,93,5.7,7.9,4.8,0.8,3.7,Yes,In a Relationship,6.7,2.3,12,2,2.6,100,100
21,Female,1,3.5,3.8,97,7.3,7.6,2.7,0,2.3,No,Single,4.3,0,15,4,4.9,100,93
25,Male,4,3.69,1.5,80,8.6,2.5,1.4,1,2.6,No,Single,3.5,1.4,13,1,2.5,90,100
20,Male,1,3.74,2.9,90,7.7,7.3,2.7,0.2,2.8,No,In a Relationship,3.4,0.6,6,3,5.8,99,88
19,Female,3,2.96,3.7,77,7.1,7.7,5.9,0.6,4.3,No,Single,5.3,0.8,12,1,1.5,80,87
25,Male,3,3.42,2.8,93,7.8,7.7,4.3,1,1.2,No,Single,5.2,2.9,11,1,4.3,100,90
25,Female,3,3.42,3.2,100,7.5,7.1,3.6,4.3,2,Yes,In a Relationship,4.1,0.7,12,2,1.1,80,99
28,Female,4,3.92,3.4,86,7.9,7.4,4.2,2.5,3.7,No,Single,3.7,1.3,16,2,2.7,96,90
25,Female,1,3.37,3.4,70,4.6,10.8,5.1,2.8,0.8,No,In a Relationship,5.5,2.2,18,2,1.8,100,89
20,Female,3,3.76,3.6,100,5.1,3.7,1.1,2.1,3.2,Yes,In a Relationship,3.9,0,8,1,1.5,100,100
27,Male,4,3.46,1.9,82,8.2,3.2,2.2,1.6,1.9,Yes,Single,3,2,22,2,2.6,92,78
21,Male,1,3.48,2.4,78,5.2,5.4,2,2.7,4,Yes,In a Relationship,4.5,0.8,5,1,6.2,91,100
23,Female,2,3.53,1.6,78,7.5,6.5,3.7,1.1,5.7,No,Single,2.9,0,8,3,2,87,88
27,Male,1,3.9,5,92,6.6,6.7,3,0,1.9,No,In a Relationship,4.4,0.7,11,4,4.9,100,85
20,Female,2,2.84,0.5,71,5.8,8,3.9,1.3,4.5,No,In a Relationship,3.7,1.3,16,0,2.6,87,87
18,Male,1,4,5.2,97,7.4,5,2,1.4,3.4,No,In a Relationship,4.7,1.4,3,2,4.6,99,91
22,Female,2,3.84,5.6,94,7.2,8.4,4.9,4.5,2.2,Yes,In a Relationship,5,0.5,23,2,3,100,87
24,Male,1,3.65,3,85,9.5,5.9,2.7,2.7,3,No,Single,3.2,1,3,1,3,100,84
22,Female,3,2.44,0.5,70,6.3,9,3.8,0.9,5.6,Yes,In a Relationship,4.8,0,20,1,3.3,73,80
18,Male,3,3.39,3,75,8.7,7.2,4.6,1.2,2.7,No,Single,6,0.5,10,3,4.7,100,89
18,Male,1,3.64,3.4,100,7.4,6.7,4.5,0.9,5.6,No,Single,4.2,0,12,0,7.3,100,97
19,Female,3,3.26,2,77,6.2,7.4,3.3,0.5,2.8,No,Single,3.1,1.1,1,2,0.6,100,86
20,Male,4,3.51,2.7,70,8,5.9,4,2.2,0.2,No,Single,5.9,0.4,16,1,0.4,100,85
26,Male,1,4,5.8,97,7.7,8.9,5.4,0,2.7,No,In a Relationship,3.6,3.3,11,4,6.3,100,100
19,Male,1,4,4.5,100,7,6.4,3.6,1.4,0,Yes,Single,4.5,1.6,18,2,5,93,100
22,Female,2,3.4,2.1,97,7.3,4.6,1.7,0.4,2.4,No,Single,4.8,0,5,2,2.9,82,80
22,Male,2,2.83,1.1,74,6.3,9.6,3.7,0,2.3,No,Single,4.5,0.5,19,1,5.6,83,80
19,Female,1,3.64,3,88,6,7.2,2.7,0,6.6,Yes,In a Relationship,3.1,1.9,3,0,4.2,89,83
20,Female,3,4,3.2,86,7.9,4.2,0,2,6.2,No,In a Relationship,2.3,1.4,13,2,5.5,100,100
19,Male,4,3.87,4.2,100,6.7,7.1,3.5,3.7,3.2,Yes,Single,4.4,0,5,1,6.2,100,100
26,Male,2,3.51,2.7,91,6.9,5.2,3,0,5.4,Yes,Single,3,0.4,22,2,2.3,100,82
20,Female,2,4,4.3,98,7.3,7.8,4.5,2.6,2.2,No,In a Relationship,5.7,1.8,17,0,6.4,100,96
24,Female,3,4,6.4,100,7.3,5.4,1.7,1,0.1,No,Single,5.3,1.6,20,1,3,100,96
18,Male,4,4,4.7,100,5.3,3.7,0.5,1,4.1,Yes,Single,4.9,1.8,11,3,4.3,100,100
22,Male,2,3.9,3.4,88,8.5,6.2,3.1,1.9,3.7,No,Single,4.1,0.9,10,4,5.3,100,100
19,Male,3,3.82,3.2,97,7.1,5.9,3.4,1.1,1.1,No,In a Relationship,4,0.3,12,0,3.6,100,94
28,Female,2,3.84,3,95,6.8,6.2,2.9,2,1.2,Yes,In a Relationship,3.3,0,11,4,4.1,100,100
21,Female,4,4,5.3,100,7.5,5.2,2.8,2.9,4.9,No,Single,1.2,2.1,10,1,0.4,100,99
20,Male,1,4,2.6,88,7.3,5,1.2,1.7,0,Yes,Single,5,3.1,11,2,7.3,100,91
25,Male,2,3.81,3.6,79,7.9,3.2,2.6,1.6,4.1,Yes,In a Relationship,3.6,1.5,18,5,4.3,100,93
21,Male,4,3.6,3.6,82,7.6,6.9,2.3,2.7,2.4,No,Single,3.4,2.1,17,1,0.8,100,98
21,Female,3,3.56,2.7,90,7.9,5.8,4.4,1,4.1,Yes,Single,2.2,0.4,6,3,9.5,97,84
27,Female,2,3.26,1.4,87,8.6,5.1,3.4,2.9,5,No,In a Relationship,2.2,1.2,16,3,0,100,94
18,Male,4,3.99,4,100,8.1,5.9,2.4,3.7,1.3,Yes,Single,2.1,1.1,5,1,4.1,100,93
22,Female,1,3.11,3.4,76,6.8,9,5.4,2.8,0.7,No,In a Relationship,7.1,1.6,19,1,4.6,97,93
25,Male,4,4,4.3,100,5.7,7.9,2.4,2.1,5.9,No,Single,4.4,1.3,7,3,2.6,100,100
27,Female,1,3.48,2.7,98,9,7,3.6,2.8,2.9,No,Single,2.4,4,16,4,2,97,90
26,Male,4,3.76,5.3,100,6.7,5.5,2.5,0.8,3.7,No,In a Relationship,5.6,2,15,2,1.8,100,100
18,Male,1,2.83,2.2,79,6.4,8.4,5.2,2.6,4.8,No,In a Relationship,4.2,2.5,10,2,2.8,97,90
18,Female,1,4,6.1,93,4.9,7.8,2.9,1.2,1.1,Yes,Single,5.6,1.5,10,4,4.5,100,97
20,Male,2,2.53,0.9,70,7.4,8.9,3,1.1,4.8,Yes,Single,4,0,11,2,4.1,75,75
21,Female,3,3.88,4.2,100,7.2,5.4,2.6,0.9,4.3,No,In a Relationship,3.6,1.6,14,2,2.6,100,100
28,Female,1,4,4.2,94,5.2,6.8,3.1,3.2,5.9,No,Single,3.9,2.3,16,2,4.6,100,93
28,Male,1,3.52,2.3,96,7.5,7.5,4.6,3.1,5.9,No,Single,4.1,2.6,23,1,1.1,100,99
27,Female,3,3.31,4.1,81,6.4,7,4.1,3.2,3.1,No,Single,4.5,1.1,21,2,3.3,92,96
28,Male,2,4,5.4,100,10,8.1,2.8,2.1,4.5,No,Single,3,0,15,1,5,100,100
20,Male,1,2.72,0.5,56,6.3,7.3,5.4,0,3.1,Yes,In a Relationship,5.6,0.9,13,1,5.8,90,74
27,Male,3,3.82,4.3,100,6.5,4.3,4.1,0,3.3,Yes,Single,4.2,0,9,3,4.8,100,99
21,Male,3,2.63,0.5,73,6,5.5,2.1,1.9,0.7,No,In a Relationship,5.7,2.5,15,2,2.8,71,72
20,Female,4,3.74,2.1,90,8.5,5.1,0.7,1.2,2.6,No,In a Relationship,1.9,1.7,19,2,8.4,97,96
27,Male,2,3.89,5.9,100,6.6,5.5,2.2,0,0,No,In a Relationship,5,0.7,18,0,7.8,97,100
28,Male,3,3,2.6,77,6.1,7,3.4,1.8,2.7,No,In a Relationship,4.3,1.9,13,3,4.4,82,88
23,Male,4,3.25,1.7,90,7.8,7.6,3.7,1,5.6,Yes,In a Relationship,2.8,2.7,9,3,3.8,85,82
21,Female,4,3.14,3.2,85,5.3,7.9,4.8,3.4,4.6,No,Single,4.9,2,13,2,0,77,93
20,Male,4,4,6.6,100,7.8,4.9,1.2,1.5,3.2,No,In a Relationship,2.4,3.2,16,3,7.6,100,93
21,Male,4,2.98,0.8,84,9.1,5.7,2.1,0.9,2.6,Yes,Single,3.8,0.3,18,3,5.1,86,82
24,Female,4,3.66,1.9,80,7.7,1.6,1,0,1.9,Yes,Single,3.2,2.2,13,2,5.7,93,87
24,Female,2,4,5.7,100,7.8,3.9,0.8,1.6,1.2,No,Single,4.7,0,17,0,6.1,100,96
27,Male,3,4,6.3,100,8,3,1.9,2.6,4.6,No,Single,2.1,3.1,17,1,5.2,100,97
25,Male,3,3.96,3.3,94,9.1,6.3,3.3,1.2,0,No,In a Relationship,1.9,1.9,11,1,1.1,100,93
22,Male,3,3.04,1.6,78,8.5,6.4,4,2.5,0,Yes,Single,5,0.8,9,0,4.7,86,83
25,Female,1,4,6.6,100,7.5,5.6,1.4,1.5,4.8,No,In a Relationship,4.7,0,20,1,2.9,100,100
19,Female,3,4,5.9,100,8.1,4.9,1.6,2.5,3.4,No,Single,3.6,0.7,16,1,5.4,100,100
28,Female,2,3.82,4.5,100,5.9,3.7,0.1,1.6,3.1,No,In a Relationship,2.4,0.9,15,0,5.3,100,97
26,Female,4,3.44,2.3,91,7.9,5.9,3.1,0,3.4,No,Single,2.8,1.4,9,3,7.3,96,92
20,Male,2,3.56,3.4,93,5.8,6,1.7,3.1,7,Yes,In a Relationship,5.3,1.2,2,0,2.7,100,100
24,Female,4,3.13,3.3,87,6.6,6.4,5.3,2.8,3.1,Yes,In a Relationship,4.8,0.6,14,1,0,91,82
21,Male,3,3.39,4,73,3.5,5.3,3.4,2.9,3.6,Yes,Single,4.4,2.4,14,1,3.3,100,90
27,Male,3,4,5.7,100,7.5,7,2.5,6.1,7.1,No,Single,4.1,0,15,4,7,100,97
28,Male,2,4,4.8,100,6.2,4.3,1.8,1.4,2.9,Yes,In a Relationship,3.8,1.8,12,1,0,100,97
21,Male,3,3.71,1.9,71,8.3,1,0.6,1.4,6.5,No,In a Relationship,1,1.4,9,2,6.8,100,83
27,Male,4,4,5.6,100,7.5,5.4,0.7,1.3,0,No,Single,5.7,1.2,13,1,4.1,100,96
18,Male,1,3.97,4,94,8.3,6.2,1.9,0.8,0.7,No,In a Relationship,4.3,1.8,18,1,5.7,100,100
20,Female,2,3.71,4.5,100,5.7,5.7,1.8,2.2,1.7,No,In a Relationship,2.9,0.5,15,1,6.8,100,91
24,Male,2,4,5.7,100,8.2,4.4,1.3,1.1,4.2,No,Single,4.2,0.4,5,1,7.4,100,88
24,Female,4,3.46,1.8,83,9.5,8.4,3.4,3.4,6.5,No,Single,1.7,0.9,11,3,1.9,89,96
18,Female,3,3.7,3.4,91,7.9,8.1,3.6,1.6,1.8,No,Single,3.2,0.7,9,1,0.5,90,87
24,Female,1,3.96,2.7,90,7.9,7,2.1,2.3,5,Yes,In a Relationship,2.2,1,20,1,6.3,100,100
20,Female,3,2.67,1.1,77,7.2,9.5,5.7,2.1,7.5,No,Single,6.2,1.9,11,3,5.4,88,90
22,Male,2,3.98,4,98,6.4,3.3,0.2,2.3,6.1,No,In a Relationship,4.7,1.3,19,0,7.3,100,100
28,Male,1,4,7.3,100,7.9,5.4,2.9,0.3,2.2,No,In a Relationship,3.4,1.2,13,1,3.7,100,100
19,Female,4,2.4,0.7,77,5.2,4,2.5,3.2,4.7,Yes,In a Relationship,5.9,1.4,10,3,1.3,75,78
20,Male,1,3.96,3.5,94,6.5,5.6,2,2.1,3.7,Yes,In a Relationship,1.5,0.9,7,4,4.3,100,100
27,Male,4,3.63,4.5,100,4.9,5.5,1.8,2.2,1.7,No,In a Relationship,5.6,2.1,10,3,6.5,97,100
18,Female,4,3.43,3.7,89,6.2,5.4,2.8,2.1,3.9,Yes,Single,5.5,1.8,12,2,3.4,100,90
25,Female,2,3.73,3.3,97,7.8,6.2,2.5,0,2.1,No,Single,5.4,1.2,6,4,3.2,100,86
27,Female,1,3.19,1.6,92,7.6,4.8,2.2,1.6,3.2,Yes,Single,3.7,0.1,15,5,2.3,94,87
22,Male,1,4,3.8,100,7.1,4.9,0.9,1.6,0.2,Yes,Single,4.4,2.5,8,2,6.4,100,100
22,Female,1,3.77,2.4,75,7.2,2.3,0.4,1.8,0,No,Single,2.9,1.9,5,2,2.1,100,100
28,Female,3,2.59,0.5,73,4.7,4.1,2.4,2.8,2.4,Yes,Single,4.9,1.8,5,1,3.2,92,81
19,Female,3,4,5.3,97,6.6,4.9,2.2,2.7,3.6,Yes,Single,3.7,2.9,10,5,0,100,96
24,Female,2,4,4.9,94,6.2,6.5,2.5,2.8,0.7,Yes,Single,4.5,1.9,15,1,1.1,100,98
26,Male,2,3.42,3.6,96,6.2,4.2,2.6,0.2,4.1,Yes,In a Relationship,5.2,1.2,20,3,5.6,89,96
25,Male,2,3.87,3.8,90,7.7,6.3,2,1.7,3.1,Yes,In a Relationship,3.7,0.7,11,1,2.2,99,94
27,Female,1,3.63,5.1,94,6,3.5,2.5,0,4.3,No,Single,5.7,0.7,14,0,1.7,100,88
22,Female,2,3.93,3.8,96,6.3,4.2,1.5,1.6,4.9,No,Single,3.7,1.5,12,1,4.6,100,99
21,Male,4,2.98,4.9,88,4.5,6.4,5.1,0,5.7,No,Single,7.5,2.2,1,3,4,96,86
28,Male,1,3.58,3.1,79,6.6,1.5,1.6,1.2,4.2,No,In a Relationship,4.7,2.2,14,2,2.7,91,96
19,Female,4,4,5.5,100,5.7,5.6,2.2,2.5,2.4,No,In a Relationship,4.3,0,12,4,3.5,100,91
28,Female,2,3.94,4,100,7.1,4.5,1.7,4.3,3.4,No,In a Relationship,3.7,2.1,4,1,5.9,100,100
24,Female,3,3.95,3.8,100,5.9,3,1.7,0.3,7.7,Yes,Single,2.2,0.9,20,1,4.9,100,100
26,Female,2,2.83,1.6,73,7.1,5.2,2.8,1.8,5,Yes,Single,3.8,0.6,15,1,3.7,81,79
23,Male,3,3.97,3.9,99,6.8,6.1,2.6,1.4,3.1,No,Single,3.1,1.6,4,0,5.8,100,94
23,Male,4,3.82,2.3,86,9,4.7,2.1,0.9,2.7,No,Single,4.5,2,15,2,2.6,100,95
24,Male,1,3.72,2.5,78,7.6,5.2,2.4,1.9,1.8,No,Single,3.6,0,27,1,4.9,94,92
26,Female,2,3.02,2.3,76,4.8,4.2,1.7,1.9,0.6,Yes,In a Relationship,5.2,1.4,12,2,3.9,100,85
23,Male,3,2.67,1.9,55,5.5,5.7,3.4,1.6,6.4,Yes,Single,1.9,0,15,2,3.7,84,75
21,Male,1,3.94,6.7,100,7.1,8.2,5.9,0,4,No,Single,4.8,2,9,1,3.6,100,96
25,Male,4,4,5.5,96,5.9,3.8,1.5,1.5,0.5,No,In a Relationship,4.1,0.1,10,0,1.7,100,100
22,Male,2,3.85,6.4,100,3.5,5.5,3.4,2.3,2.7,No,Single,6.5,1.4,20,1,6.2,100,91
23,Male,1,3.26,1.7,86,8.6,4.7,2.9,0,5.5,No,In a Relationship,3.6,0.8,15,1,4.9,100,95
19,Male,2,2.98,3.6,80,7.9,6.3,3.8,0.5,2.1,No,In a Relationship,5.4,0.6,17,2,4.8,99,93
22,Female,3,3.05,1.6,85,7.6,6,3.8,0.3,1.4,Yes,In a Relationship,5,0,11,1,6.7,92,81
22,Male,3,3.88,2.5,79,6.3,4.8,3.1,1.3,3.7,No,Single,5.5,0,14,2,4.7,95,89
18,Female,3,3.77,2.1,76,7.5,6.6,2.7,2.5,4.3,Yes,Single,4,1.1,12,2,3.4,94,92
20,Female,1,4,5.4,92,6.2,6.6,2.1,1.2,2.1,Yes,Single,2.9,0.3,15,2,2.2,100,99
19,Female,4,3.94,2.9,85,7.2,4.7,1.7,3.4,1.8,No,In a Relationship,3.7,0.9,11,1,2.2,93,92
21,Male,4,3.87,5.1,100,5.9,5.8,2.7,1.9,3.9,No,In a Relationship,4.2,0.4,21,1,6.7,100,95
20,Female,4,4,4.4,100,8.8,3.1,0.9,1.6,0.8,Yes,In a Relationship,1,0.9,11,0,7.9,100,95
27,Male,1,4,7,100,5.1,6.2,1.9,1.6,1.9,No,Single,3.6,0,14,1,2.2,100,100
20,Male,1,3.12,1.3,75,8.5,9.6,4.5,0,2.8,No,In a Relationship,6.3,0.7,3,2,3.2,98,90
25,Male,2,4,5.4,100,7,5.7,2.9,1.4,4.5,Yes,In a Relationship,3.5,0.9,18,1,3,100,100
20,Male,2,4,5.2,100,6.4,6.5,4.1,2,2.1,No,Single,4.9,1.2,6,1,1.7,100,95
22,Female,3,3.82,2,66,7.2,8.4,5,3.9,4.1,Yes,In a Relationship,2.5,0,9,1,4.7,94,94
28,Male,2,4,5,100,7.9,5.7,2.5,0.3,5.3,No,In a Relationship,1.8,1.3,6,3,2.6,100,100
24,Male,3,3.77,4,94,8.6,5.5,3.1,3.2,2,Yes,In a Relationship,4.3,0.1,5,2,8.7,96,93
23,Female,2,3.23,3.2,91,7.4,5.9,2.3,2.3,9.4,No,In a Relationship,2,0,17,1,5,97,89
28,Female,2,3.27,2.3,81,5.9,5.7,1.6,0.7,5.8,No,Single,2.3,2.4,8,1,3.8,92,85
25,Male,1,3.48,2.4,82,7.1,3.5,1.4,0.7,3.5,Yes,In a Relationship,4.7,1.9,5,0,6,91,99
21,Male,3,4,6.6,100,9.2,10.2,4.1,3.2,2.6,No,In a Relationship,3.2,1.8,4,0,5.6,100,100
23,Male,4,3.96,3.5,95,8.6,4.3,3.1,2.2,1.9,No,In a Relationship,2.5,1,18,1,3.6,100,85
23,Male,3,3.91,4.7,100,8.1,7.6,5.6,2.8,6.3,Yes,Single,4.2,0.6,10,1,3.8,100,95
21,Female,2,3.69,2.3,83,8,7.6,4.3,1,3.4,Yes,In a Relationship,3.4,2.7,12,2,8,91,90
26,Female,1,3.21,2.3,95,7.8,7.4,1.7,0.2,0.1,No,In a Relationship,3.1,1.3,17,2,1.9,84,93
19,Male,1,4,5.1,100,8.4,6.4,4.1,0,0,Yes,In a Relationship,4.6,0.3,15,2,2.2,100,100
22,Male,1,3.32,1.5,87,6.5,4,2.3,0,3.2,No,Single,3.4,0.2,13,0,0.2,93,85
21,Female,3,2.41,2.9,59,5.4,8.3,4.6,0.6,3.3,No,In a Relationship,3.6,1.5,18,4,5.2,72,75
20,Male,2,3.53,3.6,96,7.1,4.8,2.1,2.6,1.2,Yes,Single,4.7,0.9,6,0,3.3,100,93
23,Female,4,4,3.7,98,6,5,1.2,0.2,0,No,In a Relationship,5.2,2.2,10,6,7.3,99,100
27,Male,3,3.6,3.2,93,5.7,4.5,1.6,0,0,No,Single,4.4,1.3,17,0,4.3,96,96
20,Male,4,3.85,4.1,89,6.1,3.7,1.7,0.7,1.5,Yes,In a Relationship,4.9,0,21,2,2.6,100,90
21,Male,2,4,4.5,100,10,7.3,1.5,0.8,2.3,Yes,In a Relationship,2.3,3.1,22,1,3.7,100,91
20,Male,1,3.86,4.6,94,7.2,1.4,1.9,1.5,4.4,No,In a Relationship,1.5,0.2,6,3,4.6,100,96
20,Female,4,3.15,2,84,7.4,9.3,4.1,4.8,2.7,Yes,In a Relationship,5.4,0,12,3,2.8,97,78
27,Female,4,3.61,3.1,89,5.5,9.6,5.5,1.9,5.1,No,In a Relationship,5.2,1.1,14,4,4.1,85,98
19,Male,1,3.97,5.3,92,4.8,2.9,0.8,1.7,4.2,No,In a Relationship,4,1.7,11,2,6.6,100,100
28,Female,1,3.78,4.8,98,6,9.9,4.7,2,4,Yes,Single,4.9,0.3,15,3,4,100,100
20,Male,3,3.46,1.4,76,8.7,3.5,2.1,4.3,5,No,In a Relationship,2.6,1.9,23,3,1.1,94,93
25,Female,4,4,4,100,7.4,7.5,3.3,0,0.2,Yes,Single,4.8,0.7,8,1,5,93,100
20,Female,1,3.47,0.5,83,7.7,1,0.3,3.1,1.9,No,In a Relationship,3.2,3.6,6,2,5.5,86,86
25,Female,1,3.98,3.6,91,7.9,5.2,3.6,2.6,7.8,No,Single,4.4,1.5,15,3,3.6,100,94
28,Male,1,4,6.3,100,6.3,1.6,0,0,0,Yes,Single,4.2,0.1,10,0,4.9,100,100
28,Male,1,3.52,2.1,96,8.7,5.4,3.3,0.6,2.4,No,In a Relationship,5,0.5,15,0,1.9,98,89
23,Female,1,3.13,2.2,82,6.2,6.2,3.2,0.3,4,Yes,Single,5.8,1.7,13,1,1.2,75,74
25,Male,3,3.96,4.6,89,8.7,5.1,3.1,0,0,No,Single,2.6,0.4,11,3,4.3,100,100
21,Male,1,3.12,1.2,92,7.5,2.3,1.7,0.8,1.5,No,In a Relationship,5,1.1,9,2,4.3,94,87
21,Male,3,3.57,2.6,87,4.9,7.2,3.6,0,7,Yes,Single,5,3.2,12,0,1.4,91,92
18,Male,3,3.51,4.4,92,6.1,6.5,3.4,2.2,3.3,No,In a Relationship,5.1,1.8,10,3,2.7,100,94
19,Male,1,2.72,2.5,87,4.9,6,2.5,3.4,1.9,Yes,In a Relationship,5.9,1.8,18,2,6.9,100,94
21,Male,4,3.53,3.1,86,8.4,7,3.8,0.5,3.4,No,Single,3.6,3.2,13,1,5.1,94,77
20,Male,3,3.61,4.6,96,7,6.8,2.7,0,1.8,Yes,Single,4.9,0.4,6,1,5.6,100,91
24,Female,4,3.78,4.1,89,4.3,6.5,3.6,3,6.4,No,In a Relationship,3.6,1.2,19,3,4.2,100,100
27,Male,4,3.95,3.9,100,7.5,6.8,2.6,0,1,No,Single,2.8,0.9,11,2,4.1,100,100
25,Female,1,3.64,3,91,6.4,5.2,3.1,0,2,No,Single,5.1,0.6,22,2,4.8,100,88
19,Female,3,3.46,4.1,99,5.2,5.8,3.7,0.6,0,No,In a Relationship,5.6,0.9,11,0,2,96,98
27,Female,4,3.75,3.3,100,9,6.9,2.2,2.5,2.4,No,In a Relationship,3.2,0.7,8,3,6.4,100,85
21,Female,1,4,4.2,100,7.1,5.5,0.9,1.8,2.7,Yes,Single,2.5,0.5,11,1,3.6,100,100
28,Male,2,3.61,2.8,100,6.6,6.9,3.2,2.9,5.4,Yes,Single,4.3,0.9,11,1,1.8,100,92
19,Female,4,3.39,3.2,89,6.5,6.5,4.6,0.2,1,Yes,Single,4.9,0.5,11,1,5.6,95,100
20,Male,3,2.95,2,75,5.2,5,3.2,2.7,4,No,Single,4.6,1.5,9,1,5.5,86,92
18,Female,3,3.19,3.4,87,5.4,7.9,3.3,1.2,3.2,No,In a Relationship,4.3,0.2,10,1,4.7,91,95
27,Male,2,3.33,2.3,72,8.5,7.2,2.7,0,0,No,Single,3.3,2.2,20,0,3.4,80,93
19,Male,2,3.15,1.8,78,6.4,6.8,3.9,3.3,1.5,No,Single,4.8,1.9,11,4,4.6,92,79
19,Female,4,4,3.9,91,7,8.3,2.5,1.6,1.5,No,In a Relationship,5.4,1.6,23,0,2.6,100,97
20,Female,3,3.68,3.8,86,4.5,5.7,2.1,3.4,6.4,Yes,Single,3.5,0.7,17,1,2.9,100,98
19,Female,2,3.33,4.7,94,5.4,6.2,4.5,3.1,4.1,No,In a Relationship,5,1.2,12,0,4.5,100,88
21,Male,2,3.6,2.9,75,7.7,4.7,2,2.9,3.3,No,In a Relationship,3.2,1.1,15,3,5.1,89,90
24,Male,1,3.91,4.1,94,7.5,7.1,4.1,4.8,0,No,In a Relationship,4.4,1.2,9,4,3.6,100,83
21,Male,3,4,4.3,100,9.1,7.6,4.5,0,0,Yes,In a Relationship,5.8,0,17,3,5.4,100,99
21,Female,2,4,4.2,87,8.6,8.2,3.7,4.2,4.5,Yes,In a Relationship,2.2,1.3,19,1,6.3,100,92
28,Female,3,3.58,2.3,99,6.7,2.8,0.9,1.2,4.6,No,In a Relationship,3,1.5,15,1,5.5,79,94
20,Female,2,3.98,3.7,99,7.6,4.2,2.8,2.7,1.5,Yes,Single,3.3,2.6,9,7,7.3,100,100
23,Female,4,3.69,4,100,6.6,6.2,2.5,1.7,3.1,No,Single,4.6,0.2,15,0,5.1,100,100
22,Male,4,4,3.5,100,9.5,4.5,2.1,2.7,2.9,No,In a Relationship,3.1,0,9,3,1.1,100,85
25,Male,4,3.7,0.5,77,8.4,8.9,3,1.4,3.3,No,Single,4.8,2.2,5,2,4.1,95,85
28,Male,3,3.83,3.7,100,7.2,8.1,4,3.6,2.3,Yes,In a Relationship,5.4,0,13,0,0.2,98,100
21,Female,3,4,6.8,100,7.2,4.5,2.1,2.5,4.6,No,Single,3.5,2.7,4,0,3.7,100,96
21,Male,3,3.88,3,100,8.7,7,2.5,0,5.2,No,Single,3.7,2.4,10,1,7,100,99
27,Male,4,3.78,2.4,86,7.7,6.3,2.4,2.1,1.1,Yes,In a Relationship,4.9,1.8,14,2,2.6,82,93
27,Male,2,4,4.1,91,8.9,8.3,4.5,2.4,0.6,No,Single,3.7,0,20,1,4.7,100,100
18,Female,2,3.55,4,83,4.4,5.3,2.4,2.4,1.4,No,Single,5.9,1,9,2,4.9,100,82
22,Male,4,4,5.3,100,7.6,4.4,0.9,0.3,3.1,Yes,Single,3.4,1.1,7,2,5,100,100
27,Male,2,3.35,1.6,89,6.4,1,0.4,1.2,3.7,Yes,In a Relationship,3.7,1.5,16,0,5.6,87,87
23,Male,3,4,4.6,100,9.1,7.9,3.3,1.9,4.6,No,In a Relationship,2.8,1.8,13,2,5.6,98,95
27,Female,2,4,4.4,100,8.9,1,1.7,1.2,4.9,Yes,In a Relationship,1.7,0.5,12,3,5.8,100,93
24,Male,1,3.63,3.3,88,7,6.3,3.8,4.2,3.7,No,In a Relationship,3.3,2.3,5,1,4.3,100,100
18,Male,2,4,4,100,8.8,1.9,0.8,1.3,3.5,No,In a Relationship,1,1.7,17,2,4.2,100,89
25,Male,3,4,5,100,9.1,4.4,2,0.3,6.3,No,In a Relationship,1.6,1.7,1,0,6.9,100,100
27,Female,1,4,4.8,100,7.1,3.7,0.8,1.4,3,No,Single,5.7,1,13,2,4.6,100,100
21,Male,3,3.03,1.8,77,10,5.1,3.5,0,4.2,Yes,In a Relationship,3.9,1.6,18,0,4.9,97,85
19,Female,3,3.9,4.7,92,7,3.5,3.8,1.6,3.6,No,Single,4.7,0,13,2,4.3,99,95
22,Female,3,3.75,3.4,95,6.7,6.5,3.3,0.3,2.7,No,In a Relationship,5.4,1.6,11,2,3.9,94,95
22,Female,1,4,3.6,100,8,6.7,1.2,0.4,2.7,Yes,Single,2.9,2.9,7,0,6.3,95,100
22,Female,1,3.72,3.6,100,6.6,4.3,1.7,2.4,5.6,No,Single,2.9,2,9,1,3,100,100
27,Male,1,3.64,3.3,100,7.1,7.4,3.2,0,2.8,Yes,Single,3.9,1.9,23,1,5.7,100,99
22,Male,4,4,5.3,100,8.7,5.1,0.3,1.1,2.3,Yes,Single,1.9,2,9,2,2.9,100,100
26,Male,1,3.84,3.4,93,7,3.1,2.4,3.1,1.5,No,In a Relationship,3.6,2.4,14,2,5,100,100
21,Male,2,2.7,1.8,68,5,7.6,5.1,0.1,3.8,Yes,In a Relationship,5.5,1,8,0,2.5,90,78
21,Male,3,3.6,2.9,95,7.4,4,2.5,1.4,2,No,In a Relationship,4.1,2.2,10,1,5.9,76,95
21,Female,2,3.87,3.8,84,6.2,2.6,0.6,4,3.7,Yes,In a Relationship,4.7,1.7,4,2,2.7,100,100
27,Female,3,4,5.3,100,8,6.9,1.9,3.1,3.4,No,In a Relationship,4.3,1.3,12,4,1.5,100,100
22,Female,2,4,4.4,96,7.8,5.2,1.9,1,2.1,Yes,In a Relationship,2.1,2.6,10,4,2.1,100,100
24,Male,2,3.08,2.2,91,8.8,9.9,6,0.4,0.2,No,In a Relationship,5,0.5,19,3,3.6,89,93
28,Female,2,4,7.2,100,8.1,8.2,5.3,2.3,0.9,Yes,In a Relationship,4,0.6,8,1,2.4,100,90
25,Male,1,4,3.9,100,8.3,5.4,3.9,1,1.3,Yes,Single,1.8,0,10,3,7.3,100,100
20,Male,2,4,5.4,100,6.2,6.1,2.3,3.7,1,No,In a Relationship,4.6,0.3,17,3,4.8,100,100
26,Male,2,3.25,3.3,93,8,9.1,4.6,2.3,3.9,No,Single,4.8,0.8,12,1,5.7,95,82
26,Female,1,4,4.3,100,9.4,4.5,1.1,0,7.3,No,Single,1.8,1.1,11,2,6,100,100
23,Female,1,3.77,4.8,85,6.2,8,4.4,0,2,No,Single,5.6,1.6,11,0,0,100,97
21,Male,2,4,5.3,100,9.2,5.7,4.2,0.1,2.2,No,In a Relationship,3.7,2.1,7,5,3.1,100,90
24,Male,4,3.91,5.1,100,6.3,6.4,2.6,0.4,1.8,No,In a Relationship,3.4,0,10,0,3.4,100,100
25,Female,4,3.75,4.8,100,6,9.1,4.5,1.4,4.7,No,Single,4.4,1.3,12,3,5.1,100,96
23,Male,4,3.52,3,90,7.4,5.6,2.1,2.2,3.9,No,In a Relationship,4.8,0.2,6,3,3.4,100,89
19,Male,4,3.4,2.6,83,7.9,1.7,0.9,0,3,Yes,Single,3.4,0,7,1,2.8,100,84
20,Male,1,3.76,4,91,8.1,9.3,4.3,0,0.6,No,Single,3.2,1.5,18,3,3,100,97
18,Male,4,3.72,4.9,100,5.8,4.6,2.7,0.1,1.1,No,Single,5,1.3,15,3,4.9,100,100
28,Female,3,3.04,3.2,84,7.5,7.2,3.7,0.9,3.4,No,Single,5.4,1.7,14,2,9.1,76,94
23,Female,4,3.38,5.1,89,6.2,9.6,5.5,2.3,3.4,Yes,In a Relationship,6.1,1.8,9,4,5.5,100,92
26,Male,4,3.85,5.7,95,5.2,6,1.7,0.1,3,Yes,In a Relationship,5.5,0.7,13,1,5.1,100,97
19,Female,3,3.26,2.1,86,5.9,3.4,2.6,2.1,4.3,No,Single,2.6,2.3,1,1,0,100,94
18,Female,3,2.86,2.2,81,6.1,8.3,5.2,0.8,0.6,Yes,In a Relationship,6,0.3,6,0,1.9,92,92
18,Female,1,3.8,3.3,100,7.6,6.9,3.8,0.3,3.6,Yes,Single,3.8,0.1,15,1,5.4,100,95
18,Female,1,4,4,84,8.4,6.5,1.8,1,3.5,Yes,Single,3.7,1.6,9,2,4.5,100,89
27,Male,2,3.45,2.7,96,5.2,5,1.4,1.2,1.1,No,In a Relationship,3.7,1.4,11,3,4.7,90,90
28,Male,1,4,5.5,100,7.4,6.7,2,3.5,1.8,No,In a Relationship,3,0.4,14,1,5.5,100,85
18,Female,4,4,4.1,100,5.6,5.3,1.7,2,4.4,No,Single,3.8,0.4,8,1,4.1,100,93
18,Female,3,3.85,3.6,95,7.8,6.1,3.2,0,0.7,No,In a Relationship,3.5,1.6,9,2,7.8,99,100
28,Male,3,3.04,1.3,78,6.3,6.1,2.9,3.6,7.9,No,In a Relationship,3.6,1.5,10,2,5.4,100,84
26,Female,1,3.27,1.5,77,5.7,8,3.2,3.3,4.1,Yes,Single,2.4,0.2,13,2,5.4,100,94
19,Female,2,3.72,3.9,93,8,2.9,1.5,0.1,2.9,No,Single,4.4,0.6,4,1,2.9,100,100
27,Male,4,2.68,0.5,64,6.3,6.8,2.7,0,2.5,No,In a Relationship,1.6,0.3,14,2,6.5,74,83
28,Female,1,4,5,100,6.6,2.2,0,0.7,4.6,No,In a Relationship,3.7,0,12,0,6.5,100,100
23,Female,3,3.77,3.3,84,4.3,5,3,0,2.2,No,Single,4.7,2.6,13,3,5.5,93,100
19,Female,1,4,8.4,100,8.1,8.8,4.6,2.5,2.3,No,In a Relationship,3.1,1.4,8,3,1,100,100
21,Female,4,4,7,100,8,2.6,0.7,2.4,5.9,No,In a Relationship,2.5,2.4,12,2,3.4,100,100
27,Female,3,3.19,3.2,78,7,7,3.5,1.8,2.1,Yes,In a Relationship,5.4,0.9,17,1,5.2,97,97
23,Female,2,2.94,3.3,78,5.2,4.3,1.9,1.1,3.3,Yes,Single,5.4,0.2,15,3,6.1,93,85
28,Male,3,3.89,5,98,8.5,4.2,4,1.9,1.5,Yes,In a Relationship,5.5,0.3,18,2,0.9,100,100
26,Male,2,4,6.1,100,6.2,6.6,3,1.1,3.5,No,In a Relationship,3.5,0.3,7,2,6.5,100,100
28,Female,2,2.83,1,69,6.5,6.6,3.4,1,4.2,No,In a Relationship,4.4,0.7,15,1,3.2,71,79
22,Female,3,3.2,0.8,82,9.8,3.6,2.9,1.3,6.4,No,Single,1,0,9,1,8.1,96,87
23,Male,2,3.14,2.6,68,6.2,7,4.8,1.7,1.1,No,In a Relationship,5.6,0.8,1,3,6.8,81,79
19,Female,2,3.54,4.4,100,7.9,4.1,3.3,2.1,0.1,No,Single,4.9,0.6,17,2,1.7,97,95
25,Female,2,4,4.2,100,7.7,5.6,1.7,0.1,2.5,No,In a Relationship,3.1,2.1,16,3,7.4,100,96
23,Female,1,4,5.1,100,7.5,7.6,2.9,1.3,1.8,No,Single,2.3,1.7,19,2,4.3,100,100
23,Male,3,3.48,1.7,83,7.3,6.2,2.2,1.5,3,Yes,Single,3.1,0.8,5,2,5.5,86,100
26,Male,2,3.42,0.5,79,7.5,7.2,3,1.4,4,No,Single,5.7,1.7,13,3,1.1,88,85
26,Male,2,4,4.8,100,7.3,4.6,2.2,0,7.5,Yes,Single,3.2,0.1,11,2,4.3,100,100
26,Female,3,3.11,2.3,87,6.9,5.5,1.8,1.3,2.1,No,Single,3.4,0,18,3,2.2,100,83
21,Female,4,3.38,0.5,87,8.8,6.1,3.1,1,0,No,Single,4,1.1,5,0,1,84,92
18,Male,4,3.46,3.7,92,5.4,6.1,2.9,0.4,2.5,Yes,In a Relationship,5.2,1.3,11,2,3.6,100,83
28,Male,1,4,4.7,96,8.2,8.5,4.4,2.3,3.7,No,In a Relationship,2.6,1.1,12,3,4.5,100,88
25,Female,1,4,3.3,94,8,6.6,2.2,2.6,1.1,No,In a Relationship,2.4,2.6,16,2,7.8,100,100
28,Female,3,3.55,2.8,91,7.8,2.5,0,1.9,3.5,No,In a Relationship,1.8,1.9,14,2,3.2,100,87
20,Female,1,3.96,3.3,91,8.3,3.6,2.3,0,3.3,Yes,In a Relationship,2.8,2.2,12,1,4.1,100,100
21,Male,2,3.57,2.9,89,6.9,3.2,0.4,0.2,3.5,No,Single,4.8,0.6,10,1,3.6,100,100
26,Female,3,2.75,1.5,71,4.8,6.1,3.4,3.3,4.6,No,In a Relationship,4.8,1.5,12,1,4.1,83,73
23,Female,3,4,2.4,96,6.9,3.6,0.3,3.2,2.8,Yes,In a Relationship,2.6,0.2,16,2,6.3,100,100
26,Male,3,3.84,4.3,85,5.8,5.3,1.3,2.3,4.1,No,Single,3.7,0.5,8,0,2,98,89
18,Female,1,4,4,98,6.1,3,2.3,0.3,0,No,Single,2.8,1.5,11,0,6.1,100,100
25,Female,2,3.57,3.8,88,5.5,7.3,5.1,2.4,1.1,No,In a Relationship,5,0.3,11,1,5,100,99
27,Female,2,3.44,2,95,6.4,3,1.2,3.2,2.3,No,Single,3,0.4,2,2,5.3,100,95
22,Female,1,3.62,3.2,86,6.3,7.3,2.8,4.4,1,No,Single,3.7,1.6,2,4,1.2,100,100
25,Female,3,2.02,0.5,73,4.1,6.4,3.7,0.1,3,No,In a Relationship,6.7,0.4,5,3,4.2,59,81
18,Female,1,3.48,3.8,85,7.8,7.4,5,4.3,2.3,No,In a Relationship,5.5,2.2,11,4,6.9,100,92
18,Male,1,4,5.6,100,9.7,7.6,4,0,2.1,No,In a Relationship,2.6,1,15,2,4.1,100,100
28,Male,4,3.08,1.3,79,7.7,6.7,4.4,3.4,4.8,No,Single,2.8,1,9,1,6.1,91,90
21,Male,4,3.38,2.6,88,6.8,7.1,4.1,0.9,3.2,No,Single,3.4,1.5,4,4,1.1,70,89
27,Male,1,3.84,4,98,6.9,6.2,1,2.4,0.8,No,In a Relationship,3.6,1.1,17,1,3.6,100,100
26,Male,4,4,5.4,100,6.5,8.4,3.3,0,1.8,No,In a Relationship,4.9,1.5,13,2,4.6,100,100
25,Male,1,2.98,2.8,84,7.1,6.6,4.1,2.9,4.5,No,Single,4.7,0.3,11,0,5.4,87,84
25,Male,4,4,2.5,95,7,4.2,1.4,0.4,3.4,Yes,In a Relationship,2.4,0,13,2,0,100,100
23,Female,1,2.49,0.5,71,6,4.2,1.9,0.3,5.4,Yes,Single,3.4,0,7,1,7,76,81
20,Female,3,4,3.7,99,9,2.3,1.6,3.1,4.7,No,In a Relationship,2.5,0.7,17,2,6.3,100,84
22,Male,4,4,6.6,100,5.2,8.2,4,0,2.2,Yes,Single,6.5,1.7,14,1,4.1,100,94
23,Female,2,4,3.9,99,7.9,8.6,2.7,0.5,5.9,No,In a Relationship,3.9,3.4,11,1,3.7,100,100
19,Female,3,4,3.5,99,6.9,4.8,2.3,3.4,6,Yes,Single,1.9,0.6,10,2,2.4,100,100
26,Female,2,4,4,100,9.3,2.9,0.9,2,0,Yes,Single,1.2,0.5,12,2,0,100,100
22,Male,2,3.4,3.5,78,7.4,5.4,2.7,2.4,3.1,No,Single,3.8,1.5,14,2,2.6,95,88
25,Female,4,3.71,2.3,77,6.6,5,1.9,0.9,1.9,Yes,Single,3.4,1.4,3,2,1,100,100
23,Male,1,3.93,4.7,92,6.7,4.8,3.2,0,2.5,No,In a Relationship,3.5,1.5,8,2,6.6,100,100
28,Male,1,3.58,3.8,92,7,3.5,1.1,1.3,1.4,No,Single,3,0.9,10,1,2.1,100,100
19,Male,4,3.54,3.5,100,5.6,7.3,3.1,0.8,1.1,No,Single,5.6,0,10,1,2,100,95
18,Female,1,3.06,2,61,6.1,5.3,2.1,0.8,4.8,No,In a Relationship,2.2,1.4,8,2,5.8,87,71
24,Male,4,3.86,5.5,100,4.9,5.4,0.9,1.2,0.7,Yes,Single,6.4,1.2,16,0,3.3,100,100
25,Female,1,4,4.5,89,5.9,4.2,0.8,1.9,3.2,No,In a Relationship,2.9,0,9,2,4.9,100,95
20,Male,1,3.11,2.7,91,7.1,2.7,1,0.6,0.3,No,Single,4.5,1.8,7,0,4.2,77,91
28,Male,4,3.89,5,100,7.4,4.8,2.5,2.1,5.5,No,Single,2.6,1.9,10,4,5.6,100,100
25,Female,4,3.4,2.8,90,4.6,6.3,3,3.1,3.1,Yes,In a Relationship,3.5,1.8,20,0,2.9,88,94
21,Female,4,3.14,2.3,81,6.8,4.9,3.2,2.1,4.5,No,In a Relationship,3.9,0.8,12,3,4.4,74,94
19,Female,1,3.46,2.4,84,7.7,4.8,3.3,3.3,3.4,Yes,In a Relationship,2.7,1.4,10,0,2.1,94,83
26,Male,4,3.23,0.8,59,6.8,3.3,1.7,2.8,2.5,No,Single,3.9,0.3,10,1,5.4,85,80
24,Male,3,3.73,4.2,100,6.2,8,4.4,2.7,3.1,No,Single,4.9,0,3,4,6.7,97,100
18,Female,2,2.65,0.8,77,6.5,4.7,2.1,0.7,6,Yes,In a Relationship,2.7,1.1,11,2,6.6,87,82
24,Male,4,3.24,1.7,81,6.4,7.9,3.5,2.8,1.2,No,In a Relationship,5.1,0,13,1,8.8,70,90
22,Male,4,2.73,0.5,79,6.2,4.5,2.6,1.5,0,Yes,Single,5.9,1.1,14,2,5.9,100,75
19,Male,2,4,3.4,91,7.2,3.5,3.4,3.4,1.4,No,In a Relationship,4.5,1.1,11,3,4.3,100,100
23,Male,4,4,3.3,100,9.8,5.3,2.5,3.6,0.6,Yes,Single,2.7,0.4,8,3,1.6,99,100
21,Female,4,3.7,3,92,6.1,8.4,3.4,2.7,4.9,No,In a Relationship,4.6,3.1,17,0,2,95,100
19,Male,2,3.25,1.9,69,6.6,5.8,2.8,1.8,2.6,No,Single,4.7,0.6,10,1,5.1,89,84
21,Male,2,3.06,1.7,82,6.9,5.4,4,2,4.7,No,In a Relationship,4,1.4,7,1,7.7,86,94
26,Female,1,3.53,4.2,100,6.2,2.7,1.6,1.8,3.1,Yes,Single,5.2,1,8,0,6.4,100,88
19,Female,2,4,2.7,100,8.3,4.5,0.1,0.5,3,Yes,Single,2.2,2.1,10,2,1.9,100,100
28,Female,2,3.85,4,100,4.2,3.3,1.3,0.3,3.3,Yes,Single,5.9,0.9,11,3,0,100,94
24,Female,1,3.41,2.2,95,6.4,9.3,4.4,2.3,6,Yes,Single,3.7,0,9,3,5.7,88,84
27,Female,3,3.64,3.8,87,8,6.4,2.6,0.6,3.4,Yes,Single,4.4,1.6,14,2,3.4,97,87
20,Female,4,3.91,5.5,100,6.6,5,2.9,1.8,5.2,No,Single,3.6,0,12,1,3.5,100,100
25,Female,1,3.87,4.4,93,6,5.6,1.2,1,5.1,No,Single,3.6,0.4,16,0,4.5,100,100
18,Female,4,4,2.9,100,7.5,4.8,2.9,0.3,2.7,No,In a Relationship,2,0.7,12,1,6.7,100,91
20,Male,2,4,3.9,100,8.1,2.6,1.3,0.6,2.9,No,In a Relationship,5.3,0.7,10,1,5.8,100,100
21,Female,4,3.17,3.1,82,7.3,3.5,1.5,4.4,2.2,No,Single,3.9,0.9,9,2,3.5,97,87
20,Male,4,3.74,3.5,83,6,6.1,2.2,0.6,5.6,Yes,In a Relationship,4.7,0.8,10,1,5.1,100,93
19,Female,3,3.32,3,90,7.5,7.9,3.5,0.6,1.1,No,In a Relationship,3.2,1.3,7,2,5.4,100,87
26,Female,3,3.35,3.3,78,6.5,6.1,3.6,0.3,1.6,No,In a Relationship,5,0.5,11,4,0,100,84
19,Female,3,3.82,3.8,100,7.9,4.5,3.7,1.8,2.4,Yes,In a Relationship,4.1,1.6,14,5,3.3,94,93
28,Male,2,4,2,97,8.8,1.5,0.4,1.2,0.7,No,In a Relationship,1.9,0.4,16,0,6,100,100
18,Male,1,2.43,2,79,3.9,4.5,2.8,0,1.8,No,In a Relationship,6.7,0,13,1,3.3,73,82
25,Female,4,2.81,1.4,71,7.1,3.9,2.5,3.5,5.3,No,In a Relationship,3.6,0.1,29,1,1.1,88,76
23,Female,4,2.37,1.1,66,4.9,3.8,0.5,0,4.3,No,Single,3.6,0.8,14,0,6.7,73,82
20,Male,3,3.69,1.7,89,9.9,8.1,2.8,0.3,2.2,No,Single,3.8,2.2,3,0,4,100,100
25,Male,1,4,3.7,95,6.4,6.4,2.4,1.1,4.6,Yes,In a Relationship,2.9,1.2,14,2,0.3,100,100
21,Female,4,3.56,2.2,74,7.9,5.2,3.6,2.5,7.2,No,Single,3.4,0.7,18,5,5,90,77
25,Female,2,3.5,4.3,98,7,5.1,2.9,0.7,3.6,Yes,Single,4.1,1.2,11,2,4.6,100,100
26,Female,3,3.74,3.6,93,6,4.4,2,0.6,5.8,No,Single,3.7,0,5,1,2.7,97,100
18,Female,1,2.83,0.5,73,5.9,7.7,4.2,1.7,4.7,No,Single,5.7,0,3,1,6.3,79,79
28,Female,3,4,4.5,100,8.9,4.9,0,0.9,2.4,No,Single,2,0.2,12,4,3.7,100,100
23,Female,2,3.75,4.7,87,8.1,5.1,2.7,0,3.4,No,In a Relationship,3,0.2,7,0,4.3,100,98
23,Female,1,4,2,99,9.3,5,0.2,3,4.1,Yes,Single,1.4,3.6,11,2,5.7,100,93
26,Female,3,4,4.1,95,7.1,6.9,1.4,2.3,1.5,No,Single,3.1,3.1,10,4,4.6,100,99
20,Male,4,3.65,2.2,86,7.3,6.2,3.6,2.6,0,No,Single,6,3.1,19,2,1.5,100,96
21,Female,4,4,3.6,98,6.7,3.4,0.9,1.7,1.3,No,Single,3.7,0,16,4,2.5,100,100
20,Female,4,4,1.6,87,6.7,3.3,0.7,1.4,0,No,In a Relationship,5,3,9,0,2.7,99,84
27,Female,2,2.52,0.8,54,5.7,9.5,6.4,3.3,1.5,Yes,Single,6.5,0.5,10,1,4,91,81
27,Male,4,3.83,2.9,100,7.1,3.4,0.8,0.5,0,Yes,In a Relationship,3,2.8,17,2,4.4,94,100
24,Female,1,3.06,3.3,85,6.1,9.4,5.3,2.2,4.8,No,Single,3.5,1.6,13,0,0,93,82
24,Female,3,3.58,2.9,100,7.5,3.6,2.5,1.7,0.6,No,Single,2.8,0.2,14,1,4.2,93,100
26,Male,3,3.52,1.7,95,7.2,4.4,2,1.6,4.1,No,Single,2.6,2.9,18,1,4.3,87,91
22,Male,3,3.62,2.9,89,7.3,7.1,3.7,0,4.5,No,In a Relationship,5,2.8,8,0,4.6,94,91
25,Male,3,4,3.9,100,9,8.8,4.8,0.3,4.4,No,In a Relationship,5.2,0.1,17,3,0,100,100
28,Male,4,3.45,3.4,100,7,6.7,1.1,3.9,0,No,Single,4.1,1.5,10,2,1.9,88,91
19,Male,4,4,3.8,100,7.9,3.5,2,2.3,5.2,No,Single,3.9,0,1,0,5.8,100,100
25,Male,2,3.59,2.5,98,9.5,6.3,4.1,0,3.8,No,In a Relationship,3,0.8,6,1,4.5,95,96
27,Female,1,4,5.3,99,8.6,3.5,3.2,0,4.6,No,In a Relationship,2.7,0.8,7,4,4.6,100,100
26,Male,2,3.67,1.7,82,8.4,6.2,4.5,0,6.7,No,In a Relationship,4.3,0.8,19,0,1.6,94,93
21,Male,1,3.38,4.2,84,6.6,4.5,3.6,0.3,4.6,No,In a Relationship,4.4,2.8,11,3,3,100,85
24,Male,1,3.56,5.3,97,7.3,7.9,5.5,2.4,0.6,No,Single,6.3,0,10,4,3.3,100,86
24,Male,3,3.46,4.2,90,5.4,5.8,3.1,0,4.3,No,Single,4.5,1,19,1,3.3,100,93
19,Female,4,3.68,3.2,96,7.6,6.7,3.1,3.6,0,Yes,Single,4.2,2,8,1,2.4,94,97
25,Female,4,3.76,2.7,85,7.3,5.9,3.3,2.1,2.9,No,Single,4,0,10,1,0.2,100,100
25,Female,1,4,5.1,100,7,6.2,2.6,3.1,2,No,In a Relationship,4.5,0.3,12,3,3.2,100,100
19,Female,1,3.54,1.4,86,8.2,7.2,4.1,1.6,3,Yes,In a Relationship,4.4,2.3,12,0,3.7,99,93
19,Female,1,3.2,2,86,5.6,5,3.2,1.3,0,No,Single,4.4,2.5,14,2,6,89,86
22,Male,4,3.63,2.9,93,9,5,4,0.8,0.2,Yes,Single,4.3,0.8,15,1,3.7,92,88
21,Female,2,4,5.4,100,8.1,7.9,4.2,0.9,2.1,No,Single,2.9,2.1,8,2,3.3,100,97
21,Female,2,4,4.1,100,6.9,8.4,3.4,1.9,2.6,No,In a Relationship,4.1,2.8,3,1,4.3,100,100
20,Male,2,3.41,2,96,6.8,9.6,3.6,1.9,2.1,Yes,In a Relationship,3.7,0.8,14,3,3.3,89,100
20,Male,3,4,3,92,7.6,5.4,1.3,0,5.9,No,Single,1,2,3,0,3.5,100,84
19,Female,4,3.7,2.6,86,8.8,6.7,2,0,3.8,No,In a Relationship,5.2,0.8,14,1,4.2,100,90
19,Male,1,3.36,2.4,84,7.1,7.7,4.1,1.1,3.8,No,In a Relationship,3.6,0,16,0,6.3,84,82
21,Male,3,3.79,5,92,7.2,8.3,4.9,3.4,2.2,No,In a Relationship,4.1,1.2,18,0,1.9,100,100
19,Female,2,3.49,1.4,81,7,3.1,0,1,0.2,No,In a Relationship,5.1,1,11,8,6.4,100,92
28,Male,1,4,5.9,100,9.1,4.8,1.9,0,3,No,Single,1.8,0.3,22,0,3.9,99,98
26,Male,2,4,4.7,96,6.6,6.5,2.8,2.1,6.6,No,In a Relationship,2,0.9,5,0,4.5,100,87
18,Female,4,4,5.1,100,7,3.9,1.5,1.2,3.4,No,In a Relationship,3.3,1,19,1,4.1,100,100
19,Female,2,3.69,2.8,92,8.8,4.4,1.6,0.3,5.2,No,In a Relationship,2,1.5,8,2,6.8,100,85
20,Male,4,3.26,3.3,87,7.2,5.1,3.5,0,5.5,Yes,In a Relationship,3.1,2.2,12,2,4.3,92,94
21,Male,1,2.85,1.4,67,8.4,8.8,5.2,2,4.1,No,Single,3.4,2.2,13,1,3.1,90,81
28,Female,1,3.69,2.7,99,5.9,1.8,0,2.5,3.4,No,Single,3.1,1.1,19,3,6.9,100,100
23,Male,3,3.74,4.2,100,6.8,5.5,2.5,1.2,1,Yes,Single,6.1,0.7,7,2,5.6,100,100
22,Female,2,4,5.4,100,8.8,7.1,3.5,0.1,2.6,No,In a Relationship,2.2,2.5,23,2,4.4,100,94
25,Male,1,2.92,1.8,85,6.2,7.7,4,0,2.3,No,In a Relationship,5.8,1.1,1,1,6.6,98,85
24,Female,3,3.46,3,85,6.8,7.2,3.3,4.8,3.7,No,Single,5.7,0.6,12,2,3.8,78,82
23,Female,4,3.52,3.3,88,7.3,8.1,5.4,1.4,0.2,No,Single,4.9,1.4,15,2,3.4,100,93
22,Male,2,2.8,1.4,70,5.8,6.4,2.8,2.3,1.9,No,Single,5.1,0,17,3,4.1,79,74
24,Male,3,3.65,4.4,93,6.5,7.2,4.8,1.3,3.8,No,In a Relationship,4.8,0.7,5,1,3.2,96,87
27,Male,4,3.66,2.4,87,7.1,2.4,1.8,1.3,1.6,Yes,Single,2.2,0.7,2,1,4.5,94,94
22,Female,3,3.15,3.2,80,7.1,6.5,2.9,1.2,1.2,No,In a Relationship,5.7,0.4,19,3,1.7,100,89
18,Male,3,4,2.8,96,8.5,4.4,1,2.1,1.4,Yes,In a Relationship,3.2,1.6,13,2,2,100,85
22,Male,2,3.3,2.3,81,8.8,8.4,4.2,2.5,2.5,No,Single,3.6,2.3,2,2,2.5,95,81
19,Female,1,3.85,3.5,93,6,5.6,2.6,2.2,0,No,In a Relationship,3.4,2.9,9,2,4.2,100,86
19,Female,3,3.51,3.2,88,7.1,4.4,3.3,2.8,1.5,No,Single,5.1,0.7,8,6,4.6,99,93
19,Female,1,4,2.9,94,7.8,5.2,2.3,1.9,4.9,No,Single,3.4,0.9,18,2,1.9,100,93
18,Female,3,3.61,2.4,93,8.8,7.8,3.7,1.4,3.6,No,Single,4.3,0.5,10,5,2.8,85,100
26,Male,4,4,4,87,7.9,7,3.4,1.5,3.8,No,Single,4.4,1.7,11,3,3.9,100,99
20,Male,3,4,6,100,7.3,4.1,1.3,1.2,0,No,Single,3.2,0,11,1,4.5,100,100
20,Male,1,4,3.7,94,7.8,2.4,1.4,2.6,2.2,No,In a Relationship,1,0.8,20,1,3.3,100,100
18,Male,1,3.98,5,100,7.8,4.6,2.8,0,2.8,Yes,In a Relationship,3.7,1.5,17,2,2,100,100
24,Male,3,3.18,1.4,88,5.9,7.4,3.8,2,3.9,No,In a Relationship,4.5,0.6,15,4,0.5,87,87
21,Female,4,3.73,3.7,89,7.2,6.6,5.6,1.3,5.2,No,In a Relationship,4.8,0.8,13,0,0,100,85
22,Male,2,3.16,1.9,88,8.8,5.9,3.3,1.5,4.9,Yes,Single,4.8,2.2,13,0,3.3,95,80
25,Male,1,2.47,1.3,62,6.8,7.3,4.3,1.9,1.8,No,In a Relationship,4.9,1.1,7,1,5.6,80,83
28,Male,3,4,2.4,93,7.2,4.8,0.4,1.9,1.9,Yes,In a Relationship,4,2.4,16,2,1.8,100,98
25,Male,4,3.99,5.3,97,6.7,9.5,5.8,2.5,5.8,Yes,In a Relationship,5.2,2.8,10,1,1.8,100,100
18,Male,2,3.92,4.9,100,4.2,7.9,3.7,1.4,2.3,Yes,Single,4.2,1.7,6,0,4.1,100,100
18,Male,4,4,3.9,94,7,6.1,2.7,1.2,0.8,No,Single,3.2,0.9,11,3,3.1,100,100
23,Male,3,3.03,1.2,71,7.4,4.6,2.6,1,2.6,Yes,Single,5.1,2.8,12,1,2.5,79,74
24,Female,3,3.46,3.2,82,6.4,3.4,1.1,1,5.7,No,Single,2.2,0,19,1,4.3,91,81
25,Male,4,3.65,4,97,5.6,3.5,1.6,0.3,1.2,Yes,In a Relationship,4.8,0,16,1,3.3,100,94
21,Male,1,3.64,3.8,83,5.9,9.4,5.7,3.6,2.1,No,In a Relationship,4.8,2,7,1,1,100,90
25,Male,4,2.93,0.7,88,7.9,3.5,1.3,0.9,1.3,No,Single,4.2,3.7,17,2,1.7,89,84
28,Male,1,3.86,2.2,97,9.4,3.8,1.3,0,4.9,No,Single,2.5,1.9,1,2,4.4,91,100
18,Female,2,3.9,3.4,97,8.7,4.7,1.7,1.2,3.6,No,Single,2.6,1.4,14,3,6.1,100,91
25,Male,3,4,4.3,100,5.4,6,1,0,4.9,Yes,Single,4.2,0.7,9,2,4.3,100,100
23,Male,3,3.34,0.5,88,8,6.6,2.8,1.4,6.1,No,In a Relationship,3.4,1.8,5,2,3.3,99,93
18,Female,4,3.69,3.3,77,6.2,6.5,4.4,0.8,0,Yes,Single,4.9,2.4,6,0,2.5,91,78
28,Female,3,3.78,3.7,90,6.3,5.1,1.9,1,1.5,No,Single,4.3,1.9,19,3,5.6,100,90
25,Female,1,4,4.8,100,6.4,5.7,0.7,2.3,2.1,No,In a Relationship,4.3,1.3,14,2,7.6,100,88
24,Female,3,3.7,4.5,95,7.8,6.9,3.2,1.9,3.1,No,Single,5,2.2,14,0,5.9,99,90
20,Male,2,3.95,4.4,100,8.2,3.8,2.7,3,4,No,Single,3.3,1.5,17,2,2.1,100,100
19,Female,4,3.55,2.3,91,6.9,6.2,4.3,3.8,2,Yes,Single,6.7,1.7,11,3,4.1,97,87
24,Female,3,2.73,0.6,74,6.9,3.9,2.1,1.8,1.6,Yes,In a Relationship,3.4,2.2,19,1,3.3,89,83
24,Female,2,4,2.9,96,7.6,7.1,2.4,1.3,4.9,No,In a Relationship,1.8,0.3,11,2,4.2,100,97
26,Male,3,4,5,100,7.7,7.1,2.6,2,4.1,No,In a Relationship,2.1,1.2,1,5,2.7,100,92
28,Female,3,4,5.6,100,8.4,5.1,2.9,0.4,3.6,No,Single,3.5,1.3,20,2,6.1,100,99
27,Female,2,3.94,4.6,95,5.5,4.4,2.2,0.4,0,Yes,Single,5,0,1,2,4.9,100,95
18,Male,2,3.65,4.1,91,7,5.1,2,0.7,5.4,No,In a Relationship,3.4,0.1,11,2,1.2,100,96
27,Male,2,4,4.1,100,5.7,3.1,0,1.2,3.4,No,Single,2.7,0.6,16,1,4,100,91
22,Male,2,3.78,2.7,94,6.9,3.8,2,0.7,2.7,No,In a Relationship,6.1,2.2,1,0,5,99,96
22,Female,2,3.3,3.3,90,6.7,6.6,3.9,2.9,1.4,Yes,Single,6.4,1,11,3,2.4,100,93
22,Female,3,4,6,100,6.9,5.4,4.1,2.3,1.7,Yes,In a Relationship,3.7,1.3,11,2,4.1,100,100
19,Male,3,3.52,2.1,79,6,6.6,2.1,0.8,1.2,Yes,In a Relationship,4.4,1.5,17,1,4.4,99,84
27,Male,2,3.7,5.9,96,5.2,5.6,4.7,0,0,No,In a Relationship,6.1,1.8,14,0,4.2,100,94
27,Male,3,3.03,3,80,4.5,3.7,2.8,1.3,1.4,No,In a Relationship,6,1.7,5,0,5.1,98,100
19,Female,1,4,5.5,100,6.8,4.3,0.8,2.6,0,No,In a Relationship,2.4,1.3,9,0,6.1,100,100
21,Female,1,3.56,1.4,81,6.5,1.8,0.3,2,2.9,Yes,In a Relationship,1.6,1.1,7,1,4.3,100,82
22,Male,4,3.95,4.4,82,6.2,7,4.6,1.3,0.7,Yes,Single,4.3,2.3,3,1,0.2,100,80
21,Female,2,3.28,2.4,86,8.6,5.3,2.2,1,4.5,No,In a Relationship,4.5,0.7,9,0,4.3,100,92
18,Female,2,2.96,1.4,78,6,4.8,1,1.2,0,No,In a Relationship,3.6,2.6,19,1,4.2,85,81
22,Female,1,4,3.8,100,8.7,2.7,0,0,5.4,No,In a Relationship,2.7,0.6,14,0,4.7,95,95
20,Female,3,4,5,100,8.9,7.3,2.2,1.2,4.7,No,In a Relationship,3.4,0.9,14,2,5.3,100,100
18,Female,4,3.21,2.2,92,4.7,6.4,3.4,0,0.9,Yes,In a Relationship,5.4,1.9,6,3,2.6,92,85
21,Female,2,3.42,1.3,72,7.1,6.2,1.8,0,2.8,No,Single,4.5,3.6,2,1,3,93,89
22,Male,2,3.85,3.4,99,6.5,4.5,1.2,1.9,1.3,No,Single,2.7,0,15,2,6.5,100,100
24,Female,1,3.51,3.4,92,3.5,7.6,2,1.4,4.2,Yes,In a Relationship,4.3,2.1,17,1,2,100,95
28,Male,3,4,4.3,94,5.3,9,4.7,0,6.6,No,In a Relationship,2.5,1.7,13,3,3.3,100,100
20,Male,4,4,4.9,100,7.9,3.8,0.7,2.6,5.4,Yes,Single,2.5,0.7,16,2,3.6,100,93
18,Male,2,4,3.4,94,9.4,5.6,1.8,1.2,1.6,No,In a Relationship,2.3,1.6,10,1,1.9,100,96
21,Female,2,4,6.3,100,8.1,7.3,4.6,2.1,3.2,Yes,Single,6.6,0,12,1,3.8,100,100
27,Female,4,3.49,3.8,80,7.4,6.2,3.5,2.7,6,No,In a Relationship,3.7,0.4,8,2,5.4,90,86
23,Male,4,3.46,3,81,7,4.5,3.1,0.4,4,No,In a Relationship,4.8,1.6,14,0,2.5,96,94
19,Female,1,3.23,1.1,74,9,3.8,1.8,0,5,Yes,Single,3.2,0.2,11,0,4.9,86,90
18,Male,3,3.82,3.1,99,9.6,8.3,2.8,0.8,4.3,Yes,In a Relationship,2.8,1.4,15,2,0.8,100,100
18,Female,2,3.24,3,95,6.3,3.6,2,0.5,3.2,No,Single,4.9,0.5,16,2,3.7,96,100
22,Female,1,3.67,4.9,92,4.6,3.7,1.5,1.5,2.9,No,Single,4.4,0.7,10,0,5.3,100,100
24,Male,1,3.68,4.2,86,4.5,4.1,1.2,1.9,0.6,No,In a Relationship,5.3,2.3,15,0,2.2,100,88
25,Female,4,2.87,1.7,69,8.6,6.9,4,0.7,1.5,Yes,Single,6.6,0,9,1,3.2,86,92
23,Male,2,3.49,3.8,100,6.9,6.2,2.7,2.6,1.2,No,Single,4.6,1.2,21,3,3.7,95,91
23,Female,1,4,4.5,100,7.2,5.7,3.3,3.7,2.3,Yes,Single,3.8,1.7,19,3,7.8,100,100
20,Female,4,4,5.8,100,4.9,6.5,3,0,3.2,No,In a Relationship,4.1,1.5,13,1,5.9,97,100
22,Female,1,3.91,4.8,100,6.1,7.9,3.5,0.3,2.8,No,Single,4.6,0.6,8,1,3.3,100,100
20,Male,1,3.67,4.6,100,6.6,6.9,2.4,1.1,3.4,Yes,Single,4.1,1.6,13,5,0,100,98
24,Female,1,3.99,3.6,87,7.2,4.8,2.1,0.5,4.3,Yes,Single,3.5,0.2,6,2,5.4,100,81
19,Female,1,4,4.1,95,6.5,5.3,1.6,2,2.2,No,In a Relationship,2.3,0.7,14,2,6.6,100,100
23,Male,3,4,5.4,100,5.8,2.3,0.7,0.2,4.5,No,Single,1.1,2.8,1,6,2.7,100,100
26,Male,4,2.99,1.5,58,6.1,3.2,1.1,0.6,5.3,No,Single,2.3,1.8,7,3,2.5,79,78
19,Female,4,3.76,3,91,8.4,3.9,2.3,3.3,3.8,No,In a Relationship,3.3,1.2,14,1,0,99,97
18,Male,4,3.64,2.3,98,7.3,3.3,0.4,3.2,1.9,No,In a Relationship,3.3,1.6,19,0,5.2,100,92
25,Female,2,3.99,4.1,100,7.7,2.7,0.7,3,4.9,Yes,In a Relationship,3.1,0.4,14,6,1.9,100,100
24,Male,3,3.88,5.3,100,5.9,5.6,4.4,0.4,4,No,In a Relationship,5.3,1.5,10,1,5.5,100,100
24,Female,4,3.01,2.6,63,3.5,5.6,3.1,2.4,4.2,Yes,In a Relationship,4.7,0.7,7,3,6.2,100,90
23,Male,1,3.03,0.5,74,6.4,3,2.1,2.9,6.1,Yes,Single,2.4,0.6,9,1,1.7,83,83
24,Male,2,3.65,2.9,76,6,10.8,6.2,0.1,4.4,No,Single,6,1.1,3,1,2.2,99,100
23,Female,2,4,4.9,100,7.4,2.6,0.3,0,6.1,Yes,Single,2.5,0.6,10,4,1.1,91,91
21,Male,1,3.64,4.3,94,10,8.5,4.3,2.3,2.7,Yes,Single,2.6,1.3,23,2,6.5,100,94
21,Female,2,4,4.1,100,7.8,5,2.6,0,2.1,Yes,Single,4.5,1.6,13,0,2.3,100,97
26,Female,1,4,3.1,94,10,5.6,4,0.6,5.3,No,In a Relationship,4,0.9,14,5,1,96,91
21,Male,1,3.42,1.6,82,7.7,7.4,3,0,1,No,Single,5.1,0,3,2,0,100,94
24,Female,2,3.9,4.3,100,6.2,3.1,0,1.5,6.8,No,Single,3.4,0.3,19,2,6.3,96,94
20,Male,2,3.56,2.2,77,7.4,8.2,2.9,4,5.6,Yes,Single,2.7,0.1,20,1,6.7,100,89
20,Female,1,4,6.8,100,9.1,5.7,3.3,2.5,3.2,Yes,Single,4.3,1.6,13,2,2.1,100,96
19,Male,2,4,4.4,100,9.2,2.5,0,3.5,5.4,Yes,In a Relationship,1.5,0.5,15,0,3.8,100,99
19,Female,1,2.97,2.6,74,6.3,9.9,5.7,2.2,4.3,Yes,Single,7.3,0.7,9,1,1.3,100,81
25,Female,3,3.77,2.6,89,7.3,7.5,3.3,0,0.4,Yes,Single,5.6,2,11,0,0.1,100,87
28,Male,3,3.62,3.4,85,5.3,7,3.8,1.4,1.4,Yes,Single,5.8,0.4,25,3,3.6,100,100
24,Female,2,3.81,3.1,100,8,8.1,1.1,1.9,3.6,No,Single,4.6,1.4,10,5,5.6,100,100
26,Male,2,4,5.2,100,8.9,6.5,3.8,2.2,3.3,Yes,In a Relationship,3.2,0.6,21,2,3,100,100
19,Male,2,4,3.8,91,7,5.9,4.4,2.8,5.6,No,Single,4.7,0.7,22,5,2.2,100,100
23,Female,1,3.32,2.4,70,6.2,5,3.2,0.5,3.6,Yes,In a Relationship,6.6,0,14,2,5.8,99,96
22,Female,3,4,6.3,100,7.4,5.5,2.8,1.7,0.5,Yes,In a Relationship,5.2,0.7,11,7,2.8,100,100
25,Female,4,3.8,3.6,100,7.5,6.3,1.5,1.2,1.9,No,Single,3.7,1.7,5,0,3.6,100,92
22,Male,2,4,4.7,95,7.1,5.3,2.5,2.6,4.5,Yes,Single,3.3,0.2,15,7,4.2,100,91
24,Female,1,3.5,2.6,100,7.2,6.9,2,1.4,0,No,In a Relationship,3.3,0.5,12,2,2.7,96,96
22,Male,3,4,4,99,6.8,7.2,3.7,1.6,0.2,Yes,In a Relationship,4.8,3.4,11,0,1.4,100,100
21,Male,3,4,4,92,8.2,5.8,1.5,1.6,2.3,No,In a Relationship,2.5,1.5,10,0,4.5,100,85
19,Female,1,3.36,0.7,68,7.9,7.1,3.6,2,4.9,Yes,Single,3.5,1.5,14,5,6.4,92,82
28,Male,4,4,6.5,100,5.8,5,1.5,1.5,2.6,No,Single,3.9,0.6,14,1,4,100,100
18,Female,3,3.84,5.4,98,5.8,6.3,2.4,3.1,3.9,No,Single,5.1,2.2,12,4,5.1,100,88
18,Female,4,3.41,2.9,77,6.7,6,3.7,0,3,No,Single,4.1,2.4,18,4,5,90,95
25,Male,4,3.45,1.8,80,7.9,4,1.7,2.7,2.7,No,Single,2.8,0.6,12,1,4.3,94,88
25,Male,2,3.74,4,92,7.2,7.2,3.8,2.1,1.7,Yes,In a Relationship,5.5,2.3,11,4,1.8,100,96
23,Female,1,3.49,3.6,100,6.2,8.9,3.6,1.8,4.7,No,Single,5,2.5,6,3,4.5,82,90
21,Male,1,3.86,4,100,7.3,3.6,2.4,1.2,0.5,No,Single,4.1,0,11,4,5.6,100,100
20,Female,3,3.5,3.8,95,6.6,5.1,4.5,3.8,2.5,Yes,In a Relationship,5.6,2.1,12,2,0.9,100,100
27,Female,1,3.67,4.3,100,8.1,5.6,2.9,1.5,5.3,No,Single,3,0.4,1,2,1.6,100,96
28,Female,4,4,5.7,99,7.4,8.7,4.5,3.1,1.5,No,Single,4.7,2.5,15,2,5.7,100,100
28,Female,1,3.53,4.4,100,6.6,8.6,5.5,4,0,No,Single,7.4,0.4,17,1,6,100,93
21,Female,2,2.92,1.9,80,7.3,4,2.4,0.6,0,Yes,Single,4.3,1.8,23,0,2.1,86,100
27,Male,2,4,5.5,100,8.6,6.9,3.8,1.3,4.3,Yes,In a Relationship,3.2,0,7,0,2.6,100,96
23,Male,4,4,6,100,6.3,2.7,1.8,0,4.5,No,In a Relationship,3.6,2.3,11,3,6.3,100,100
22,Male,1,4,8.2,100,7.5,5.1,1.3,0.1,2.3,No,Single,1.5,1.3,14,3,6.3,100,100
28,Female,3,2.89,1.8,77,6.9,5.1,2.5,2.3,0.5,No,Single,4.3,2.5,12,1,4.4,83,90
19,Female,4,3.88,3.9,88,7.5,3.7,0.8,1.4,2.7,No,In a Relationship,3.4,0.5,8,1,5.7,98,85
19,Male,4,2.81,0.5,75,6.2,4.9,1.4,0.8,5.4,No,In a Relationship,5.3,1.4,5,3,1.3,86,82
19,Female,1,3.98,4.3,100,7.1,6.9,3.7,4.7,0.5,No,In a Relationship,5,2.7,12,6,0.4,100,100
21,Female,4,4,2.7,88,8.3,4.4,2,1.2,5.1,No,In a Relationship,3.3,1.2,18,5,3.4,100,91
26,Female,2,3.93,6.4,100,5.9,8.1,3.9,0,0,No,In a Relationship,5.8,1.6,12,2,5.6,100,95
24,Male,1,3.01,2.3,70,5.4,7.2,3.2,0.3,0.7,Yes,In a Relationship,7.5,1.9,12,1,3.7,81,94
21,Male,3,2.68,1,69,5.5,6.5,5.6,1.7,3.2,No,Single,6.7,0,14,4,6,74,74
19,Female,4,3.7,2.8,99,5.6,6.3,3.6,1.9,4.9,No,In a Relationship,3,0.7,16,2,5.3,100,87
20,Male,1,3.18,0.5,84,7.7,6.2,4.5,0.6,5.9,No,Single,5.2,2.3,14,2,3.4,98,100
19,Female,2,3.83,4.6,98,5.3,4.9,3.4,0.5,5,No,In a Relationship,3.6,0,6,1,3.1,100,100
25,Male,2,2.82,0.5,67,6.6,6.9,3.3,0.6,6.1,No,Single,3.1,2.3,14,1,4.1,87,76
26,Female,4,3.76,3.5,94,7.7,7,4.5,3.5,3.4,No,Single,3.1,0.6,9,2,7.9,100,100
24,Male,4,2.74,0.5,68,7.5,6.6,3.8,3.3,1.8,Yes,In a Relationship,6.4,3.3,8,3,3.2,56,80
27,Male,4,3.22,3,83,6.5,5.3,3.1,1.5,5.4,No,Single,5.1,1.6,7,0,0,100,90
20,Female,4,4,6,100,7.2,6.5,3.1,1.9,5.7,Yes,In a Relationship,4.8,0.4,12,0,3.9,100,95
25,Male,4,3.98,4,100,7.1,7.4,3.6,1.7,4.9,Yes,In a Relationship,5,2.2,9,3,2,100,100
27,Female,4,3.28,2.2,84,6.7,7.4,1.8,0.8,4.2,No,Single,4.2,2.6,11,3,1.7,100,100
18,Male,2,3.96,3.5,93,6.7,4.5,1.7,2.5,5.8,No,In a Relationship,2.9,1.8,7,1,3.8,100,92
19,Female,3,3.61,3.5,92,9.7,6.2,4.9,0,3.7,Yes,Single,4,0.8,16,1,5.8,100,93
25,Female,2,3.81,4.2,100,8,8,5.6,2,3,No,In a Relationship,4.3,2.6,10,2,5.3,100,99
18,Male,2,3.67,1.4,94,10,5.4,1.4,2.9,4.5,Yes,Single,1.3,0.3,8,0,5.8,100,88
27,Male,4,4,4.4,91,6.4,3.9,1.8,0.4,4,No,In a Relationship,3,2.3,4,1,1.4,100,94
24,Male,3,2.6,0.5,67,6.9,5.7,4.5,0.9,4.8,No,In a Relationship,6.8,0,20,2,6,69,77
27,Female,4,3.51,2.6,91,5.4,5.7,3.6,0,2.7,Yes,Single,4.6,1.3,4,1,2.1,100,96
28,Female,3,3.28,2.8,81,6,6.2,3.8,0.3,4.8,No,Single,5.5,0.6,13,0,3.9,85,81
22,Male,2,4,4.4,100,9.3,5.8,4.1,3.8,4.7,No,Single,5.5,0,15,2,6.5,100,92
18,Female,3,3.69,3.5,98,6.4,5.7,2.4,0,3.4,No,Single,4.8,2.5,10,4,6.8,100,90
22,Male,2,3.47,1.4,96,9.3,6.2,3.3,0.4,1.5,No,Single,3,0,14,3,3.8,100,100
22,Male,3,3.4,2,76,5.5,7.1,3.2,3.4,5.5,Yes,Single,3.5,2.6,14,1,3.8,97,81
26,Male,4,3.4,3.8,100,5.7,4,1.5,1.2,0.6,No,In a Relationship,4.6,0,16,2,1.6,91,100
27,Female,3,3.56,3.4,96,6.6,7,3.3,0.6,1.1,No,Single,7,2.3,15,0,3.1,100,75
27,Female,4,3.3,2.6,91,6.9,7.1,4.7,1.7,3.3,No,Single,6.2,0.4,10,5,2.9,82,90
20,Female,3,3.77,2.8,94,8.1,3.9,2.3,0.7,0,No,Single,4.6,0,10,5,3.5,100,79
24,Female,3,4,4.5,100,7.5,5.3,3,0.6,6.1,Yes,In a Relationship,3.2,0.7,22,1,4.6,100,99
27,Male,3,3.38,2.7,81,6.5,4.2,3.1,1.8,3,No,Single,4.7,1.8,17,5,3.9,100,93
23,Female,3,3.45,3.4,92,6.8,7.5,2.4,0.9,6.1,Yes,In a Relationship,3.5,0.3,9,2,1.4,93,91
24,Male,3,4,6.8,100,6.6,7,3.8,1.9,6.6,No,Single,4.1,1.5,14,1,3.7,100,100
27,Female,3,3.45,1.4,76,5.9,3.8,1.8,4,2.7,No,In a Relationship,3.2,1.9,14,1,4.8,100,86
25,Female,3,3.04,0.7,60,5.9,7.3,4.8,2.5,5.7,No,In a Relationship,3.8,2.7,12,1,7.4,63,86
21,Male,3,4,4.7,100,8.2,3.8,3.7,1.9,0.9,Yes,In a Relationship,4.8,1.3,21,3,4.1,100,100
19,Male,1,3.3,2.5,92,4.8,6.1,1.4,1.1,3.9,No,Single,2.9,2.4,11,0,1.4,98,87
26,Female,1,3.86,3,93,8.9,9.9,5.3,0,2.1,No,In a Relationship,4,2,12,0,3.1,94,100
19,Female,4,3.54,2.3,89,6.6,6.2,3.1,3.1,4.4,No,Single,4.1,1.1,16,2,4.3,96,94
26,Female,1,3.46,3.1,91,6.1,5.1,1.7,1.1,4.8,No,Single,3.9,2.3,7,4,4.5,94,93
25,Female,2,4,5.9,100,7.9,6,4.5,0.2,2.7,Yes,Single,5.6,2.1,9,0,0,100,100
25,Male,3,4,4.7,94,8.8,5.1,3.5,0,4.1,No,Single,2.2,1,19,0,4.5,100,100
20,Female,3,4,4.8,95,8.3,1.1,0.1,1.6,4.9,No,Single,1,1.9,12,4,7.4,100,100
23,Female,4,3.04,1.4,69,7.6,4.8,2,1.7,3.4,Yes,In a Relationship,4.8,1.5,8,1,5.8,92,89
23,Female,3,3.03,1.8,77,8.3,7.5,3.2,0.7,8.1,No,In a Relationship,4.4,1.7,13,4,4.3,88,96
28,Female,3,3.1,0.5,81,4.9,2.5,0,2.6,2.7,Yes,In a Relationship,2.7,3.1,13,2,4.1,85,85
20,Male,3,3.43,2.3,73,6.4,6.3,2.9,1.9,6.3,No,Single,2.8,0.4,19,0,5.7,82,82
22,Female,2,4,4.9,94,5.9,7.2,3,0.2,5.3,No,In a Relationship,4.6,1.5,17,2,7.5,100,100
27,Male,3,4,4.3,100,8.5,2.1,1,0,0,No,In a Relationship,3.5,1.2,13,4,3.8,93,97
24,Female,3,3.78,3.2,99,6.5,8.4,3.2,1.3,6,Yes,In a Relationship,3.9,2,20,2,3.3,100,100
25,Female,4,4,3.5,95,8,7.2,2.8,0.8,5.1,Yes,In a Relationship,2.5,0.7,18,1,5.3,100,100
24,Female,3,3.21,2.5,92,7.6,4.6,1,2,3.2,No,Single,3.8,0.6,14,2,3.5,81,97
19,Male,2,3.27,3.8,93,6,8.3,4.2,2.6,3.7,Yes,Single,4.6,1.1,8,2,3.9,100,91
27,Female,3,3.9,4.6,100,6.3,8.3,4.1,3,4,Yes,Single,4.4,1.7,21,2,2.5,100,95
21,Male,1,3.4,1.1,81,8.6,5.8,2.4,0.2,5.8,No,Single,1.7,0.7,18,0,5.1,90,100
21,Male,2,2.93,3.9,80,6.1,7.2,2.5,0.9,2.2,Yes,In a Relationship,5.2,0,6,1,2.9,100,91
23,Female,1,4,4.9,100,7.1,6.4,3.9,0.7,6.2,No,In a Relationship,3.5,0.2,9,2,2.3,100,97
19,Female,4,3.41,2.9,99,6.1,6.1,2.5,0,0.8,Yes,In a Relationship,4.7,2.6,5,2,3.4,100,100
27,Male,1,3.84,4.6,100,6.6,4.6,0,2.6,0,No,Single,4.9,2.7,7,3,5.2,100,88
20,Female,3,4,7.7,100,6.9,3.3,3.5,1.4,4.2,No,In a Relationship,3.1,0.7,18,2,4.1,100,96
24,Male,2,4,3.3,95,6.1,5.1,1.6,2.6,5.5,No,Single,3.3,3,12,2,5.7,95,100
26,Female,1,3.23,4.1,81,5.8,6.1,2.2,1.3,2.6,Yes,In a Relationship,2.8,0.9,9,2,0,100,85
25,Female,3,3.2,2.4,66,7.3,5.9,5,2.4,0,No,In a Relationship,4.9,0,16,1,1.9,90,81
27,Male,1,3.16,3.8,100,6,5.9,2.6,0.7,0,No,In a Relationship,6.2,0.9,16,1,1.9,100,96
22,Female,3,4,4.2,100,6,4.8,2.8,0,3.9,No,Single,2.7,1.9,19,2,2.9,100,93
25,Female,2,2.93,3.8,86,5.9,7.1,3.6,2.2,3,Yes,Single,5,0.6,15,3,7.6,90,89
18,Male,3,2.94,2,82,6.9,6.5,3.6,0,5.6,Yes,Single,5.5,1.8,15,3,4.1,91,79
23,Male,3,4,3.8,100,8.1,3.3,1.4,0.5,3.1,No,In a Relationship,3.7,1.5,8,1,2.1,100,98
19,Male,1,4,5.7,100,8.8,7,2.7,1.8,1.5,No,Single,3.1,0.9,12,3,4.9,100,100
18,Female,2,4,4.2,95,6.1,5.4,2.9,0.9,3.6,No,Single,3.2,2,12,1,3.6,100,100
22,Male,1,4,4.9,100,9.6,6.5,3.2,2.6,5,Yes,In a Relationship,1,2.4,1,1,1.8,100,92
26,Male,3,3.45,3.1,100,5.8,7.8,3.2,0.6,5.7,Yes,In a Relationship,5.7,1.4,14,2,3.2,100,88
24,Female,1,3.73,4.6,93,8.3,8.6,6.7,0,2.8,No,In a Relationship,4.8,1.8,3,2,4.8,97,96
26,Male,3,4,3.9,98,6.1,4,1,1.2,3.1,No,In a Relationship,1.8,0,16,0,0,100,97
24,Female,4,3.01,2.1,69,6,6.7,4.3,0,4.6,Yes,In a Relationship,3.7,2.6,10,0,6.9,83,95
25,Female,4,3.54,4,83,6.1,7.3,4.6,1.1,1.5,Yes,Single,4.3,0.7,10,2,4.3,97,99
19,Female,2,3.31,2,88,6.9,9.1,3.5,0,4.5,No,Single,3.6,0.3,9,2,4.3,92,93
25,Male,3,3.91,2.6,100,7.7,5.3,1.8,2.4,2.5,Yes,Single,5.9,2.1,9,0,7.4,100,96
23,Male,3,3.65,3.8,100,7.8,8.7,5.3,1.7,2.8,No,Single,5.8,0.8,11,2,5.1,87,100
20,Female,2,3.95,3.9,91,5.9,3.6,0,2.2,3,No,In a Relationship,3.8,0.5,17,4,0,100,100
26,Female,1,3.05,1.7,78,5.8,5.3,1.8,2.6,3.3,Yes,Single,5.2,0.9,7,0,1.7,88,88
24,Female,4,3.28,5.1,100,5.9,5.4,4.6,2.4,6.8,No,Single,6.2,0,12,1,2.4,100,92
23,Female,3,3.91,4.4,82,6.9,8,2.2,2.3,2.1,Yes,Single,4.6,0.5,23,1,3.7,85,100
20,Female,3,2.89,2.4,83,6.7,6.4,5.2,2.5,2.2,No,In a Relationship,6.7,2.2,9,1,4.3,91,83
25,Female,2,3.41,1.2,94,5.9,5.6,0.5,2.7,5.9,No,In a Relationship,2.3,2.4,12,3,3.7,85,90
27,Female,1,3.93,3.3,100,7.3,4.8,1.1,0,3.9,No,In a Relationship,2.2,1.3,16,2,3.4,100,100
26,Male,2,3.89,2.8,76,9.7,5.2,2,2.5,4.5,No,In a Relationship,1.5,0.5,23,4,8.3,100,96
23,Male,3,3.33,3.7,95,6.4,6,3.4,1.8,0.9,Yes,In a Relationship,5.2,1.6,20,1,2.2,100,96
23,Female,1,4,3,91,6.5,8.6,2.5,2,3.5,No,Single,1.4,0,11,1,2.7,100,90
27,Male,2,3.1,0.5,77,7.7,5.8,2.1,3.6,4.6,No,In a Relationship,4.5,2.4,14,1,4.2,80,84
21,Female,3,3.22,2.9,84,6.3,7.9,4.9,2.1,1.7,Yes,In a Relationship,4.9,1.1,11,1,4.2,100,92
18,Female,2,3.38,3,84,7.8,7.5,5.1,1.2,4.3,Yes,Single,5.3,0.2,17,3,4,100,94
24,Female,4,4,4.5,81,6.1,4.4,2.2,0,2.6,No,In a Relationship,2.8,2.7,11,1,4.4,100,100
21,Female,2,3.92,2.5,98,9.2,3.3,0.2,1.1,1.7,No,In a Relationship,3.6,1.2,21,0,4.8,100,100
25,Female,3,4,6,100,7.4,1.9,0,2.2,5,No,Single,3.8,0.8,2,3,5.1,100,100
24,Female,2,2.83,0.6,66,6.3,7,3.2,0.3,5.3,No,In a Relationship,4.1,3.2,15,1,2.6,63,72
21,Male,2,4,5.5,100,6.3,6,3.8,3,3.3,No,Single,5.2,0.7,16,3,5,100,94
26,Male,2,3.39,3.2,76,6.4,7.1,2.9,3.7,3.9,No,Single,3.1,1.9,1,1,4.1,100,95
19,Female,4,4,4.8,92,8.6,6.9,2.7,1.7,5.6,Yes,In a Relationship,3,1.9,4,3,6.9,100,100
25,Male,3,3.68,3.6,94,5.5,4.5,1.6,1.2,2.2,No,Single,5.2,0.4,19,3,3.5,100,85
19,Male,3,4,5.2,96,6.2,7.5,3.8,1.1,3.7,No,Single,4.3,1.1,15,2,4.1,100,95
24,Female,3,3.45,2.9,90,6.3,9.1,5.3,3.8,2.2,Yes,In a Relationship,7,0.9,16,4,4.5,96,100
28,Female,3,3.56,1.9,84,7,1.2,0,3.1,1,Yes,In a Relationship,1.6,0,20,0,3.7,87,97
21,Male,1,4,5.6,100,6.7,7.8,2.7,0,2.2,Yes,Single,4,0,10,4,1.5,100,98
26,Female,4,3.75,3.3,85,5.2,4,1.3,1.5,0.8,No,Single,2.6,0,20,1,4.9,100,97
28,Male,2,3.58,3.8,100,6.5,4.4,0.6,3.8,3.9,Yes,In a Relationship,3.5,0.8,27,1,4.2,97,96
26,Female,3,3.98,5.4,94,6.9,5,1.1,2.6,1.5,Yes,In a Relationship,3.5,0.2,18,2,1.2,100,95
23,Male,2,2.83,2,79,6.2,3.4,3.4,0.3,0.2,No,Single,5,0.3,14,2,2.5,96,80
28,Female,2,3.81,4.4,100,7.8,5.6,3.4,1.2,4.5,No,Single,4.5,0.8,12,2,4.7,100,100
20,Female,1,3.15,2.6,94,8.1,9,5,1.1,4.4,No,Single,4,1.2,13,2,4.6,100,86
18,Male,3,3.61,3.3,79,6.9,5.9,2.8,0.1,2.3,Yes,In a Relationship,7.1,0.9,13,4,5.8,100,93
23,Male,1,3.89,3.6,97,7.3,4,0.2,4.4,4.4,No,In a Relationship,3.5,0.5,12,1,0.4,100,86
21,Female,1,2.51,1.2,84,4.4,5.5,2.4,3.1,1.4,No,Single,5.2,3.1,6,2,3.4,83,99
22,Female,2,3.37,2.3,100,6.5,5.2,0.7,2.1,2.3,No,In a Relationship,2.9,1,14,3,2,100,100
25,Female,1,4,5.5,100,8.2,4.1,1,2,3.8,Yes,Single,1.9,2.2,13,4,2.8,100,94
20,Female,3,3.46,4.8,94,6.5,8.4,3.7,3.3,5.1,No,In a Relationship,4.6,0,19,1,2.2,100,100
18,Female,2,3.51,3.4,76,6.1,4.9,3.1,1,2.2,No,Single,4.1,2.5,15,1,4,100,99
22,Male,3,3.81,3.9,82,9.7,6.5,3.7,2.6,1.8,Yes,In a Relationship,4.7,0.7,8,1,0.6,100,91
18,Male,3,3.95,3.1,92,9.2,4.6,2.3,4.3,5,No,In a Relationship,2.6,4,7,2,2.3,87,100
23,Male,1,4,5.5,100,7.6,7.5,4,2,4.2,No,Single,4,0,12,3,3.5,100,91
26,Male,3,3.6,3.2,100,8.4,4.9,2.2,2.6,3.3,Yes,In a Relationship,3.4,0.1,8,1,3,100,97
18,Male,2,3.24,3.8,89,4.3,7.2,4.5,1.4,5.4,No,In a Relationship,5.1,1,13,1,2.8,92,94
18,Male,1,3.73,5.2,100,6.1,5.5,3.3,0.9,6.9,Yes,Single,4.1,0.8,9,1,6.4,100,99
23,Female,2,3.06,2.3,89,6.4,4.9,2.5,0.2,3.7,Yes,Single,6.1,0,18,3,3.5,91,90
18,Male,1,4,5.8,100,6.7,6.1,3.1,1.7,1.8,Yes,Single,5.1,2.7,15,2,5,100,97
25,Male,3,2.96,1.2,85,6.4,3.4,2.8,0,4,No,In a Relationship,4.5,2.6,17,2,5.8,100,88
28,Male,4,3.67,5.9,100,3.9,5.4,5.2,0.6,1.4,Yes,Single,7.2,0.9,11,4,5.3,100,100
24,Female,1,3.7,2.9,89,7.5,6.3,3.2,0.8,5.5,No,In a Relationship,3.4,2.2,13,1,4.2,100,85
20,Female,4,3.75,3.1,93,7.7,2.5,2.8,2.3,1.6,Yes,In a Relationship,3.1,2.6,17,0,4,100,96
20,Female,1,3.18,0.7,77,8.9,5.2,2.4,0.5,2.6,No,In a Relationship,1,1.2,14,0,3.5,83,93
27,Male,4,3.08,2.8,79,6.1,6.6,4.1,1.5,1.3,Yes,Single,3.2,0.5,16,0,6.5,99,100
18,Male,4,2.9,1.9,86,6,7.6,3.9,0,3.4,Yes,Single,5.5,2.5,9,1,5.5,91,100
19,Male,3,3.2,2.6,79,3.8,4.6,2.4,1.6,3.4,No,In a Relationship,5.3,2.3,16,2,1.2,90,84
28,Male,1,3.61,3.3,86,6.6,6,1.1,2.7,4.5,Yes,Single,3.1,0,9,0,1.5,100,97
24,Male,1,4,4.9,100,8.1,5.4,1.4,1.1,3.2,Yes,In a Relationship,5.4,2.6,22,1,4.7,100,100
21,Male,2,4,3.8,100,6.3,3.7,2.5,0,3.1,No,In a Relationship,4.1,0.2,13,1,4.2,100,86
21,Male,2,3.69,4,86,9.6,7.5,4.8,1.8,1.9,No,Single,1.8,1.6,18,4,4.8,99,89
24,Male,2,3.01,1.9,80,6.7,7.2,2.4,3.9,2.4,Yes,In a Relationship,4.9,0.4,10,1,4.2,81,76
21,Female,2,3.66,2.2,80,7.2,4.1,1.9,1.1,0.2,Yes,In a Relationship,5.4,1.4,11,3,1.6,100,91
24,Male,2,4,6.2,100,5.4,3.1,0.2,1.8,5.8,No,In a Relationship,3.8,1.3,11,3,5.4,100,100
28,Male,4,3.21,2.4,82,7.3,9.8,5.1,0.2,2.8,No,In a Relationship,6.1,3.4,3,0,4,96,86
23,Male,2,4,6,100,4.6,6.1,3.7,0.9,6.3,No,Single,2.8,0,1,1,4.9,100,99
20,Female,3,4,3.1,91,7.8,8.3,4,0.8,2.8,Yes,Single,4.4,0.4,11,4,5.1,100,94
20,Male,4,4,3.5,95,7.9,6.1,4.2,2.2,0,No,In a Relationship,4.1,0.7,3,5,3.4,100,100
27,Female,3,4,5.1,100,8.6,2.1,2.6,0.5,2.1,No,Single,4.1,1.5,13,2,5.7,100,100
28,Female,4,4,5.4,100,5.8,7.4,2.9,1,3,No,Single,6.1,0.9,11,2,5.3,100,93
22,Male,3,3.07,3.3,87,7.2,8.5,5,1.8,3.1,No,Single,4.5,0,1,2,3.8,94,100
18,Male,4,3.58,2.9,84,7.7,6.7,3.1,0,4.4,No,Single,4.3,1.9,9,2,4,95,95
27,Male,3,3.82,3.4,91,7.5,5.4,3.7,2.5,3.3,No,In a Relationship,3.3,2.5,12,1,7.1,98,100
27,Female,1,3.44,4,79,6,5.9,4.1,0,2.3,No,Single,5.1,1.6,19,4,5.9,100,85
26,Female,3,3.68,4.8,96,4.1,8.2,3.8,0,1.2,No,Single,5.3,0.7,10,2,5.6,100,93
22,Male,3,4,3.5,84,7.4,5.9,2.6,0,2.2,No,Single,5.8,1.4,4,2,4.7,100,95
25,Female,1,3.94,4.4,100,6.8,5.6,2.7,3.3,4.2,Yes,Single,2.8,0,3,2,5.2,100,100
28,Male,4,4,6,100,6.3,7.3,4,3.2,4.7,Yes,In a Relationship,4.5,2.3,9,0,3.7,100,95
20,Male,4,3.89,4.1,100,7.9,8.8,4,0.5,1.7,Yes,In a Relationship,5.9,1.7,7,2,3.6,100,95
23,Female,3,3.97,4,95,6.9,8.5,4.6,3.6,5,No,Single,2.5,0.7,11,3,3,100,89
24,Male,1,2.75,1.2,70,5.4,6,3.6,3.6,4.1,No,In a Relationship,5.2,1.3,13,2,3.6,97,89
27,Male,2,2.4,0.5,60,4.7,5,3.7,1.7,1.2,Yes,In a Relationship,5.7,2.2,15,0,3.1,65,65
26,Female,3,4,4.1,100,5.6,5.8,2.1,4.2,3.5,Yes,In a Relationship,3.5,2.4,15,1,6.4,100,85
26,Male,2,4,3.4,99,9.9,3.8,1.9,3.2,3.7,No,In a Relationship,3.8,1.1,9,1,4,100,100
26,Female,1,3.27,2.7,81,7.9,5.6,4,1.3,0.9,Yes,Single,6.4,3.3,15,1,3.4,92,83
20,Male,3,4,3.9,99,7.2,6.5,1.9,2.3,0.3,No,Single,4.8,2.6,4,3,1.7,100,100
18,Female,1,3.55,3.4,77,6.8,6.8,2.8,0.6,3.9,No,Single,3.7,1.7,13,3,3,95,92
22,Male,2,4,5.2,100,6.7,8.4,4.9,1.1,2.1,Yes,In a Relationship,3.7,0.8,13,3,3.7,100,92
25,Female,4,3.88,3.6,87,8.4,6.1,4.6,1.3,6,No,In a Relationship,3.9,0.8,13,3,8.2,100,92
20,Female,1,3.14,2.4,80,6.4,8.4,3.3,0.3,6.4,Yes,Single,3.6,1.4,7,0,5.2,99,82
21,Female,4,4,5,100,7.7,6.6,2.4,1.8,3.9,No,In a Relationship,3.4,1.1,7,4,2.1,100,95
24,Female,2,3.79,3.2,87,6.6,5.2,2.6,0,4.9,Yes,In a Relationship,3.3,2.9,15,0,3.3,100,84
21,Male,1,4,4.3,100,9.3,6.5,4.1,1.7,1,No,Single,3.6,0.3,10,2,4.5,100,98
20,Male,1,3.73,2.8,98,7.9,5.8,2.7,1,0.3,Yes,Single,4.3,1.7,15,0,4.5,100,100
24,Male,3,3.5,2.5,97,8.5,4.4,2,2.5,2.7,No,In a Relationship,2.1,0,9,0,0,100,100
23,Male,3,4,3.6,92,6.3,10.3,4.6,0.9,0.4,No,In a Relationship,6.6,1.6,26,3,4,100,96
22,Female,3,3.94,3.5,86,8.3,5.6,3.1,1.9,3.6,No,In a Relationship,2.9,2.1,11,2,3.4,100,97
20,Female,2,4,4.2,94,6.6,3.6,1.9,1.1,1.4,Yes,In a Relationship,4.3,2.6,18,5,6,100,96
18,Female,4,3.18,3.1,80,7.1,8.4,3.5,0.1,3.4,No,In a Relationship,3.9,0.6,24,1,2.3,90,83
25,Male,2,2.8,0.7,71,9,6.6,4.3,1.7,2.7,No,Single,4.7,0.5,18,1,2.1,100,77
27,Male,4,3.66,2.9,86,5.7,5.2,1.3,1.5,4.3,No,Single,4.3,2.2,10,1,5.8,98,94
23,Male,3,4,4.7,95,7.2,6.3,2.5,2.7,3.7,No,Single,4.2,2.4,12,1,2.6,100,100
23,Male,4,3.67,3.1,96,7.5,5.3,2.4,3.4,2.2,Yes,Single,2.7,1,1,0,0.3,100,97
22,Male,3,3.99,3.1,86,7.6,5.3,3.5,4.4,0.3,Yes,In a Relationship,4.5,0,1,2,2.5,100,96
25,Male,1,4,5,98,6.5,6.6,3.7,2,3.3,No,Single,6.1,0.1,12,1,5.6,100,100
21,Male,3,3.49,2.4,79,9.5,3.6,2,2,0,Yes,In a Relationship,3.1,1.1,9,0,5.7,100,88
24,Male,3,2.86,1.2,79,5.4,3.6,0.6,1.8,5.5,No,In a Relationship,4.3,0,6,0,5,88,84
28,Female,3,3.55,3.3,91,8.8,8.2,4.3,0.4,4.1,Yes,Single,3.8,1.9,12,3,3.6,100,100
27,Male,4,3.57,2.8,90,8.5,6.2,1.1,1,4.7,Yes,In a Relationship,2.2,0.4,9,1,4,100,100
19,Female,2,3.54,2.1,90,9.3,4.9,3.2,2.1,1.1,No,In a Relationship,4,1.1,7,5,3,86,89
26,Male,1,3.6,3.2,88,5.1,5.3,2.6,3.1,3.7,Yes,In a Relationship,3.7,2.3,17,3,7.2,100,99
28,Female,4,4,4.2,100,6,5.4,3,3,1.7,No,Single,5.7,1.6,6,1,2.9,100,97
22,Female,3,4,3.5,97,8.8,8.6,5.3,1.2,3.3,Yes,Single,3.5,3.1,15,1,5.1,100,89
21,Male,1,3.48,4,88,4.7,8.6,7.4,0.5,1,No,Single,7.7,2.6,13,1,2.9,100,99
28,Male,4,4,6.2,100,5.1,2.2,0.3,3.4,2.8,No,In a Relationship,4.9,0.2,19,2,5.7,100,97
23,Female,4,3.42,3,86,6.4,5.3,4.3,0.7,0.2,No,In a Relationship,5.9,1.8,10,2,4.5,90,96
20,Male,4,3.84,3.9,89,7.2,3.9,2.6,0,2.7,No,In a Relationship,3.4,1.4,5,2,3.8,100,85
18,Male,3,3.23,2.7,84,8.9,6.6,4.4,1.8,0,No,In a Relationship,4.8,2.4,9,3,1.6,93,89
24,Female,3,3.39,2.2,77,6.8,9.2,4.2,1.1,6.5,No,In a Relationship,3.3,1.7,12,3,5.1,76,84
21,Female,4,3.38,2.6,74,6.3,8.3,4.9,1.4,3.3,Yes,Single,4.9,0.7,17,1,2.6,92,98
24,Male,4,3.23,2.8,68,7.4,6.3,3.2,1.2,3,Yes,In a Relationship,3.6,1.7,16,4,4.7,100,84
18,Male,2,4,4,100,7.6,6.1,1.5,1.4,4.4,No,In a Relationship,2.3,0.8,11,0,2.8,100,100
20,Male,3,4,7,100,7.5,7.7,4.2,1.4,0.4,Yes,Single,5.6,0.6,12,1,5.5,100,100
18,Male,4,3.39,2.4,100,6.8,6.6,3,2.2,1.4,No,In a Relationship,5.5,1.1,15,0,5.7,100,90
27,Male,3,3.6,2.9,100,4.7,4.8,2.4,1.7,4.1,No,Single,5.5,1.4,17,4,3.4,100,100
27,Male,2,4,3.4,97,5.9,4.3,2.1,1.5,3.3,No,Single,4.4,2.5,14,1,2.8,100,99
26,Male,1,4,4.1,100,8.7,5.7,4.3,2.1,1.6,No,In a Relationship,5.8,0.7,13,1,6.5,95,100
18,Male,1,3.62,3.9,85,7.2,7.5,5.2,2.5,4.3,Yes,In a Relationship,4,0,13,1,4.1,89,95
23,Male,3,4,5.4,100,6.6,3.7,1,0,3.6,No,Single,4.7,1,13,1,2.4,100,100
18,Female,2,3.28,0.5,72,8.3,7.1,3.7,0.6,4,No,Single,4.7,1.5,13,2,3.9,93,90
18,Male,2,2.78,0.5,71,5.6,5.2,2.2,0,3.8,Yes,In a Relationship,4.2,1.4,7,2,3.9,84,87
24,Male,4,3.74,2.8,86,6.7,3.2,0.6,1.4,1.6,No,In a Relationship,3.8,0.9,4,2,3.8,98,98
20,Male,4,3.69,5.1,100,7.2,4.9,3,0.8,2.8,No,Single,5.2,2.1,8,3,3.9,100,98
18,Female,2,2.77,1.2,67,6.5,5.1,1.6,0.3,0,No,In a Relationship,5,1.5,10,1,2.4,69,85
24,Male,4,3.34,0.5,100,7.1,2.8,0.4,1.5,2,No,Single,3.5,1.8,15,1,3.3,91,95
21,Female,3,3.66,4.4,100,6.8,5,1.6,0.2,2.5,Yes,Single,3.3,0,11,3,2.5,100,99
25,Male,2,3.75,3.9,100,5.3,2,1.3,2.1,4.3,Yes,Single,2.9,1,13,0,8.5,100,74
28,Male,3,3.6,1.9,74,7.2,5.2,1.8,1.4,4,No,In a Relationship,3.5,1.1,12,5,3.1,79,81
19,Male,1,3.26,2,70,5.4,4.7,0.8,1.1,1.5,No,Single,3,2.9,14,0,2.8,82,92
20,Male,1,3.67,2,86,7.2,5.9,2.2,1.7,1.5,No,Single,4.8,1.1,10,2,2.2,100,95
19,Male,3,4,3.7,97,8.6,4.5,1.7,2.2,5.6,No,Single,1,0.5,8,2,8,100,88
18,Female,1,3.13,2.6,100,6.7,7.5,3.4,1.4,2.4,Yes,In a Relationship,4.8,0.5,4,1,3.4,94,91
27,Female,2,3.57,4.2,98,5.6,5.2,3.7,1.1,3.2,No,Single,4.6,2.2,14,3,3.4,98,97
27,Female,3,2.81,0.5,70,6.8,6.1,3.2,1.2,4.6,No,In a Relationship,3.5,0.6,1,0,4.5,77,91
21,Female,4,3.48,2.2,94,6,5.2,2.4,2.5,2.8,No,In a Relationship,4,0.3,13,4,2,91,94
22,Female,4,3.61,1.8,85,7.7,6.6,2.4,0,2.7,No,Single,1,2.1,16,0,2.3,96,100
20,Female,2,3.68,3.1,94,6.8,2.1,1.5,1.4,2.4,No,In a Relationship,3.3,1.6,11,2,3,100,99
25,Female,4,3.88,2.7,100,9.1,3.3,1.6,3.2,2,No,Single,2.2,1,14,2,4.4,100,96
22,Male,4,4,4.7,96,8.4,9,3.9,2.6,3.3,No,Single,3.1,0,10,3,4.9,100,93
18,Female,1,2.7,0.7,86,6.8,1,0.2,1.9,0,No,In a Relationship,6.8,1.8,12,2,2.7,88,84
26,Male,4,3.76,3.6,100,7.9,6.7,2.7,2.2,2.3,No,Single,2.5,2,11,0,4.4,100,100
18,Female,4,3.95,4.3,91,6.5,4.5,2.3,4.4,4.1,No,In a Relationship,4.2,0.2,15,2,2.9,100,100
19,Male,2,4,6.3,100,7,7,3.7,1.7,3.8,Yes,In a Relationship,3.5,1.6,11,1,3.1,100,100
20,Male,3,3.81,2.8,88,6.6,5.4,0.7,0.9,5.8,No,In a Relationship,1.9,1.1,6,1,5.7,100,96
20,Female,1,3.93,4,85,7.9,6.2,2.8,3.1,4.7,No,Single,2.1,0.3,14,2,3.7,100,83
21,Female,2,2.49,0.8,70,8.7,8,3.3,1.7,3.8,No,Single,4.6,0.8,11,1,1.8,71,85
22,Male,2,2.91,0.5,71,8,2.4,0,0,3.1,No,Single,3.8,1.2,9,1,1.6,67,91
20,Male,4,4,4.8,100,8.1,3.8,1.2,1.8,2.1,Yes,In a Relationship,2.6,0,15,3,5.7,100,98
21,Male,3,3.72,3.5,100,8.1,6.6,2.7,2.2,4,Yes,Single,4.4,1.8,22,2,2.3,100,100
28,Male,4,4,5.3,100,7.7,6.1,3.6,0.3,3.6,No,In a Relationship,3,0.5,14,1,4.3,100,98
18,Female,1,2.8,1.4,87,5.6,6.8,3.1,4.1,2.3,No,Single,4.4,0.5,16,1,7.2,100,84
26,Male,2,4,4.3,100,9,8,3.6,0.7,1.3,No,Single,4.7,1.7,13,4,3.9,100,100
21,Male,1,4,6.3,99,9.2,5.2,1.2,0.8,2.9,No,In a Relationship,1.7,0.7,19,3,3.9,100,94
19,Female,3,4,4.1,100,6.7,1.5,0.4,2.7,5.3,No,In a Relationship,2,1,15,1,5.2,100,100
20,Male,1,3.91,3.9,90,6.6,5.5,2.9,2.3,3.2,Yes,In a Relationship,4.2,1.1,9,2,5.5,100,91
21,Male,2,4,3.5,100,7.7,4.3,1,1.7,3.1,No,Single,3.1,0.4,15,2,4,100,93
26,Female,3,3.34,1.1,80,7.7,4.2,1.5,2.1,3.8,No,In a Relationship,2.1,0.7,14,1,3,97,95
26,Male,1,4,5.5,100,6.8,7.3,4.2,1,4,No,Single,6.7,1.2,10,2,4.9,100,100
28,Female,4,3.22,2.6,86,5.5,6.5,3.1,0.9,3.5,Yes,Single,3.8,1.2,18,0,0,100,88
22,Female,2,4,4.3,100,7.4,4.3,1.9,0.1,2.9,Yes,In a Relationship,4.5,1.7,6,1,4.6,100,97
28,Male,4,3.16,1.2,89,7.7,4.6,1.8,4,2,Yes,In a Relationship,4.2,1.8,14,3,7.7,89,88
22,Male,3,3.07,1.7,68,7.9,5.3,3.7,0,5,Yes,In a Relationship,2.9,2.4,10,3,5.7,85,78
18,Female,3,3.52,5.7,100,7.4,5.5,3.1,1.4,2.1,Yes,Single,4.7,0,4,0,4.6,100,100
21,Male,3,3.77,3,91,6.7,2.2,1,0,6.1,No,Single,2,2.1,13,0,4.5,99,89
24,Male,1,4,5.7,100,8.2,3.1,0,1.3,3.3,No,Single,2.5,0.9,10,1,8,100,92
25,Female,4,3.08,3.4,93,7.1,8.4,5.6,2.1,3.1,No,Single,6,1.9,9,2,1.9,94,92
19,Female,1,3.2,0.7,64,6.4,2.9,1,1.5,4.5,No,Single,2.7,1.5,7,1,2,80,99
27,Female,2,3.75,4.8,100,6.8,8.7,3.6,3.9,1.7,Yes,In a Relationship,5.1,0.6,22,2,4,100,100
23,Female,1,3.08,2.6,77,4.9,7.8,5.1,2.1,4.1,No,In a Relationship,4.9,2.7,1,0,3.1,96,93
27,Female,1,4,4.5,98,6.8,6.3,3,1.5,3.2,Yes,Single,4.4,2,1,0,4.8,100,99
24,Male,4,3.64,3.5,78,7.8,4.1,1.9,2.4,3.8,No,In a Relationship,3.4,1.6,15,2,2.7,100,93
19,Male,3,3.49,1.2,89,7.4,3.2,0.7,0.9,1.6,No,In a Relationship,3,3.4,14,4,5.4,83,78
25,Male,4,4,3.7,100,8.8,4,0.6,1.3,1.6,No,In a Relationship,1,0.2,5,3,1.9,100,100
19,Male,1,4,6.8,100,6.7,6,3.4,0,0,No,Single,5.8,1.2,9,1,2,100,100
24,Male,4,3.64,4.2,87,7.6,8,5,2.7,2.1,No,In a Relationship,6.9,1.8,15,2,5.6,94,100
21,Male,4,3.84,3.4,100,8,6.2,2.2,2,2,Yes,In a Relationship,3.8,0.1,11,0,2.5,100,100
20,Female,3,4,5.1,100,9.8,4.4,2,2.5,1.7,No,Single,2.4,0.5,16,2,0.4,100,100
27,Female,3,4,3.8,93,7.2,5.2,3.8,3.4,2.8,No,In a Relationship,4.6,2.2,12,0,4.2,100,100
26,Male,2,3.63,3.8,86,5.7,3,1.8,1.6,3.1,No,Single,5.3,0.7,9,2,3.8,89,79
19,Male,2,3.23,1.9,85,8,7.9,3.2,1.1,4,Yes,In a Relationship,5,2.1,5,2,3.2,99,87
27,Female,4,3.68,3.9,100,9.2,7,2.9,1.9,4.1,No,In a Relationship,4,0.6,12,2,4.9,100,99
28,Female,4,4,5.1,100,6.6,6,2.2,1.4,4.3,No,Single,4.2,3.2,9,2,6.5,100,100
26,Female,4,3.05,2.2,76,8,5.3,2.8,0.6,4.4,Yes,Single,4.1,0,17,2,2.8,93,95
27,Female,1,4,5.6,100,8.5,6.8,5.4,1.1,3.6,No,Single,4.6,2.2,17,1,5.5,100,100
28,Male,2,3.83,3.4,100,8.2,6.4,3.7,2.1,3.1,Yes,In a Relationship,3,1.5,11,3,2.2,100,100
21,Male,3,3.39,2.2,83,7.2,7.3,4.4,0.4,4.9,No,In a Relationship,3.9,0,12,1,7.9,97,90
21,Male,3,4,5,100,6.2,3,1.4,0,4.4,Yes,Single,3.2,1,10,1,2.1,100,91
23,Female,4,3.18,3.1,94,6.9,5.6,4.4,0,0,No,Single,5.6,0,9,0,3.9,89,97
25,Female,4,3.83,4.6,100,7.6,4.7,3.8,2.1,2.7,Yes,Single,2.6,1.6,7,5,2.1,100,97
22,Female,2,3.89,3.1,87,8.1,4.4,0.6,1.4,0,Yes,Single,3.9,0.6,12,5,5.8,100,95
18,Female,4,4,3.4,100,7.4,5.2,3.6,1.7,0,No,Single,2.8,0,11,1,4.8,100,100
27,Male,4,3.84,4.2,98,6.5,5.4,2,1.3,2,Yes,In a Relationship,4.5,1.4,19,4,4.6,100,95
25,Female,4,4,3.9,100,7.7,3,0.5,2,2.7,No,Single,4.1,1.3,10,4,4.1,100,100
23,Male,4,2.61,0.5,74,8,6.7,3,2.7,2.2,No,In a Relationship,4.9,3.3,24,2,1.8,80,81
19,Female,1,3.62,1.8,92,7.5,7,3.6,2.4,0,No,In a Relationship,3.9,2,21,3,3.4,100,91
28,Male,3,3.95,4.9,100,6,5.7,3,0,4.6,Yes,Single,4.8,0,8,2,2,98,100
23,Female,3,3.83,3.3,90,6.8,5.8,2.6,0.4,1.6,Yes,Single,5,0.7,12,0,5.1,100,100
20,Male,3,3.61,2.7,81,8.1,5.2,2.3,2,4,Yes,In a Relationship,5,2.3,4,3,3.2,100,87
25,Male,4,2.44,1.5,66,5.3,8.8,6.5,0.6,1.6,No,Single,6.8,0,10,6,2.5,77,75
18,Female,1,3.21,1.9,70,4.5,5.2,1,2.9,2,Yes,In a Relationship,5.5,0.4,14,4,3.3,80,91
21,Female,4,3.08,0.5,80,8.8,6.6,4.1,3.2,3.9,No,Single,3.3,1.2,13,0,0.9,86,93
20,Male,3,3.37,3.3,87,7.6,5.7,2.8,3.2,2.3,Yes,Single,3.1,0.7,8,1,1.6,97,82
20,Male,2,3.89,2.6,90,7.7,2.8,1.5,1.3,3.3,Yes,In a Relationship,4.1,2.8,12,2,3,100,99
28,Male,4,3.59,2.1,90,5.7,6,2.7,2.1,3.6,No,In a Relationship,5.2,1.4,15,0,2.4,84,100
28,Male,1,3.85,3.4,100,7.9,3,0.7,1.4,0.1,No,Single,2.9,1.2,11,1,2.1,100,80
20,Male,3,4,4,100,7.3,4.3,1.9,3.5,4,Yes,In a Relationship,2.2,0.3,19,1,6.3,97,100
19,Male,2,4,6.6,100,5.1,4.7,2.7,1.5,1.1,Yes,Single,5.2,0.1,12,2,6.2,100,100
21,Female,2,3.43,1.2,89,8.7,3.4,0.5,3.7,0.8,Yes,In a Relationship,3,1.3,4,4,3.5,81,94
23,Male,2,3.8,5.2,97,7.2,4.2,3.6,0,1.5,No,In a Relationship,4.9,1.1,4,1,3.2,100,91
24,Female,1,3.97,5,100,6.5,5.2,1.4,0.7,4.6,No,Single,4.3,0,10,2,2.7,100,100
18,Female,1,3.28,2.3,77,6.5,3.6,0.6,1.1,0,No,In a Relationship,5,1.4,6,1,2.4,85,88
19,Male,4,4,3.8,100,4.6,3.6,1.2,4.5,4.3,No,Single,4,1.3,4,4,5.5,100,89
19,Male,1,3.23,2.8,84,7.7,7.2,6.1,0,3.7,No,Single,4,0.9,10,1,4.8,90,74
18,Female,3,4,3.8,100,7.3,3.5,0,1.8,3.1,No,In a Relationship,2.1,2.4,16,4,3.2,100,93
26,Female,4,4,5.8,100,6.8,5.7,3.5,2.1,3.5,Yes,Single,3.7,1.2,10,3,0.7,100,86
20,Male,4,4,4.4,100,8.5,6.3,1.7,3,2.4,Yes,Single,3.1,1,14,1,1.8,100,96
24,Female,3,3.89,4.3,97,5.3,5.9,2.3,0.7,4.4,Yes,In a Relationship,3.7,2.3,19,3,3.1,100,92
22,Male,1,2.92,2.9,96,6.3,8.5,3.7,0,2.1,No,Single,4.6,1,14,0,8.2,90,83
27,Female,3,3.05,1.3,82,6,6.8,3.6,2.8,0,No,Single,5.4,0.8,7,3,2,85,83
19,Male,2,4,3.2,98,6.7,6.1,1.8,3,2.8,Yes,Single,3.2,0,12,2,4.5,99,100
19,Male,4,4,5.3,100,7.1,4.4,0.8,1.3,4.6,No,Single,3.2,1.3,10,1,0,100,99
18,Female,2,3.24,1.2,73,7.5,6.2,3.7,1.5,4,Yes,In a Relationship,5.9,2.1,15,2,3.7,86,75
24,Female,4,3.15,1.9,88,6.6,6.8,3.6,0,6.6,No,Single,3.6,0.8,13,3,4.7,82,89
19,Male,4,3.6,3.7,86,5.9,4.4,2.4,3.9,2.5,Yes,In a Relationship,3.7,0,11,4,4.8,100,100
24,Male,4,3.67,2,99,9,9,3.5,3,2.7,No,In a Relationship,4,2.2,12,1,3.2,98,100
20,Female,1,4,2.3,97,9.9,5,2.1,0.2,2.5,No,In a Relationship,2.1,2.3,10,2,8.7,100,100
23,Male,3,3.31,2.9,100,7.2,4.6,1.6,2.8,1.4,Yes,Single,3.7,1.8,4,0,2.6,100,96
18,Female,3,3.28,1.5,81,6.1,6.3,2.8,0,2.1,Yes,Single,3.9,1.3,2,0,1.4,90,100
18,Female,4,3.53,2,83,8.8,5.3,3.6,1.2,0.9,No,In a Relationship,3.1,1.6,16,1,5.5,93,90
26,Female,3,3.96,4.6,100,5.3,7.9,3.3,1.2,0,Yes,In a Relationship,4.6,0,17,2,2.6,100,100
24,Female,1,2.88,1.5,65,6.6,5.4,3.6,0,1.8,Yes,Single,4.1,0.6,13,3,3.6,100,84
21,Male,2,2.99,1.1,72,6.2,3.2,1.7,1.4,3,No,Single,2.9,1.9,17,2,6.6,92,78
22,Female,2,3.52,2.6,77,5.6,8,5.2,1.6,4.3,No,In a Relationship,6.5,1.5,21,3,3.1,100,97
24,Female,4,3.79,4.6,90,6.7,3.8,2.3,2.5,1.8,No,Single,4.6,2.1,10,1,0.4,100,87
21,Male,3,3.58,3.2,94,6,7.5,2.6,3.9,1.9,No,In a Relationship,5.5,2.7,8,2,5.3,100,88
23,Male,3,4,2.8,100,7,3.5,0.8,2.1,5.1,No,In a Relationship,1.5,0,16,2,3.6,100,97
21,Male,4,3.89,3.6,81,7,1.6,2.5,4.5,0.3,Yes,In a Relationship,4.2,1.7,19,0,2.5,100,89
22,Female,4,2.32,0.9,68,6.3,6.8,3.6,1.7,2.7,No,In a Relationship,5.1,0.9,9,3,5.2,81,77
19,Male,1,3.39,4.2,93,6.6,7.6,3.9,0.5,4.9,No,Single,5.9,0.8,19,1,3.1,98,87
22,Female,4,4,4.1,94,6.7,7.6,5.1,0.6,1.6,No,In a Relationship,4.6,3.7,10,0,4,100,100
25,Male,3,3.67,2.9,96,8,5,3.6,1.4,0,No,In a Relationship,3.4,0,13,0,3.2,94,96
21,Female,4,4,5,100,6.8,6.1,3.2,0.6,6.4,No,In a Relationship,3.8,1,10,1,2.2,100,100
21,Female,3,3.59,1.8,92,8,4.5,2.1,2.6,4.6,No,Single,2.4,1,13,1,3.2,100,92
18,Female,1,4,5.2,100,7.7,3.6,1.8,1.3,4.7,No,Single,4.8,1.2,7,4,3.2,100,100
21,Male,3,3.7,3.7,88,7.7,6,4.3,1.9,2.8,No,In a Relationship,5,0,17,2,2.5,100,83
27,Female,3,3.98,3,92,8.7,7.4,4.2,0.2,4.3,No,In a Relationship,3.5,0.2,4,2,6.7,100,93
24,Female,1,4,3.5,83,5.7,5.3,1.2,2.5,0,No,In a Relationship,4.2,1.2,7,2,2.7,96,99
20,Female,4,3.51,3.3,86,6.4,7.5,3.9,0.7,2.1,Yes,Single,4.8,0,18,0,7.4,100,84
28,Male,2,4,5.3,100,9.1,4.7,3.8,3,4.9,No,In a Relationship,1.5,2.2,23,3,5.2,100,96
19,Female,1,3.53,1.9,80,6.7,4.8,1.1,0.7,0.2,Yes,Single,4.1,1.8,9,1,3.3,92,97
28,Male,2,3.19,2.4,97,3.6,7.5,3.6,0.6,2.3,Yes,In a Relationship,5.2,0,20,2,2.9,90,98
24,Male,1,4,5.1,100,6.8,5.9,1.2,0.3,3.6,No,In a Relationship,4,1,18,1,3.3,100,95
19,Male,3,3.51,2.6,94,7.2,1.9,0,0,1.4,No,Single,2.3,1.6,14,1,4.3,100,100
25,Female,2,4,4.9,100,3.9,5.5,2.6,3.2,3,No,Single,5.8,0,10,2,5.8,100,100
18,Male,4,4,6,100,8.6,6.9,3.2,3.2,3.8,Yes,In a Relationship,4.1,0,19,2,7.8,100,95
23,Male,1,3.24,2.9,92,6.1,5,2.6,2.6,3.6,Yes,Single,4.3,0.2,11,5,2.1,83,92
18,Male,4,3.59,4.5,100,7.4,10.8,7.1,1.1,2.2,Yes,Single,7.1,3.9,14,1,2.6,100,100
23,Male,4,3.05,1.8,87,6.7,6.4,3.4,0,1.3,Yes,In a Relationship,2.9,2.3,1,0,1.3,78,96
19,Male,1,3.8,4.6,81,5.5,5,3,2.6,3.8,No,Single,5,0.6,10,3,1.8,100,95
19,Male,1,4,3.8,98,5.7,5.5,3.4,0.3,3.7,Yes,In a Relationship,4.6,0,9,1,4.7,100,100
22,Female,3,3.63,4.2,90,5.9,6.6,2.1,0.5,3.6,No,In a Relationship,4,0.4,13,1,3.6,100,100
27,Female,3,3.22,2.5,81,8.3,6,4.2,1.5,3.2,No,In a Relationship,3.2,2.7,10,5,4.1,93,77
18,Male,1,2.61,1,82,6.8,4.9,3.3,2.5,3.7,Yes,Single,2.8,3.2,9,2,6.6,84,75
22,Female,4,3.36,4.3,81,6.4,6.7,3.3,2.4,4.8,No,In a Relationship,5,0.4,12,0,5.6,100,81
25,Male,2,2.63,0.5,85,5.9,4.9,1.9,2.6,3.6,Yes,In a Relationship,4.8,1.5,8,0,6.1,74,77
20,Female,4,4,3,100,8.4,1.9,0.5,0,3.2,No,Single,4.4,0.9,4,1,3.9,100,92
19,Male,1,3.9,4.9,100,8.8,4.4,2,1.3,1.9,No,In a Relationship,5.3,2.5,10,0,2.6,100,97
21,Male,4,4,3.8,100,8.4,5.2,3.2,2.1,5.8,No,In a Relationship,1.6,0.1,11,1,1.5,100,100
19,Female,2,4,6.4,100,7.6,4.3,2.1,0,0.8,No,In a Relationship,3.9,2.2,16,2,3,100,97
28,Male,1,4,5,100,7.3,9.2,3.2,1.4,2.6,No,Single,4.5,0,11,0,4,100,97
23,Male,4,3.22,2.5,90,5.5,5.1,2.5,1.5,2,No,In a Relationship,5.6,2.1,14,1,2.4,100,93
18,Female,3,3.87,3.5,83,6.7,5.3,3.4,0,0,Yes,Single,6.4,0.3,8,1,3,100,99
19,Female,2,3.96,3.4,100,6.2,6.7,1.3,1.9,3.7,Yes,Single,2.6,0.9,12,2,1.3,100,99
26,Female,3,2.45,1.1,76,4.8,7.2,3.1,2.4,2.6,Yes,Single,4.5,0.6,3,1,2.7,78,81
23,Female,1,3.59,2.1,99,8.3,5.7,1.8,1.1,3.1,Yes,Single,4.6,3.2,9,2,4.9,97,79
24,Male,3,3.73,2.7,92,6.2,2.5,0.5,3.4,2.6,Yes,Single,1.8,2.2,1,0,3,90,99
21,Male,1,2.96,0.5,78,8.4,7,2.6,2.6,4.5,Yes,Single,2.1,0.8,6,2,6.4,80,88
21,Male,3,3.56,3.6,84,8.1,9.1,5.1,0.8,4.8,No,Single,4.7,0.4,6,1,4.6,100,100
28,Male,3,4,3.1,96,7.7,3.8,0.6,2.2,0.8,Yes,In a Relationship,5.4,2.5,15,1,4.9,100,100
20,Male,3,3.23,1,81,7.7,3.9,3,0,6.5,No,Single,1.5,0,14,2,6.1,100,93
19,Female,2,3.93,4.1,99,6.3,7,4,3.6,2.5,No,In a Relationship,5,1.7,17,5,2.2,100,86
26,Male,1,4,4.6,100,9.2,11.4,6.3,2.1,4.2,Yes,Single,5,0.2,5,2,4.5,100,91
27,Male,1,4,3.8,100,7.1,5.4,2.1,2,3.4,Yes,Single,5.1,3.5,16,2,5.5,100,100
26,Female,4,4,3,91,7.4,4.4,1.9,0.5,3.2,No,Single,4,3.9,9,3,2.8,100,100
24,Male,2,3.97,4.4,100,6.2,3.7,1,0,4.1,No,Single,1.6,1.2,21,2,0,100,96
22,Male,2,3.33,4.5,90,5.9,7.3,4.5,2.7,5.6,Yes,In a Relationship,3.3,0.8,11,0,0.7,100,85
28,Male,4,4,4,100,7.6,3.5,1.5,2.1,4.6,No,In a Relationship,4.4,1.3,20,2,2.2,100,98
24,Male,4,3.88,2.3,81,7.3,5.2,2.2,1.9,2.5,No,Single,4.3,0.6,26,0,3.3,100,84
20,Male,2,4,3.9,96,6.1,4.7,0,2.4,2.8,Yes,In a Relationship,2.2,0.4,14,1,5.9,100,92
21,Male,1,3.53,5.3,91,5.3,8.7,4.1,0.8,1.9,No,Single,5.9,1.4,21,1,6.1,100,98
24,Male,2,3.26,2.6,81,5.5,6.6,4.5,1.3,4.4,No,Single,5.3,1.8,10,2,4.3,99,78
23,Male,2,4,6.6,100,8.4,8.6,4.1,1.6,4.2,No,In a Relationship,1.4,1.3,19,0,4.3,100,100
25,Female,4,3.88,2.7,100,6.3,4.3,0.4,0.3,2.3,No,In a Relationship,1.4,1.5,12,1,2.6,100,99
27,Female,2,3.11,3.5,90,6.6,7.5,3.7,2.1,5.7,No,Single,4.3,0.6,15,1,5.2,100,92
20,Male,3,3.61,2.5,93,8.7,3.8,0.3,1.2,5.1,No,Single,4.1,0.3,15,1,3.9,100,93
20,Female,4,3.99,3.8,71,5.7,4.8,2.9,1.3,6.6,Yes,In a Relationship,4.1,0.3,11,2,1.2,100,94
24,Male,4,2.66,0.9,74,6.1,5.6,3.1,1.7,1.4,Yes,Single,2.4,2,5,0,4.9,94,74
23,Male,1,3.54,2.7,85,6.1,7.3,3.3,1.6,2.8,Yes,Single,3,1.3,5,2,6,100,100
27,Male,1,3.54,1.9,84,8.9,5.2,3.6,1.6,2.6,Yes,In a Relationship,4.4,1.4,18,0,6.6,100,94
20,Male,3,3.85,3.7,100,9.4,4.6,2.8,0,8.2,No,In a Relationship,2.9,1.5,13,1,7.5,100,100
18,Female,1,4,5,100,7.9,3.4,0,1.2,3,No,In a Relationship,2.4,1.1,17,2,2.2,100,100
24,Male,4,3.92,4.5,97,7.9,5.7,3.6,1.5,5.5,No,Single,3.1,1.3,9,2,6,100,95
25,Male,3,2.72,0.5,63,6.3,6.9,2.9,0.2,5.1,Yes,Single,4.7,2.5,10,5,2.8,76,71
22,Male,3,4,6.6,100,9.3,3.5,1.4,0.6,2.8,No,Single,3.8,2,10,0,0.7,100,100
27,Male,2,4,3.9,98,7.3,3.7,0.4,3.8,3.1,Yes,In a Relationship,3.7,1,4,1,0,100,100
22,Female,2,3.97,2.3,85,8,8.5,5.1,2.3,4,Yes,In a Relationship,3.5,0.7,10,1,4.6,100,89
27,Female,2,3.21,3.7,74,6.9,7,4.6,1.3,5.5,No,In a Relationship,5.2,2.2,10,1,6.2,97,85
19,Female,1,3.77,3.8,91,6.7,6.6,3.9,0.4,2.7,No,In a Relationship,4.3,1.5,12,1,2.8,100,91
25,Male,4,4,2.5,98,9,4,1.8,1.4,2,No,Single,2.6,0.9,11,2,4.8,100,97
23,Female,3,3.84,3.8,94,7.6,3,0,4.2,4.9,Yes,In a Relationship,1.7,0,19,0,1.8,100,97
19,Male,3,3.48,2.6,86,8.7,5.7,3.9,1.1,0.7,No,In a Relationship,4.4,2.9,9,2,6.8,100,89
18,Male,3,3.61,2.9,80,7.3,6.1,3.4,1.3,3.5,No,Single,4.7,0.1,16,1,3,100,100
25,Male,1,3.13,2.5,63,6,6.1,2.2,0,5.1,Yes,In a Relationship,1.7,1.5,14,1,2,93,79
23,Male,2,2.77,1.4,67,6.3,6.1,4.5,0.2,3.9,Yes,In a Relationship,4.1,3,12,6,5.1,90,76
28,Male,3,2.86,3.7,83,7.1,6.5,4.1,1.2,1.9,No,Single,4.3,0.9,16,3,4.4,92,81
23,Male,2,3.62,4.4,100,6.2,6.7,3.1,1.8,1,No,In a Relationship,5.9,1.2,10,5,4.1,100,100
27,Male,3,3.5,4.3,100,5.7,3.4,2.9,4.3,5.4,No,In a Relationship,3.2,2.1,9,1,3.6,100,100
28,Female,4,4,4.7,96,8.4,8.1,2.9,0.9,2.6,Yes,Single,3.4,0,10,2,5.7,100,100
20,Male,4,3.13,4,100,6.3,8.1,3.8,1.3,1.2,No,In a Relationship,5.9,0,13,3,3.3,97,89
23,Female,4,3.6,2.7,96,7.2,2.7,1.5,2,5.3,No,In a Relationship,3.1,0.8,3,1,4.9,100,92
20,Male,1,4,4.8,100,7.4,3.9,3.4,1.2,4.6,No,In a Relationship,5.4,1.3,11,1,2.2,100,100
26,Female,3,3.17,1.5,83,6.3,4.4,1.4,2.1,0.9,Yes,Single,4,1.3,15,0,3.8,100,84
18,Male,3,3.4,2.1,75,8.7,6.5,4.8,3,8,No,In a Relationship,5.2,2.6,12,2,0.5,93,93
28,Male,2,2.88,2.1,59,5.7,7.8,3.6,3.8,1.9,Yes,Single,7.1,0.3,13,1,4,86,84
27,Female,3,3.87,5.1,100,7.3,5.3,1.8,0,4.6,No,In a Relationship,3.7,1.1,14,3,4.1,100,99
24,Male,3,4,4.9,92,7.3,6,2.9,0,7,No,In a Relationship,3.6,2.7,12,1,3,100,100
19,Male,3,3.47,4.2,98,6.9,3.8,1.5,1,4.8,No,Single,3.8,0.9,4,2,2.7,99,94
19,Female,4,3.78,5.1,100,5.4,10,5.1,1.9,3.5,Yes,Single,6.3,3.2,19,1,5.9,100,100
26,Female,4,2.81,2.2,65,8,9.1,5.2,0.8,0.1,No,Single,5.4,1,25,1,2.1,92,90
26,Female,2,3.77,4,98,7.9,7.5,3.8,1.1,7.1,Yes,In a Relationship,4.5,0.5,20,1,3.4,89,98
24,Female,3,3.32,3.3,92,6.2,9.5,5.1,2,4.7,No,In a Relationship,5.4,1.2,11,1,4.7,100,89
26,Male,3,4,4.8,87,7.8,4.8,3,0,0.2,No,Single,5.8,1.5,8,1,2.8,92,89
20,Female,2,3.74,3.3,96,7.4,8.4,3.9,0,6.1,No,In a Relationship,2.3,0.8,20,0,3.3,96,100
21,Female,2,3.19,2.9,97,5.5,7.3,4.6,2.7,3.1,Yes,Single,5.5,1.6,13,2,4.7,96,97
18,Female,4,3.23,4.3,94,6,6.2,2.8,0.6,2.4,Yes,Single,5.6,1.1,17,0,2.1,100,87
26,Female,2,4,4.8,100,8.4,5.7,2.9,3.7,1.9,No,Single,2.7,2.5,7,0,5.2,100,96
28,Male,1,2.93,2.5,76,7.4,4.9,4.2,1.8,3.3,No,Single,4.9,1.7,15,2,5.1,81,79
24,Male,4,3.17,3.4,96,6.3,7.9,3.8,3.7,4.6,Yes,Single,5,1.2,14,4,5.5,93,96
20,Male,1,2.91,1.9,86,6,2.5,1.7,3.2,2,No,Single,5.9,0.9,19,0,3.5,81,95
20,Female,2,3.33,0.5,78,6.4,1.8,0,1.1,3.3,No,In a Relationship,2.8,2,16,0,5.6,92,82
18,Female,2,3.81,3.8,96,6.5,5,2.5,0,9.8,Yes,Single,3,1.2,13,1,4.1,100,91
25,Female,1,4,4.4,100,6,1,0,2.1,4,No,In a Relationship,2.5,0.7,21,2,2.8,100,99
21,Male,4,3.46,3.9,94,4.9,3,1.3,1.1,4.9,Yes,Single,3.7,0.5,11,0,4.4,100,99
24,Male,4,2.95,0.6,70,8.4,4.8,1.5,1.3,1.1,No,In a Relationship,5.1,1.9,20,3,2.2,80,87
18,Male,3,4,3,92,8.2,4.5,1.9,1.1,0.3,No,In a Relationship,3.8,0.7,15,2,5,100,100
26,Male,1,2.52,0.5,66,5.5,6.7,4,0,5.9,Yes,Single,3.8,0.9,16,1,4.7,82,62
22,Female,2,3.88,5.6,95,7.2,6.3,4.4,2.1,5.4,No,In a Relationship,4,1.8,27,1,3.1,100,95
21,Male,2,2.99,1.9,77,5.9,6.7,3.6,0.5,6.4,No,Single,3.6,2.3,1,1,4.2,93,93
27,Male,3,4,5.4,100,6.7,6.3,3.7,0.4,2.8,No,In a Relationship,4.1,1.8,5,3,3.6,100,100
27,Male,1,4,4.9,96,6.6,4.8,3.8,1.2,5.5,No,In a Relationship,3.6,2.1,18,0,5.7,100,98
24,Male,2,2.98,2.1,91,6.5,2.8,0,2.9,0,No,Single,3.2,1.9,17,5,4.4,73,84
19,Male,1,3.58,1.8,91,9.4,4.3,2.8,1.3,4.1,No,Single,1.8,1.2,13,1,5.5,100,88
18,Female,3,3.9,4,95,6.5,4.2,0.1,0.2,5.1,Yes,Single,2.8,1.6,18,4,3.7,91,100
27,Female,3,3.16,2.2,81,6,6.1,3.6,1.7,1.6,No,In a Relationship,4,3,6,1,9,96,96
27,Male,3,3.7,3.7,100,6.1,6,0,3.2,5.1,Yes,In a Relationship,4,1,22,2,6.8,100,99
22,Male,1,3.36,2.8,83,8.3,6.7,2.5,2.6,2.6,No,Single,3.3,0.1,19,1,2,99,75
20,Female,2,2.13,0.8,55,5,6.4,3.6,0,2.8,No,In a Relationship,5.5,0,20,6,5.5,78,75
18,Male,4,2.65,0.5,66,6.1,4.8,1.1,1.8,2.5,No,In a Relationship,4.2,3.1,4,2,3.4,82,76
22,Female,2,4,3.8,100,8.7,4.7,4.2,3.1,6.2,No,In a Relationship,1.6,3.2,17,1,4,100,100
18,Male,3,3.34,2.7,83,7.3,7.8,3.6,1.7,2.1,Yes,In a Relationship,4.2,0.2,12,2,3.3,100,91
27,Female,3,3.42,2.7,77,7.2,5.4,3.4,0,1.8,Yes,Single,6.2,2.5,24,5,4.7,86,99
26,Female,2,4,4.5,100,9.6,6.9,3.8,0,1.3,Yes,Single,3.1,2.2,13,0,1.2,100,100
21,Male,2,4,5.3,98,7.3,4.4,2.3,0.3,2.3,No,In a Relationship,6.2,1.8,8,3,2.9,100,99
18,Female,4,3.67,3.1,87,6.2,5.3,3,0,3.4,No,In a Relationship,4.9,1.7,15,2,2.8,100,94
18,Male,1,3.28,3,95,6.7,5.6,2.8,0,4.3,No,Single,4.4,0.5,4,1,3.2,95,100
21,Female,3,3.65,4.3,100,5.6,5.9,2.8,0,1.5,No,In a Relationship,5.1,1.3,17,4,0.3,100,93
27,Female,1,3.29,1.5,87,8.5,4.8,1.8,1.2,3.7,No,Single,4.1,1.5,10,3,2.8,93,96
20,Male,2,3.96,3.8,95,7.7,3.9,0.9,0.8,4.2,No,In a Relationship,3.9,1.3,11,2,3.7,100,100
27,Female,4,4,4.3,100,8.3,3.3,2.3,1.3,1.1,Yes,Single,3.8,1.1,13,3,2.7,100,100
25,Female,3,4,4.5,100,8.5,8,2.2,2.2,3.1,No,In a Relationship,2.9,2.5,10,3,3.1,100,100
25,Female,2,3.34,0.6,77,6.5,5,1.7,0,2.8,No,Single,2.4,2.2,20,2,4.3,87,89
23,Female,4,3.62,2.4,91,5.9,7.6,4.1,3.6,3.1,Yes,In a Relationship,5.8,2.1,11,1,6.4,87,100
28,Male,4,3.32,2.2,78,6.9,3.6,1,2.7,1.9,No,In a Relationship,3.7,2.1,15,0,5.4,96,91
26,Male,2,3.3,3.6,95,6,4.5,2.5,0,2.7,No,Single,3.5,1.4,15,1,5.1,100,97
26,Male,4,4,4.2,96,7.2,7.7,4.5,1.9,3.1,No,In a Relationship,4.1,2.4,12,2,8.1,100,99
21,Female,4,4,5.7,100,8.4,7.5,4.2,0.8,6.7,Yes,In a Relationship,3.3,0,8,2,4,100,100
20,Male,4,3.44,2.8,98,6.8,9.2,4.6,1.7,3.1,No,In a Relationship,3.9,1.3,1,2,5.8,88,92
19,Female,4,3.94,2.8,100,7.2,7.4,1.9,2,5.7,No,Single,3.1,1.9,18,2,4.3,100,100
21,Female,2,4,5.2,100,6.9,8.8,4,0.8,5.8,No,In a Relationship,2.4,1.7,7,2,1.3,100,87
22,Female,3,4,3.9,96,8,2.1,1.2,1.1,0.4,No,Single,3.1,1.6,22,1,4.5,94,100
24,Female,4,4,5.4,100,6.2,4.8,2.4,0.7,2.4,No,In a Relationship,3.1,2.1,9,2,4.5,100,96
28,Female,1,3.45,3.9,97,4.4,5.9,2.5,1.8,5.8,No,Single,4.5,2.6,18,3,1.7,88,92
27,Male,2,3.11,1.8,74,7.6,4.4,1.9,1.3,3.4,Yes,In a Relationship,2.4,0.1,13,2,1.5,93,80
22,Female,4,3.61,1.5,80,8.2,5.2,2.3,1.9,2.8,No,Single,2.9,1.5,20,1,4.3,94,90
28,Female,3,3.27,1.2,73,7.5,2.5,2.1,1.1,4.5,Yes,In a Relationship,5.6,0.5,14,1,2.1,92,98
24,Female,4,4,4.5,92,6.2,5.4,1.3,0,5.1,No,In a Relationship,4.2,2.3,14,4,6.3,100,99
21,Male,2,3.88,5.3,100,5.6,4.8,4.1,1.3,2.9,No,In a Relationship,5.7,1.9,6,2,4.2,100,92
25,Female,2,4,6.3,100,7.6,3.6,2.5,2.3,2.4,No,Single,5.2,0.2,16,2,2.8,100,100
25,Female,1,3.95,4.8,100,7.2,4.9,3.1,2.8,0,No,Single,5.2,1.2,17,1,5.7,100,100
24,Female,1,4,5.2,100,6.8,5.9,3,0,3.1,No,Single,2.8,0,13,3,1.6,100,98
23,Male,1,4,2.6,88,9.2,4,2.9,1.5,2.2,Yes,Single,2.2,2.1,18,4,5.6,100,100
26,Female,1,3.52,1.8,74,5.9,4.6,2.9,2.9,1,No,Single,2.2,0.7,14,1,7,98,76
21,Male,1,3.97,4.8,100,9.1,6.7,2.3,0.8,2.6,No,In a Relationship,3.4,0.1,18,3,4.1,100,92
26,Male,3,3.73,4.1,89,7,7.8,4.9,3.1,2.2,No,In a Relationship,4,0.9,13,0,2.7,100,98
23,Female,4,3.13,3.7,83,4.8,7.4,3.9,0,3.3,Yes,In a Relationship,4.6,1.8,18,3,6,89,77
20,Male,2,4,4.1,100,6.8,4.3,2.8,0.2,2.4,No,In a Relationship,3.9,1.5,13,0,6.3,100,100
22,Female,3,3.77,4,92,8.2,5,2.1,0,3.9,No,In a Relationship,2.6,0.7,22,0,3.4,100,91
20,Female,3,4,5.4,100,6.6,5.4,2.6,1.6,3.3,Yes,In a Relationship,4,1.1,10,2,3.2,100,93
25,Female,1,3.68,5.4,97,5.2,5.4,3.4,1,5.5,No,In a Relationship,4.2,0.9,12,3,4.2,100,99
25,Male,1,3.37,4.3,88,6.8,7.9,5,3,1.9,No,Single,4.9,0.3,9,1,1.8,100,95
25,Female,2,3.9,4.8,100,6,1.4,0.7,2.7,6.6,No,Single,1.3,0,10,2,7.6,100,100
19,Female,2,3.8,4.3,100,7.6,7.3,3.8,0.9,5.1,Yes,In a Relationship,4.1,1.2,9,0,4.8,100,100
27,Female,3,3.51,2.8,88,7.9,7,4.5,2.4,6,No,Single,6,1.8,22,3,1.1,91,95
19,Male,3,4,4.6,100,5.7,3.3,0.6,0.4,3.5,Yes,Single,3.8,1.2,22,1,0,100,100
22,Male,3,2.83,1.4,83,6.2,6.5,2.5,2.6,2.4,No,In a Relationship,6.6,3.2,11,1,0,80,78
18,Male,4,4,5.1,100,7.9,4.7,1.2,0,1.9,Yes,In a Relationship,2.8,0.6,19,1,6,100,91
19,Female,1,2.97,1.7,76,6,6,3.4,4.9,6.5,No,In a Relationship,3.7,1.2,11,1,2.6,86,74
24,Male,1,3.47,3.9,99,5.7,4,2.3,2.2,5.2,No,In a Relationship,3.9,1.7,14,2,0.2,97,100
19,Male,4,3.43,2.2,80,5.6,7.2,2.6,3.7,1,No,Single,4.7,1.6,20,1,2.4,100,85
18,Male,1,3.92,4.3,100,7.4,3.6,2.2,2.5,5,Yes,In a Relationship,4.5,0.9,11,1,5.4,100,94
21,Female,4,3.66,3.4,99,7.4,7.7,3.9,0.5,1.3,No,In a Relationship,2.5,1.1,7,0,6.4,100,96
21,Female,1,3.39,1.1,78,6.2,4.2,3.1,0,3.6,Yes,In a Relationship,3.9,1.1,14,3,4.3,86,84
22,Male,4,3.92,4.1,87,7,7.2,3.1,0.5,4.7,No,In a Relationship,5.5,1.9,8,4,0.3,99,92
21,Male,2,4,2.6,86,8.8,7.2,3,2.4,5.9,No,Single,2.4,0.5,12,0,5.9,100,94
19,Male,3,3.75,4.8,100,5.8,4.4,3.7,0,3.5,No,Single,5.7,0,14,0,2.5,100,100
18,Male,3,3.35,3.5,72,4.7,5.9,2.4,4,2.7,No,Single,5.4,0.9,15,2,8.8,100,96
20,Female,3,3.5,4.1,95,7.5,8.8,5.4,1.2,3.1,No,Single,4.8,2.9,15,0,1.8,100,88
24,Male,3,3.76,2.1,89,6.9,4.7,0.9,4.5,5.1,No,Single,3.2,2,14,3,4.4,100,82
27,Male,1,3.55,2.6,100,6.1,3.6,0.2,0.7,4.6,Yes,Single,2.9,0,16,0,2.7,100,99
19,Male,4,3.72,2.8,98,7.8,1.9,0.1,2.3,3,No,Single,1,1.9,20,1,5.9,100,86
20,Male,3,4,4.8,100,8,2.7,0,2.2,0,No,In a Relationship,3.7,1.4,16,3,3.4,100,98
23,Male,4,4,6,100,4.4,8.8,3.8,0,0,No,Single,5.4,0.8,17,2,3.8,100,100
20,Female,2,3.85,2.3,79,6.2,5.3,3.6,2,3.5,No,Single,3.2,0.1,8,4,4.6,99,100
20,Female,3,4,5.1,100,9.8,8,4.6,2.2,0.6,No,Single,4.7,0.4,13,2,0,100,89
24,Male,4,3,0.5,77,7.7,5.6,1.2,2.5,1.9,Yes,In a Relationship,3.7,0.6,14,1,5.6,88,90
20,Female,4,3.42,1.7,85,7.8,5.7,3.9,3.2,2.5,No,In a Relationship,5.3,3,24,1,5.7,84,78
20,Male,2,3.52,2.1,78,8.4,4.2,2.9,0,7.2,Yes,In a Relationship,2.5,1.8,1,4,3.1,99,88
27,Female,1,2.73,1.5,85,7,4.5,3,2.2,3.2,No,In a Relationship,5,0.5,16,1,5.8,78,85
24,Female,2,3.08,1.1,72,8,7.2,3.7,0,4.4,No,Single,3.8,0.7,15,3,3.3,83,78
22,Female,2,4,4.1,100,7.9,3.2,1.7,0.2,4,No,In a Relationship,3.5,1.2,16,0,1.2,100,100
27,Male,4,3.08,3.2,72,7.6,9.5,6.7,0.1,0,No,In a Relationship,6.4,0.8,5,0,0,92,82
25,Female,4,3.71,4.1,86,6.6,9.4,4.8,1.8,2.2,No,In a Relationship,3.8,1.2,13,1,6,100,94
20,Male,4,3.96,4.5,86,7.2,4.9,2,2.4,0.6,Yes,Single,4.5,1.1,21,3,0.3,100,97
25,Male,4,4,3.9,100,6.3,3.3,1.2,1.1,6.5,No,Single,3.1,1.3,6,3,3.1,100,100
23,Female,1,3.75,4.5,90,7,5.9,2.7,1.4,0,No,Single,4.4,0,16,1,3.9,100,100
22,Male,1,3.51,3.4,95,5.6,6,3.1,0,2.2,No,In a Relationship,5,2,9,0,2.4,100,91
26,Female,4,2.9,1.7,81,6.1,7.9,4.4,1.9,2.5,Yes,In a Relationship,7.7,0.6,20,2,2.7,90,80
28,Male,2,4,5.1,100,6.7,5.9,1,0.9,1,No,Single,1.9,2.1,16,2,0,98,100
19,Male,3,3.23,2.6,90,5.9,6.7,3.2,0.1,3.2,No,In a Relationship,4.4,3.4,14,2,3.3,93,87
24,Male,2,3.47,2.1,78,6.4,5.9,0.5,0,2.9,No,In a Relationship,4.2,0,8,1,5.5,100,91
23,Male,4,3.79,3.2,82,6.8,7,3.5,0.2,3.3,No,Single,3.1,1.3,11,2,1.5,89,100
19,Female,3,3.09,2.1,72,7.5,4.7,2.6,1.2,4,No,In a Relationship,4,0.8,10,2,4.1,80,88
20,Male,2,3.33,2.9,90,8.1,11.4,5.7,2.2,3.5,No,Single,5,1.6,8,2,4.8,100,90
28,Female,3,3.92,4,84,6.4,3.4,0.5,0.2,3.8,No,Single,1.6,0,11,2,4.6,100,89
27,Female,1,4,4,99,8.6,6.6,4.9,1,5.2,Yes,Single,3.3,0.8,2,1,3.6,100,85
20,Male,3,3.49,2.2,90,8.1,6,0.2,3.4,0,No,Single,5,0.4,16,0,2,99,92
18,Female,4,3.88,2.8,100,7.6,2.9,0.8,3,4.4,No,In a Relationship,1.2,2.8,10,2,0,99,100
24,Female,1,4,5.1,100,7.2,2.4,0.3,0.8,0.9,No,Single,3,3.1,8,2,7.3,98,100
21,Male,4,3.68,4.2,100,7.4,5.5,3.2,0.9,1.7,Yes,Single,4.2,0.9,5,1,0.6,99,100
26,Female,1,4,6.6,100,8.4,4.2,1,3.9,3.2,Yes,Single,2.8,0.1,14,5,2.2,100,95
25,Male,2,3.65,5.3,100,8.5,4.9,0.8,1.7,3.8,No,In a Relationship,2.2,0.4,22,2,3.4,100,98
22,Male,3,4,5.2,100,8.6,2.9,3.1,1.1,4.1,No,Single,3.5,1.2,10,2,2.4,100,100
19,Female,1,3.04,1.4,80,7,7.6,3.5,1.4,1.1,No,In a Relationship,4.7,0,19,2,6.5,89,88
25,Female,2,4,4.6,100,7.7,5.2,2.9,0.3,6.3,No,In a Relationship,3.9,1.7,15,2,5.3,95,100
21,Female,4,3.23,3.4,88,8.6,5.1,2.6,0,2.2,Yes,In a Relationship,4.4,1,11,4,3.1,100,91
23,Female,4,2.97,2.7,85,6.3,10.6,5.5,1.1,1.6,Yes,In a Relationship,6.1,1.6,22,3,1.7,91,78
22,Female,2,3.95,3.8,100,6.6,6.3,3,3.1,0.5,No,Single,5,1.6,3,4,2.9,100,93
22,Male,1,4,4.9,92,7,7.5,4,1.2,0.3,Yes,Single,3.5,2.6,13,1,4.5,100,100
18,Female,1,4,4.3,100,8.1,5.9,3,1.2,0.2,Yes,Single,4.4,1.8,10,2,5.9,100,100
23,Female,2,3.95,2.2,75,8.1,5.1,1.2,2.3,3.6,No,In a Relationship,4,1.5,14,1,0,100,94
18,Female,2,4,4.6,86,6.7,8.5,3.6,1.7,4.2,No,Single,2.6,1.4,6,2,4.6,100,93
27,Female,2,3.4,2.5,84,5.2,1.8,1.8,0,1.3,No,In a Relationship,3.3,0,16,6,0.9,100,93
21,Male,1,4,3.8,100,7.3,7,2.7,1.9,0.7,No,In a Relationship,5.9,1.4,4,1,6.6,94,100
28,Male,2,4,3,100,5.9,8.2,3.3,0,2.6,Yes,Single,3.2,1.8,15,3,6.4,100,100
19,Female,2,3.7,3.2,90,5.2,3.6,0,3.1,3.2,No,Single,3.4,1.1,9,6,3.6,100,82
22,Male,1,3.84,4.6,95,5.5,2.6,0.4,2.2,3.5,Yes,In a Relationship,3,2.9,14,0,4,100,96
23,Female,4,3.23,1.9,87,7.4,5.8,4.2,2.1,1.1,No,In a Relationship,6.3,0,8,2,5.9,76,92
28,Male,3,4,6.4,100,8.6,7.6,1.8,4.2,2.7,No,Single,3.5,0.5,8,1,3.9,100,97
18,Female,2,2.86,0.8,73,7,3.8,1.9,0.1,6.1,No,In a Relationship,3.9,0.6,20,3,2.7,93,89
28,Male,2,3.41,2.6,81,7.3,7.8,3,2.4,0.6,Yes,In a Relationship,4.6,1.2,21,2,3.1,95,96
20,Female,2,3.81,4.1,100,8.4,5.7,2.2,1.7,2.9,No,Single,5.4,0.6,6,1,4.4,100,90
23,Female,3,3.65,4.4,100,5.1,8.9,3.4,2.2,4,No,In a Relationship,4,0,13,1,2,99,100
18,Female,2,3.35,3.3,72,7.6,5.3,2.7,0.9,1.1,No,Single,4.5,0.8,16,5,4.3,100,84
28,Female,1,3.56,3.4,94,7,4.2,3.1,2.2,4.2,No,Single,5.2,2.2,12,5,6,100,99
20,Male,1,3.89,4.1,100,7.7,4.7,1.7,1.4,0.3,Yes,Single,5.4,2,12,2,5.3,100,100
24,Female,2,3.89,3.2,89,6.4,4.3,3.1,2.8,4.3,No,In a Relationship,3.9,0.5,16,4,9.4,100,94
28,Female,2,3.81,5.6,100,6,10.7,4.5,1.9,3.1,No,Single,3.1,0.8,15,2,3.1,100,100
19,Female,4,4,4.8,100,7.2,5.7,1.9,2.7,0.2,No,In a Relationship,3.8,0.4,10,1,5.9,100,100
26,Female,1,4,4.8,100,9,8.1,4.2,0.6,4.4,No,In a Relationship,5.4,0,15,2,1.6,100,100
25,Female,4,3.07,2.1,69,8,6.6,2.7,0.9,1.2,No,Single,3.3,1.6,11,4,4.8,88,90
27,Female,2,3.37,3.4,82,6.4,6.1,3.9,0,2.7,No,Single,5.1,0,10,0,6.3,93,85
25,Male,4,3.53,3,99,5.4,5.8,3,3.2,4.3,No,In a Relationship,4.1,1.9,8,2,4.1,100,100
23,Female,3,2.59,2,69,5,5.8,2.7,3.8,1.1,Yes,Single,5,3,8,1,2.2,88,79
22,Female,2,4,4,99,8.6,8.6,3.3,0.5,1.9,No,In a Relationship,5.2,1.6,13,4,1.4,100,100
22,Male,1,3.23,2.7,76,5.9,6.2,4.6,1.8,5.3,No,Single,5,1.8,4,5,3.3,94,95
23,Male,2,4,4.5,100,6.6,5.3,3.2,3.3,0,No,Single,7,1.8,4,1,6.4,100,98
18,Male,3,3.43,1.9,82,8.6,6.1,3.5,1.7,5.8,Yes,Single,4.2,0.7,11,1,0.6,91,81
22,Female,1,4,6.1,100,5.1,4.4,2.2,1.7,0.1,No,Single,5.2,1.6,12,2,3.5,100,91
25,Male,2,3.18,2.2,86,8.8,6.4,5.2,0.4,1.6,No,In a Relationship,4.6,1.5,7,1,4.2,100,84
21,Male,3,3.15,3.8,89,6.7,3.6,3.8,1.6,3.6,No,In a Relationship,4.8,0.6,21,2,1,86,98
21,Female,2,3.9,4.7,80,5.6,3.7,2.9,0.2,4.2,Yes,In a Relationship,3.1,0,8,1,6,100,100
24,Female,4,3.79,2.6,79,6.7,6.9,2.6,3.4,3.6,No,Single,2.9,0.2,9,4,4.9,86,100
21,Female,3,3.33,4.8,88,6.1,7.3,4.3,0,3.1,No,Single,5.7,0.3,8,1,5.7,100,88
22,Female,1,3.39,1.7,73,7.5,5.9,1.9,0,2.1,No,In a Relationship,4.6,1.7,17,1,6.9,95,89
27,Male,2,4,5.7,100,6.2,2.4,0.1,1.8,6.1,No,Single,1.3,0,20,1,5.2,96,97
28,Female,4,3.35,3.5,100,4.7,5.8,2.9,0,4.5,Yes,Single,5.5,3.1,7,1,6.7,90,83
18,Female,4,3.51,2.6,63,6.7,9.5,4.6,0,5.4,Yes,In a Relationship,4.2,2.8,16,4,2.1,96,83
19,Male,1,3.2,3.1,70,5.4,10.1,5.2,4.9,2.2,No,In a Relationship,4.9,2.3,13,2,4.4,77,80
25,Male,3,4,4.7,100,7.2,6.7,2.6,2.3,0,No,Single,4.2,0.7,8,2,4.4,100,88
25,Female,3,2.83,2.6,82,5.6,6.1,2.9,1.2,5,No,In a Relationship,5.1,0,13,1,0,93,83
24,Male,2,3.7,2.4,86,6.4,7.2,3.6,2.2,3.7,No,In a Relationship,5.1,2,5,4,7.1,100,95
27,Female,3,3.49,3.2,92,7.2,5.8,2.4,2,3.4,No,Single,4.1,0.5,11,4,4.9,94,91
27,Female,4,3.27,1.7,89,6.7,6.4,3.6,0.6,1.9,No,In a Relationship,5.1,2,7,0,3,100,89
25,Male,3,4,6.2,100,7.3,5.2,2.7,1.1,2.3,No,Single,2.9,1.8,10,1,5.5,100,99
25,Female,3,3.54,2.7,93,7.8,8.6,4.3,1.1,1.8,Yes,Single,5.2,0.8,12,2,5.4,99,86
27,Male,4,4,4.7,100,5.6,5.3,3.9,1,3.1,No,In a Relationship,4.5,0,19,3,5.8,100,100
27,Male,1,3.72,3.8,83,6.9,8.8,4,0.9,0.7,No,Single,7.1,1.4,12,2,3.9,100,84
26,Male,4,3.54,2,81,3.5,5.2,2.5,2.5,4.5,No,Single,4.5,0,7,4,3.8,100,83
27,Female,2,3.14,3.5,93,7.3,7.1,5.7,1.2,7.1,No,Single,6.5,1.5,12,1,8.3,100,100
25,Male,3,3.93,4.7,96,6.6,5.8,3.5,2.7,1.8,Yes,In a Relationship,4.6,1.7,2,1,5.2,100,98
23,Female,1,3.76,3.2,85,5.8,5.2,3.2,0.5,0,Yes,In a Relationship,5.2,0.5,16,1,3.3,100,79
26,Male,1,4,5.3,100,7.4,4,1.7,2.1,2.8,Yes,Single,3.2,0,8,3,4.1,100,100
20,Male,3,3.82,5,99,8.4,5,2.7,0,3.6,No,In a Relationship,2.2,2.8,21,3,4.4,100,100
25,Female,2,4,4.9,90,6.4,5.2,3,2.1,3.9,Yes,In a Relationship,5.5,0.7,17,0,0.4,100,94
24,Male,2,3.69,2.8,100,5.9,4.2,1.6,2.6,6.2,Yes,In a Relationship,3.4,1,13,2,1.1,100,100
19,Female,2,3.18,1.9,92,7.2,5.3,2.4,0,4.6,No,In a Relationship,4.1,2.3,11,2,4.2,86,83
20,Female,2,3.23,2.6,84,5.4,6.5,2.6,1.8,0,No,Single,6.8,0.6,10,1,9,80,83
22,Male,4,3.67,3.8,81,6.2,5.6,2.9,2.5,0.5,No,In a Relationship,4.8,0.4,10,0,3.9,100,88
28,Male,3,4,4.3,100,8.5,3.6,0.2,1.1,3.8,No,Single,2.3,3.2,12,3,3.1,100,100
24,Female,3,2.79,0.5,70,7.1,5.6,2.6,2.6,2.1,No,Single,4.3,0.5,10,1,2.5,84,91
24,Female,1,3.79,3.5,88,4.7,5.8,2.2,0.6,6,Yes,In a Relationship,2.8,2.4,15,2,8.1,100,95
27,Female,2,3.47,3.7,100,4.8,5.9,2.8,1.9,1.1,No,In a Relationship,3.4,1.4,19,1,5.8,87,98
19,Male,1,3.88,3.1,100,7.2,6.6,4.4,1.6,4.9,No,In a Relationship,2.8,1.3,13,2,2.9,100,100
25,Female,1,4,5.4,83,8,7.8,5.9,1.7,1.7,Yes,Single,6.5,0.7,18,3,1.3,96,86
18,Female,2,3.16,4.1,94,5.1,7.1,3.8,2.9,3.5,Yes,In a Relationship,4.7,1,5,3,6.1,100,75
23,Male,1,4,5.5,100,7.5,5.4,0.9,1.6,1.3,No,In a Relationship,4.3,3,14,1,6.4,100,100
26,Female,4,4,3.2,98,8.6,5,2.3,0.9,4.1,No,In a Relationship,2.8,2.1,12,6,4.2,91,100
18,Female,2,4,4.9,100,9.3,5.9,3.7,3.8,5.1,No,Single,1.6,0,5,1,2.7,100,94
24,Male,4,4,6,100,7.4,6.2,3.5,3.7,3.5,No,Single,5,0.2,11,1,5.6,100,93
25,Male,1,4,5.5,96,7.6,6.6,4.3,4.1,6.8,Yes,In a Relationship,2.8,1.6,16,3,4.8,100,97
26,Female,4,3.27,1.9,85,4.4,4.9,2.7,3,1.6,Yes,In a Relationship,5.8,1.8,1,1,0.7,77,88
23,Female,2,4,3.1,100,9.5,3.6,2.3,2.4,3.2,Yes,In a Relationship,3.9,2,11,1,4.1,94,96
24,Male,2,3.13,3,96,6.3,8.1,5.4,3.3,4.7,Yes,Single,5,1.1,10,0,5.8,100,89
23,Male,4,3.28,4.2,89,5.9,6.2,2.9,0.7,1.1,Yes,Single,5.3,0.4,13,1,3.8,96,76
23,Female,4,3.85,4.5,100,6.7,3,1.3,0.5,3.1,No,Single,2.1,0.4,17,2,2.9,100,90
22,Female,2,3.74,2.2,99,8.8,6.9,5,0,4.3,No,Single,7,0,15,0,0.4,92,100
26,Female,4,4,3.6,98,9.6,2.5,0.6,0.6,4.9,Yes,Single,2.3,2.8,17,2,2.6,100,100
19,Female,1,3.06,0.5,70,7.2,1.3,0,1.2,5.3,No,In a Relationship,3.2,0,18,3,3.3,79,75
26,Female,4,4,5.7,100,8.2,5.9,4,0,1.3,Yes,In a Relationship,5.4,1,10,0,3.2,100,100
22,Female,1,3.41,2.7,94,7.1,7,4.2,1.5,3.6,No,Single,4.3,0,1,2,7.1,98,96
18,Female,2,3.65,3.6,85,5.8,4.8,3.4,0.2,0.4,No,In a Relationship,5.3,0.6,15,3,2.9,100,85
23,Male,3,4,3,100,8.8,3.6,0.8,0,1.6,No,In a Relationship,4,1.8,7,3,0.1,100,96
22,Female,2,3.89,5.2,96,6.3,4.9,2.7,0,2.7,Yes,In a Relationship,4,0,13,1,4.4,100,100
23,Female,2,2.89,0.5,82,8.8,4.3,2.4,0,5.3,No,In a Relationship,3.2,1.6,5,2,1.8,97,89
24,Female,2,4,3.5,92,8.6,5.5,2,0.7,4.1,Yes,In a Relationship,3.4,2.1,8,2,4,100,100
22,Female,4,3.64,3.3,85,7.7,7.1,4.9,3.1,3.1,No,Single,3.9,0.8,15,0,2.9,96,91
21,Female,3,3.91,2.8,100,9.2,3.6,1.2,0,3.9,No,Single,2.9,3.9,10,2,2.2,99,84
25,Female,4,4,6.1,100,9.7,7.9,3.3,4.4,4,Yes,In a Relationship,1.4,0,4,1,0,100,100
21,Male,1,2.91,2.2,68,6.8,6.5,4.6,2.4,3.7,No,In a Relationship,5.6,0,5,2,2.9,79,84
23,Female,4,3.81,4.7,92,6,8.3,3.4,1.4,1.8,Yes,Single,6.5,0.9,18,1,6.9,100,100
28,Female,3,3.48,4,94,4.8,7.3,4.7,0.4,1.1,No,Single,6.9,0.9,10,2,3.5,100,100
19,Female,4,4,5.4,100,9.7,5.2,3.6,1,2.6,No,In a Relationship,5,1.3,10,3,3.8,100,85
22,Female,1,3.21,2.5,90,6.5,5.7,3.4,0.3,1.4,No,Single,4,2.1,9,3,7,83,100
19,Female,2,3.8,2.4,82,8.4,6.5,3.4,1.1,4.2,No,In a Relationship,3.4,0,4,1,6.8,98,95
23,Male,3,4,5.1,92,6.1,8.2,3.7,0.8,6.1,No,In a Relationship,4.3,0,11,0,2.8,100,97
21,Male,4,3.88,4.1,95,8.8,6.2,2.2,2.4,4.1,Yes,Single,3.1,0.5,18,2,3.9,100,85
26,Male,2,3.08,1.2,73,6.2,3.9,0.8,0,0,No,Single,3.7,2.2,8,4,5.2,100,83
26,Female,4,3.41,2.7,81,5.6,8.7,4.2,1.9,1.7,Yes,Single,4.5,2,3,5,2.6,88,90
22,Male,3,3.62,4.1,84,6.7,5.2,4.5,1.3,3,No,Single,6.6,1.1,16,2,3.4,86,100
24,Female,1,4,4.8,100,6.4,6.5,3.2,1,0.1,No,Single,4.2,0.7,12,0,4.3,100,93
21,Male,2,3.69,2.5,93,7.7,5.4,2,0,3.1,No,In a Relationship,5.1,1,13,1,2.9,98,94
18,Male,4,3.06,0.5,69,6.9,3.9,0.5,0.8,3.9,No,Single,3.5,1.6,14,0,6,88,81
27,Female,2,3.59,4.3,98,7.8,4,2.9,1.4,5.8,Yes,In a Relationship,3.5,1.3,3,4,5,100,91
21,Male,1,2.82,1.7,77,6.7,2.6,0.8,2,6.6,No,Single,3.2,0,11,2,5.3,98,80
26,Female,2,2.68,0.5,74,6.2,3.4,0.6,2.1,0.6,No,Single,5.5,0,13,3,6,70,68
20,Male,1,2.72,0.5,64,6.3,7.1,2.8,2.6,2.8,No,In a Relationship,1.7,0.9,12,1,5.8,81,80
23,Female,2,4,4.7,100,9.5,7,1.7,1.4,2.8,No,In a Relationship,3.2,1.9,12,1,4.8,100,95
24,Male,2,3.81,3.7,81,7.3,5.5,3.3,1.4,1.6,Yes,Single,4.6,0.1,18,2,2.7,80,97
24,Female,4,3.25,3.2,76,4.6,4,2.6,1.2,3.2,No,Single,5,1.6,14,1,6.5,100,96
25,Male,2,4,5.6,100,6.4,5.9,1.9,2.2,2.8,No,In a Relationship,4.9,0,15,0,2,100,96
18,Male,1,4,4.5,100,7.1,6.3,0.2,1.5,4.2,No,In a Relationship,2.1,1.3,11,4,2.3,100,97
25,Male,4,4,5.9,100,9.2,5.8,1.5,2.5,5.7,No,Single,1.1,0.4,1,3,4.5,100,100
28,Male,2,3.59,1.4,90,8.2,3.7,1.6,2.7,3.3,Yes,In a Relationship,1.7,0,10,2,5.5,85,92
27,Male,3,3.55,3.4,97,5.9,7.4,1,2.6,2,Yes,In a Relationship,3,0.7,12,4,5.5,100,100
27,Male,2,3.35,1.1,76,9.9,6.1,2.3,0.9,0.9,Yes,Single,4,0,11,0,7.2,91,96
20,Female,3,3.74,3.2,100,7,3.2,1.1,0,7.1,No,In a Relationship,3.1,0.9,12,2,3.9,100,100
20,Female,2,4,3.1,99,8.5,7.9,2.6,1.7,4.8,No,In a Relationship,4,1.6,13,1,5.1,98,95
26,Female,1,3.81,4.4,100,5.6,5.2,3.2,1.8,3.8,No,Single,4.1,1.7,17,2,6.3,100,93
20,Male,1,3.48,3.6,91,4.1,3.9,1.6,0,2.7,No,In a Relationship,4.2,0,8,4,2.2,100,99
21,Male,4,3.56,4.4,100,5.3,7.3,3.4,3.4,6.2,No,In a Relationship,5.9,1.8,11,3,3.9,100,94
26,Male,4,3.85,4.6,76,3.5,3.8,0.8,2.1,2.7,No,Single,5.6,1.6,20,2,2.9,100,93
24,Female,4,4,6.7,100,9.5,4.1,1.1,3.4,0,Yes,In a Relationship,3.9,0.8,4,5,6.1,100,99
25,Female,4,4,3,83,7.3,5.6,2.6,1.7,3.5,No,Single,2,0,11,2,6.5,92,100
26,Female,1,3.07,2.1,85,5.9,8.1,3.8,1.8,0.5,Yes,Single,7.3,0.8,1,2,3.5,81,90
19,Male,4,3.41,3.9,88,7.5,4.3,4.1,2,3.5,Yes,In a Relationship,4.2,2.8,11,1,5.4,100,82
26,Male,2,3.49,2.3,88,7.2,8.5,5.2,0.9,5.7,Yes,Single,4.6,1.8,13,2,4.2,89,85
25,Male,4,4,5.7,100,7.7,4.9,2.2,0,0,No,In a Relationship,4.6,2.2,3,0,4.1,100,100
21,Female,2,3.62,3.1,89,8.5,4.7,2.6,0,1.2,Yes,Single,4,0.2,13,2,3.5,99,100
24,Female,4,3.36,2.7,92,6.7,3.4,1.3,4.5,4.7,Yes,Single,3.1,0.7,9,3,6.1,100,100
24,Female,2,3.98,2.8,88,5.9,1,0.9,1.2,2,No,In a Relationship,4,0,17,3,6.3,95,90
25,Female,1,4,4.6,100,8,5.1,3.1,0,3.8,No,In a Relationship,4.3,0.5,14,1,5.7,100,100
24,Female,3,4,3.3,100,8,6.1,1.6,3.8,3.8,Yes,In a Relationship,3.9,2.6,9,0,4,100,100
19,Male,3,3.03,2.5,80,7.1,8.6,4.6,3.2,4.8,No,In a Relationship,5.6,0.8,11,2,5.3,81,80
24,Female,3,4,6,100,9.6,3.4,0.6,3,1.7,Yes,In a Relationship,1.4,0.5,20,2,6.4,100,90
19,Male,3,3.24,2.2,86,6.5,4.8,3.5,0,0,No,In a Relationship,4.6,1.4,11,1,6.2,85,97
21,Female,2,3.74,3.6,100,5.9,5.3,1.3,3.2,3.8,No,Single,4.5,0.6,5,1,4.7,99,97
20,Male,1,4,4.5,90,7.5,6.2,1.6,0,0,No,In a Relationship,2.4,1.3,6,5,1.8,100,100
20,Male,2,2.2,1.1,73,6.2,7.8,3.6,1.3,4.9,No,Single,4.5,0.6,11,1,3.4,84,82
27,Male,4,4,4.2,94,7.6,3.6,1.8,1.3,2.9,No,Single,2.7,1.4,18,2,7.2,100,98
27,Female,2,3.48,1.9,90,6,4,2,2.2,2.4,No,Single,4.8,0.8,10,2,1.7,95,87
27,Female,2,3.99,4.7,100,6.5,6.6,1.6,1.7,4.4,No,Single,2.6,0.1,7,4,6.8,100,100
21,Male,1,3.39,2.1,76,9.3,7,5.5,0.8,0,No,In a Relationship,4.6,2.3,12,4,3.8,95,94
20,Female,1,4,4.5,90,6.5,5.5,1.9,3.7,2.6,No,In a Relationship,3.7,3,14,2,3.3,100,93
24,Male,2,3.96,5.2,100,6,3.8,2.9,3.7,3.9,No,In a Relationship,4.5,1.7,15,1,0,100,100
18,Male,1,4,4.8,97,8.4,5.1,2.5,2,3.5,No,In a Relationship,4.3,0,3,1,4.6,100,100
22,Female,3,3.51,3.9,99,5.7,6.8,3.1,1.3,2,No,Single,5.9,1,14,1,5.5,97,94
22,Female,4,3.22,3.2,90,6.2,4.9,1.9,3.5,2,No,In a Relationship,4.4,1.4,13,4,2.4,100,91
24,Male,2,3.66,2.6,100,7.7,6.1,2.5,2.9,6.1,No,Single,2,0,10,2,1.2,100,97
18,Female,4,4,5.7,100,8.1,4.9,3.4,0,4.8,No,In a Relationship,6.1,0.7,18,2,5.5,100,100
26,Male,1,3.9,2.5,100,8.5,3.5,1.5,4.4,1.7,No,In a Relationship,3.2,0,14,1,5.6,100,93
26,Female,3,3.31,1.9,80,6.1,8,4.4,0.3,5.7,No,In a Relationship,4.8,0.2,8,2,6,91,85
24,Male,4,3.93,4.5,90,7.7,8.4,4.6,0.9,4.5,No,In a Relationship,4.5,1.5,14,1,3.9,100,100
19,Male,3,3.02,2.3,70,6.4,7,3.7,0,4,No,Single,4.8,1.2,3,3,5.7,83,90
25,Male,2,3.14,2.1,86,6.3,7,2.9,0.8,4.1,No,Single,3.3,0.1,10,0,4.6,87,83
24,Male,2,3.81,1.3,91,8.4,1,0,3,0.7,No,In a Relationship,3.4,1.1,10,0,4,100,96
23,Female,2,3.59,2.8,87,6.3,5.8,3.4,1.5,6,No,Single,5.8,0.8,15,1,7.3,79,100
21,Male,4,3.75,3.4,83,7.3,7.4,2.2,1.8,4.9,No,Single,1.3,2.1,27,5,2.5,90,90
18,Male,4,3.88,3.9,91,7.2,6.9,2.4,0.4,3.5,Yes,In a Relationship,3.8,0,11,4,3.5,100,96
28,Female,4,4,4.9,100,5.7,3.8,0,2.4,3.5,No,In a Relationship,2.2,0.5,19,0,4.4,100,100
28,Male,4,3.8,4.3,95,8.2,6.3,3.5,0,2.8,No,Single,5,2.7,19,1,2.5,100,95
28,Female,1,3.74,3.2,90,7.7,4.8,0.6,1.1,1.9,No,In a Relationship,4.3,0,5,2,5.4,100,100
23,Female,4,3.04,3.2,78,4.6,6.5,3,1.3,4.1,Yes,Single,4.6,0.1,19,4,5.9,93,90
27,Male,2,4,4.3,95,7.3,5.4,4.2,1.1,1.4,Yes,In a Relationship,4.9,0.7,8,1,4.8,100,100
22,Male,3,4,5.4,100,6.1,6.3,2.1,1.8,3.3,No,Single,3.2,2.5,12,1,4,100,95
22,Female,4,3.67,3.7,87,8.3,6.6,4.6,0,3.2,No,In a Relationship,1.9,1.6,23,1,6,91,92
18,Male,2,3.58,2.8,87,5.3,5.6,1.7,2.7,3.8,No,In a Relationship,3.8,0.1,15,3,5.3,90,84
19,Male,2,3.2,2,82,6.6,4.8,3.7,0.1,4.9,No,Single,4,1.1,9,1,6.1,76,84
21,Female,3,3.32,1.3,85,7.4,5.7,0.8,4,3.8,No,In a Relationship,3,0.8,14,0,3.4,85,87
18,Female,2,4,4.5,89,7.1,7,4.3,2,4.4,No,Single,1.1,1.6,4,0,7,100,85
22,Male,3,4,4.4,96,7.9,5.8,4.1,2.3,0,Yes,Single,3.1,1.2,17,2,7,100,100
22,Male,3,3.74,4.4,94,5.2,5.7,3.5,0.6,3.9,No,Single,3.3,1.4,9,1,4.2,100,93
18,Female,4,3.85,3.3,98,9,4.8,2.2,0.9,3.2,No,Single,3.2,0.9,1,2,2.2,100,93
26,Female,1,4,5.6,100,7.6,3.7,0.7,3.2,3.7,Yes,Single,3.5,2.5,10,0,2.3,100,97
23,Female,1,3.62,2.8,90,8.6,6.8,2.2,0,1.9,No,In a Relationship,2.3,1.2,9,2,4.3,100,98
28,Male,1,3.98,4.9,100,8,7.6,4.5,1.5,5.3,No,Single,3.7,0.6,14,1,2.3,100,90
24,Male,2,3.58,3.4,87,7,3.4,3,1.5,3.5,No,In a Relationship,3.5,2.3,6,0,2.1,100,95
24,Male,2,3.26,2.6,91,5.5,2,0.5,2.1,1.5,No,Single,6,1.8,14,1,2.5,100,91
20,Female,1,4,4.4,100,6.3,7.4,1.1,1.8,1.9,Yes,In a Relationship,3.5,0.3,9,2,8.3,100,100
18,Female,3,4,4.1,93,8.9,7.9,4.7,2.1,4.8,Yes,Single,3.4,0,12,1,4.2,100,100
26,Male,2,3.84,4,100,8.7,7.6,3.5,0.8,2.8,No,Single,3,1.7,17,1,4.2,100,100
19,Male,1,4,3.6,94,6.3,3.5,0.9,4.8,3,No,In a Relationship,1.7,0.8,17,2,5.3,96,90
18,Female,3,3.35,3.4,89,3.6,2,0.2,1.5,2.6,Yes,Single,4.9,1.2,18,0,1.4,100,86
19,Male,1,4,7.1,100,6.7,4.3,1.9,2.9,5,No,In a Relationship,3.1,2.4,8,2,2.5,100,100
28,Male,4,4,5.3,100,6.7,3.2,0,2.9,4,Yes,In a Relationship,2.5,0.2,13,0,4.1,100,100
26,Male,3,4,4.6,100,6.7,5,2.6,0,0.6,No,Single,4.8,0.1,14,0,4.9,100,100
21,Male,1,3.89,3.7,97,7.6,11.8,6.5,0,1,No,In a Relationship,4.2,0,18,4,2,100,98
23,Female,1,4,5,100,8.1,2.7,0.4,0.4,3,Yes,In a Relationship,4.5,3.4,10,3,5.2,100,87
21,Male,2,4,4.3,94,8.2,4.2,2.5,0.8,1.7,No,Single,2,2.4,5,3,3.8,100,96
22,Female,3,3.39,3.5,86,7.5,8.8,4.8,1.9,0,No,Single,7.1,1.9,16,0,5.3,88,97
24,Female,1,3.64,3,77,4.8,8,3.9,1.9,1.5,No,Single,5.6,0,19,1,5.9,100,100
27,Male,2,3.22,3.4,100,6.6,5.6,2.6,0.5,2.4,Yes,In a Relationship,3.9,0,14,0,5.4,97,95
20,Male,1,3.5,0.5,97,9.8,4.9,2.6,0,2.2,Yes,Single,3.8,1.9,7,1,7.2,89,88
19,Male,3,4,3.8,100,7.4,1.8,1.1,3.6,4.4,No,Single,2.6,1.6,23,2,4.3,100,100
20,Female,3,4,2.8,100,7.4,6.9,2.4,2.6,0,No,In a Relationship,5.3,0.9,13,0,4.3,94,100
19,Male,3,4,5.9,100,7.4,7.2,3.2,2.4,1.5,Yes,In a Relationship,4.7,0,9,1,2.3,100,100
28,Female,2,3.2,3.5,93,7.5,7,4.5,2.1,4.6,Yes,Single,5,2.3,17,2,6.1,96,92
27,Male,1,2.81,1.7,72,4.1,5,1.9,2.3,1.7,Yes,Single,6,3,20,2,2.4,94,76
28,Male,1,3.86,3.4,97,6.7,5.2,2.5,0,0.6,Yes,In a Relationship,4.4,1.6,4,3,3.5,98,100
27,Male,3,3.21,1.9,92,7,6.4,1.4,0,1.6,No,In a Relationship,4.8,0.4,15,3,5.1,100,83
22,Male,2,4,4.2,100,8.5,4.9,3.1,2.3,3.9,Yes,Single,4,2.7,18,2,4.1,100,98
25,Female,1,3.58,3.9,94,7.1,6.3,4,0,2.5,Yes,Single,5.9,1.4,11,2,4.5,87,100
21,Female,4,3.74,4.9,98,5,5.8,3.7,2.1,1.6,No,Single,5,2.8,13,1,4.9,90,100
26,Female,4,3.49,2.3,89,7.5,4.4,1,2.5,4,No,In a Relationship,4.3,0.8,11,2,4.3,100,88
24,Female,4,3.66,3.6,87,6,6.1,3,3.8,3.7,No,Single,3.6,3.3,20,2,4,84,90
18,Male,2,3.4,1.5,85,5.5,5,1.8,1.1,0.5,No,Single,2.7,0.8,6,1,5,96,88
19,Female,3,3.51,4.6,80,6,6.2,4.3,0.1,3.2,Yes,Single,3.6,0.5,11,0,6.5,95,91
25,Female,4,3.9,4.3,87,7.7,7.4,2.6,2.9,0.4,Yes,In a Relationship,3.9,2,23,3,3.7,99,91
25,Female,2,4,4.2,100,8.5,3,0.5,1.2,5.3,No,In a Relationship,2.4,1.1,9,1,2.1,100,96
26,Female,1,3.9,3.5,85,7.6,6.9,2.5,0,5.5,No,In a Relationship,3.3,1.6,4,1,5.3,100,89
22,Male,2,3.46,4.1,100,7.8,10.3,3.5,0,2.4,No,Single,5,0.2,12,1,5.8,97,85
19,Female,4,4,5.9,100,7.6,5.2,3.2,2.3,5.1,No,In a Relationship,2.4,0.2,17,3,4.2,100,98
20,Male,2,3.5,3.1,99,7.1,5.4,2,2.5,1.5,No,Single,5.7,0.8,12,2,4.3,100,93
21,Male,4,3.78,3.7,100,7.8,4.7,1.9,1.5,2.7,Yes,Single,4.8,1.6,10,2,1.5,100,97
19,Female,3,2.93,1.9,79,4.1,6.7,1.3,1.4,1.8,No,Single,5.7,0.4,15,4,6.6,83,81
22,Male,2,3.16,2.2,88,7.1,4.9,2.2,1.5,3,No,In a Relationship,5.1,2.3,24,0,2.6,96,79
20,Male,2,3.24,3.6,100,5.7,4.8,1.5,1.3,3.1,No,In a Relationship,2.4,1.1,11,4,3.8,90,87
19,Male,2,3.97,5.2,100,8.4,7.6,4.3,0,3,No,In a Relationship,4.9,2.9,22,0,1.4,100,95
27,Female,3,3.71,3.1,76,6.8,4.3,1.4,1,2.8,Yes,Single,4.4,0.1,14,0,5.4,100,82
27,Male,3,3.52,3.1,86,7,6.9,3,1.3,3.3,Yes,Single,5.1,1.5,8,1,4.1,96,96
25,Male,2,3.25,2.9,89,5.2,6,2.9,2.8,5.5,Yes,In a Relationship,5.1,1.7,20,0,4.4,96,85
18,Male,1,3.5,2.7,89,8.2,7.8,4.2,0.5,0,No,Single,5.3,1.5,10,2,2.2,100,92
21,Female,3,3.73,3.9,86,7.8,7.7,4.4,0.9,6.8,No,Single,4.1,1.2,4,2,2.3,100,89
25,Female,3,3.53,1.3,63,7.7,6.1,3.8,2.1,2.3,No,Single,5.6,2,13,0,8.7,98,84
18,Male,2,4,5.4,100,6,6,3.3,0.6,2.8,No,Single,4,0,10,0,4.3,100,97
22,Male,2,3.39,2.5,81,6.1,4.9,1.2,0.6,5.7,No,In a Relationship,3.6,1.5,21,2,7.6,93,86
19,Male,2,4,4.6,100,7.3,4.9,1.2,0,4.2,Yes,In a Relationship,2.5,0.2,14,3,3.1,100,98
22,Female,3,3.43,1.6,82,6.2,6,1.5,3.2,4.1,No,In a Relationship,3.5,0.6,9,1,2.4,85,92
22,Male,3,4,4.5,97,7.5,9.1,3.9,2.1,5.5,No,Single,1.2,1.5,16,2,4.1,100,100
24,Male,3,3.92,4.5,87,4.4,5.3,2.9,2.6,2.7,Yes,In a Relationship,4.2,2.1,12,0,3.5,99,89
24,Male,4,4,4.1,93,6.4,7.3,4.1,0.8,4.8,No,In a Relationship,4,0,14,0,3.6,100,85
27,Male,1,3.33,2,79,9.2,7.1,4.3,3.9,0.5,No,Single,4,2.9,1,2,1.5,96,95
21,Female,2,3.77,3.9,100,7.5,3.4,1.7,1.9,3.8,Yes,In a Relationship,3,2.2,6,1,8.1,100,98
22,Male,1,3.5,1.7,82,7.2,6.5,2.8,2.3,4.1,No,In a Relationship,2.6,1.2,13,1,3.7,95,93
19,Male,3,3.9,3.1,100,9.4,6.7,2.8,1.9,5.3,Yes,In a Relationship,2.4,0.1,6,0,8.8,100,94
26,Female,4,3.83,5,88,4.2,4,2.3,1.7,4.4,No,In a Relationship,5.7,2.7,9,2,2.7,100,100
20,Male,4,4,4.7,98,6,4.6,2,1.7,3.4,No,In a Relationship,3.7,1.7,17,0,5.3,100,100
20,Female,4,3.77,3.5,86,6.5,7,4.6,0.5,2.4,No,In a Relationship,6.4,1.7,15,3,4.8,100,92
26,Female,1,3.14,2,78,8,4.1,2.9,2,2.3,No,Single,5.1,0.5,18,1,3.5,82,78
18,Female,2,4,4.5,99,8.1,5.8,2.8,1.9,2.4,No,In a Relationship,3.2,1.4,12,2,5.8,100,100
25,Male,3,3.7,3.5,89,6,3.2,1.6,1,0.4,No,Single,5,0.6,9,5,2.5,100,85
22,Male,4,2.62,0.5,64,8.2,7,3.8,1.1,6.5,No,Single,2,2.4,19,2,4.1,72,94
18,Male,1,4,4.7,100,6.5,4.6,1.3,1.6,5,Yes,In a Relationship,2.2,2.4,12,0,0,100,100
28,Female,2,4,3.5,94,8.5,7,3.5,0.2,3.5,No,In a Relationship,3.8,1,7,3,6.2,100,95
23,Male,2,4,5.3,100,5.8,7,3.5,1.7,4.6,No,Single,5,0.6,20,0,3,100,100
20,Female,1,3.61,1.9,91,6.9,7,2.2,2.8,4.5,Yes,Single,5.2,2,12,4,4.3,92,87
28,Female,2,2.73,0.5,81,6.4,5.3,3.3,0,1,No,Single,4.7,1.9,17,1,4.1,92,91
21,Male,2,4,3.9,90,8.3,5.2,3.1,3,4.3,Yes,Single,3.7,0,13,0,2.1,100,92
20,Male,2,3.86,3.9,100,6.4,6.5,2.7,0.5,5.5,Yes,Single,3.8,0.9,17,3,5.7,100,90
28,Female,3,2.91,1,75,6.9,5.6,2.8,1.4,1.6,No,Single,6.2,3.4,15,2,6.4,90,75
24,Female,4,3.65,2,100,7.6,7.3,2.9,2.7,0,Yes,In a Relationship,5.8,1.2,10,0,7.6,100,99
20,Male,3,4,7.6,100,7.7,6.7,3,1.1,0.7,No,In a Relationship,4.7,1.4,10,2,4.1,100,100
27,Female,4,3.46,3,82,8.1,8.2,2.9,2.2,2.8,Yes,Single,4.6,1.7,16,3,7.3,100,92
20,Male,1,4,4.6,100,7.3,4,1.1,0.3,0.6,No,In a Relationship,4.1,0.6,13,2,6.2,100,96
27,Female,2,3.58,2.5,95,6.5,3.8,2.6,2.1,2.7,Yes,In a Relationship,5.3,2,12,2,3.5,83,93
27,Female,2,2.05,0.5,60,6.6,6.6,3.2,2.5,1.7,No,In a Relationship,5.5,1.6,10,1,0,66,74
25,Female,4,3.54,3.2,97,7,5.8,2.9,0.8,3,No,Single,3.8,2.3,11,2,6.1,93,100
25,Female,4,3.56,3.1,100,7.3,7.8,4.2,1.7,2,Yes,In a Relationship,4.8,0,4,0,3.2,89,93
20,Male,2,3.45,2.9,90,6.8,7.5,3.7,1.8,2.9,No,Single,4.7,1.6,15,3,5,100,95
24,Male,1,3.88,3.3,86,7,3.9,1.5,1.2,4.2,Yes,In a Relationship,3.5,1.4,9,1,2.8,100,100
22,Male,2,3.61,3.9,100,5.2,4.4,2.6,0.7,1.1,No,Single,4.5,0,13,1,2.5,100,100
24,Female,4,3.58,3.3,99,7.8,5.1,2.3,1.1,3.6,No,In a Relationship,3.8,0.9,12,3,6.8,100,92
26,Male,3,3.33,1.6,78,7.2,2.9,2.8,1.4,1.3,Yes,In a Relationship,3.8,1.6,13,1,0,95,89
20,Female,2,3.79,4.2,97,8.2,5.9,2.8,1.5,3,Yes,Single,3.1,1.3,12,1,1.9,100,100
22,Female,4,2.72,0.6,76,7,6.2,3.7,1.9,2.8,Yes,Single,4.4,1.2,14,1,0,82,71
25,Female,3,2.3,0.5,60,4.9,7.1,3.1,1.7,3.7,No,In a Relationship,5.1,1.2,8,1,4.1,88,70
26,Female,1,3.64,4.6,98,6.6,5.2,4.6,1,3.4,Yes,Single,6.1,0.7,12,0,1.9,100,98
26,Male,4,3.53,4.3,100,6.8,6.2,3.2,1,5.5,No,Single,4.5,3.2,12,2,1.6,100,100
22,Male,1,3.8,3.4,100,7.9,6.5,1.6,2.3,2.9,Yes,In a Relationship,4.4,1.5,8,5,2.8,100,100
26,Female,1,2.97,1.4,70,4.5,5.9,2.1,1.8,1.7,No,In a Relationship,6.7,1.5,7,0,4.4,82,75
18,Male,2,3.15,2.4,71,7,7.9,3.7,1.7,4.9,No,Single,3.5,0,9,2,5.3,92,78
22,Male,1,3.24,3.1,90,7.6,3.8,0.4,1.2,3.7,No,Single,3.5,0.9,13,1,5.5,88,100
23,Female,2,2.79,1.1,85,6.2,1.8,0.8,0.1,4.8,No,In a Relationship,3.9,0.7,7,3,7,85,77
20,Male,3,3.06,2.4,79,7.1,6,2.8,1.3,2.8,No,In a Relationship,4.3,1.2,17,3,2.6,87,77
21,Female,2,3.68,4.5,100,6.2,7.7,4.2,1.6,0.4,Yes,In a Relationship,6.3,0.9,9,1,4.9,100,84
26,Male,1,3.56,5.6,96,6.1,6.5,4.8,0.6,7.5,Yes,In a Relationship,4.4,0.6,12,1,2.7,100,91
26,Male,3,3.54,2.9,84,6.5,5.3,2.5,5.3,1.8,No,In a Relationship,5,1,15,0,3.1,100,100
26,Female,1,4,4.6,94,6.1,3.9,4.4,2.8,0.7,No,In a Relationship,4.1,0.1,5,2,4.1,100,100
28,Female,1,3.35,0.6,82,7.8,5.5,2.9,1.5,4.4,No,In a Relationship,3.6,1.8,19,4,3.5,81,90
22,Female,3,4,4.5,90,6.1,3,0.5,2.2,1.1,Yes,In a Relationship,4.6,2,8,1,5.9,100,100
22,Female,1,3.46,2.3,85,5.9,7.5,2.8,1.6,2.2,Yes,In a Relationship,5.6,1.7,19,2,4,97,100
21,Female,3,4,4,100,9.1,4.2,1.9,1.3,3.2,No,In a Relationship,2.1,2.1,15,1,5.4,100,96
18,Female,3,3.7,3.1,82,8.2,6.9,4.2,3.7,2.7,No,In a Relationship,4.2,2,3,2,0.3,97,82
27,Male,4,3.72,5.5,100,4.8,5.7,2.8,1.8,2.3,No,In a Relationship,3.9,0,11,1,3.8,100,88
23,Female,2,3.83,2.2,84,6.1,3.2,0.9,0.2,6.2,No,In a Relationship,2.6,2.7,8,5,8.2,100,89
24,Female,1,4,4.4,95,7.3,4.5,0.6,1.8,2.8,Yes,In a Relationship,3.4,2.1,20,0,2.4,100,98
20,Male,2,3.42,3.1,90,7.4,3.4,2.8,1.6,1.2,Yes,In a Relationship,5.3,0,13,2,6.3,100,100
26,Male,3,3.71,3.3,85,5.2,4.4,0,1.4,5,Yes,In a Relationship,4.1,0.4,2,3,5.9,100,100
20,Male,1,3.68,3.2,90,8.4,5,2,2,1.6,No,Single,3.8,0,18,1,5.6,100,89
18,Female,3,3.43,2.2,92,8,7.7,3.1,1.2,2.8,No,In a Relationship,3.2,1.6,15,3,5.3,89,97
27,Female,3,4,3.5,95,7.6,1,1.2,0,1.2,No,Single,3.4,0.7,14,2,0,100,100
21,Female,2,3.2,3.4,99,8.6,4.4,4.3,2.2,3.4,No,In a Relationship,6.6,1.2,12,1,4.5,99,82
25,Male,1,3.79,3.9,92,7.5,7.2,4.6,0.9,3.1,Yes,Single,3.2,2.9,5,0,1.1,100,93
24,Male,1,3.76,3.6,90,7.5,4.9,1.3,1.3,2.9,Yes,Single,2.1,2.6,20,1,2.7,100,82
26,Male,4,4,4.7,100,8.9,4.7,2.4,1.3,3.3,Yes,In a Relationship,3.4,0.2,11,0,2.1,100,100
26,Male,3,3.76,4.9,100,8.3,8,4.3,2.3,4.6,Yes,In a Relationship,4.6,1.7,19,3,3.4,100,96
20,Male,3,3.03,1.9,70,6,7,2.8,2.3,4.4,No,Single,5,3,12,2,4.3,84,84
19,Male,2,4,4.8,100,7.8,4.5,0.7,0.7,0.9,No,Single,3.7,0.3,11,1,7.7,100,100
24,Female,3,3.47,1.7,91,6.2,5.7,2.6,2.3,1.7,No,Single,3,2.2,3,2,5.1,94,100
18,Male,3,4,4.4,100,7.6,4.6,1.5,0.5,4.8,No,In a Relationship,2.8,1,8,4,3.3,100,100
26,Male,3,3.87,4.4,98,7.6,6.8,4.5,3.5,1.4,No,Single,3.1,0.3,19,2,2.8,100,100
26,Female,2,2.57,0.6,83,5.3,6.6,3.7,0,4,Yes,In a Relationship,5.2,2.7,16,5,7,86,82
26,Male,3,3.82,3.6,99,6.9,4.1,2.3,2.3,4.7,No,Single,4,0.8,15,1,4.9,100,97
26,Male,2,3.7,2.8,90,7.3,5.1,3,1.7,0,No,Single,4.5,1.1,15,1,9.1,100,100
24,Female,1,3.62,2.4,100,6.5,4.4,0.8,2.5,2.2,Yes,Single,2.4,0.8,12,2,2.7,100,93
21,Female,2,4,5.5,100,7.4,4.1,1.7,1,4.6,No,Single,2.4,2.3,10,2,6,100,90
20,Female,2,3.7,2.5,72,8,7.2,5.1,3.5,2.7,Yes,Single,3.1,2.2,8,1,2.9,95,78
28,Male,2,3.05,2.3,80,7,6.4,2.9,1.1,2.2,No,Single,4.2,0.5,10,0,3.6,85,93
24,Female,1,3.78,3.6,96,7.3,7.7,4.2,2.9,4.7,No,In a Relationship,7.4,1.3,13,2,5.4,94,96
20,Female,2,3.92,4.5,100,8.7,5.8,3.1,0,5.2,No,In a Relationship,3.1,1.6,8,1,4.5,95,100
26,Female,2,3.32,3.3,79,7.6,7.6,4.8,1.3,1.6,Yes,In a Relationship,4.5,2.2,12,0,2.7,99,80
20,Female,2,4,5.2,100,7.2,3.5,0,3.1,6.5,No,In a Relationship,2.4,0.6,12,2,4.4,100,98
24,Female,2,3.96,4.3,94,5.9,6.7,2.5,1.8,0,Yes,In a Relationship,3.8,2.6,11,0,2.9,93,100
19,Female,2,2.71,0.5,74,7.8,8.5,5.3,5,0,No,In a Relationship,4.3,2,4,3,7.9,86,95
25,Female,1,3.74,2.7,81,7.4,5.8,4.2,4.2,2.1,No,In a Relationship,4.1,0.3,7,3,4.4,95,89
21,Male,4,2.95,2.7,68,8.5,7.5,4.8,0,2.3,Yes,In a Relationship,5.4,1.7,11,2,5.8,84,91
21,Male,1,3.92,4.2,84,7.1,5.3,2.8,5.6,2.4,Yes,In a Relationship,4.5,1.7,1,3,4.8,100,95
21,Male,3,2.87,0.5,60,4.8,3.7,2,2.6,1.9,Yes,In a Relationship,4.6,0.5,17,0,3.4,71,78
23,Male,4,4,7.3,100,5,4.9,1.3,2.2,1.5,Yes,Single,5.2,1.6,18,0,5.1,100,100
26,Male,1,4,4.3,100,7.9,4.9,1.2,0,2.6,No,Single,4.9,1.2,16,2,3.5,100,100
24,Female,1,3.5,3.7,86,6.3,7.9,4,2.8,1.8,No,Single,5.8,0,13,1,2.5,100,93
26,Female,4,3.83,5.3,100,7.5,5.4,3.6,3,4.4,No,Single,2.9,0,6,0,4,95,82
20,Female,4,4,7,100,7.1,5.9,2.7,1,3.1,Yes,In a Relationship,2.1,3.2,14,3,3.9,100,95
21,Female,4,4,4.8,100,6.8,6.6,3.6,3.5,2.6,No,In a Relationship,2.8,1.1,19,1,5.6,100,96
19,Male,1,3.83,4.9,100,6.9,6.4,3,0,2.9,Yes,In a Relationship,5.1,1.3,6,1,0.9,100,100
28,Male,3,3.45,3.7,89,6,7.4,4.2,1.6,5.2,Yes,Single,3.8,0.2,25,2,0,100,82
24,Male,1,3.19,3.3,93,7,7.2,4.2,3.4,2,Yes,In a Relationship,5.6,0.6,16,3,5.6,100,91
24,Male,4,3.54,2.8,96,6.3,4,1.2,0.6,0.5,No,In a Relationship,3.7,3.4,7,2,2.7,91,95
18,Female,3,3.46,2.3,82,6.6,7.5,3.2,1,1,No,In a Relationship,5.2,3.6,7,4,0,100,94
28,Male,3,3.07,2.5,76,6.6,2.3,0.3,0.8,2.5,Yes,In a Relationship,4,0,9,0,0,91,94
26,Male,3,2.72,1.5,80,6.7,5.8,3,1,4,No,In a Relationship,3.3,1.3,12,2,5.5,89,74
21,Male,4,3.96,3.4,87,8.1,8,3.7,1.4,4.8,No,In a Relationship,4.5,3.1,10,4,3.6,97,95
18,Female,2,3.32,1,86,6.8,2.8,0.8,1,6.3,No,Single,2,1.4,1,3,6,90,87
20,Male,2,3.81,3.8,100,8.2,4.3,2.2,4.8,4.5,No,In a Relationship,2.4,1.9,5,2,3.6,100,96
18,Male,3,3.95,3.4,94,8.8,6.7,2.8,0.7,1.2,No,In a Relationship,4.6,1,12,2,1.8,99,95
27,Male,4,3.57,3.7,97,8,4.5,3.2,1.2,2.6,Yes,Single,4.6,1.7,13,0,5.5,94,96
26,Male,2,3.59,2.7,95,7.6,6.2,2.4,0.3,0,Yes,In a Relationship,4.8,2.6,17,1,4.8,100,100
20,Male,3,4,8.1,100,7.4,3.4,1,0,2.4,No,Single,2.2,1.7,9,1,2.1,100,93
25,Female,4,3.85,5.5,100,8,6.2,2.7,2.1,1.8,No,In a Relationship,3.5,0,13,2,2.1,100,93
27,Male,4,3.49,1.6,72,7.1,1.8,0.3,3.5,0,No,Single,4.3,0.6,12,3,5.1,87,84
25,Female,2,3.77,3.8,100,8.2,6.9,2.5,4.1,7.2,No,Single,5,2,8,1,3.2,100,100
27,Female,4,3.97,2.6,100,7.7,3.6,2.1,2.5,2.2,No,In a Relationship,5.5,1.1,15,3,3.1,100,97
20,Male,2,3.27,2,83,6.6,6.5,2.6,1.5,0,Yes,Single,4.3,0.7,14,0,5.1,98,87
28,Male,3,3.16,1.5,77,8.1,3.6,2,3.3,2.5,No,In a Relationship,2.8,0.1,24,5,3.1,89,100
20,Female,1,3.76,4.1,100,7.1,5.7,0.5,1.4,6.3,Yes,In a Relationship,4.2,0.2,17,2,3.8,100,94
26,Male,1,3.37,2.5,77,6.9,5.2,2.3,3.2,6.8,No,In a Relationship,3.7,0.5,4,0,2.1,100,82
26,Female,3,4,5,96,6.4,9.5,4.2,0.7,3.1,No,In a Relationship,4.4,1.7,17,3,2.7,100,86
18,Male,2,4,5,97,7.2,6.7,4.7,3.7,3.2,No,In a Relationship,4.8,0.7,5,2,7.8,100,100
18,Male,4,4,5.6,98,8.2,9,6.5,1.3,5.5,No,In a Relationship,3.4,1.4,19,1,3.5,100,100
20,Female,1,3.13,2.2,83,8.1,9.8,5.3,3.3,2.7,No,Single,5.8,1.4,11,1,4.9,100,87
26,Female,1,4,4.2,100,7.4,2.3,1,3.8,3.9,No,Single,4.4,2,14,2,5.1,100,95
25,Female,1,3.92,4.4,100,7.7,4.4,2.2,1.8,4.7,No,Single,4.8,0.4,19,1,6,100,100
20,Male,3,4,2.8,98,8.5,6.4,2.8,1.6,0.8,No,Single,5.1,2.8,14,2,4.4,100,98
26,Male,2,3.31,2.3,87,6.8,4.5,2.7,3.3,6.1,No,Single,3.2,0,16,2,4.3,83,96
27,Female,2,4,5.9,100,5.7,6.5,2.9,2.5,1.2,Yes,In a Relationship,5.8,0.9,9,0,5.9,100,90
22,Female,3,2.97,3.8,90,8.6,9.6,6.4,3.2,1.7,No,In a Relationship,6.7,0.8,7,4,0.8,100,88
25,Male,2,4,4.5,100,6.4,2.4,1.2,2.6,3.2,No,In a Relationship,4.5,0.4,12,0,8.4,100,94
28,Male,2,3.4,2.3,82,6.2,5.9,1.7,2,4.9,Yes,Single,4.4,0,15,3,3.3,100,87
26,Male,1,3.26,1.7,75,4.8,6.8,5.3,2.6,4.4,No,Single,5.8,2.4,11,4,6.2,94,80
25,Female,2,3.43,2.6,73,7.7,5.8,1.9,1.8,2.9,No,In a Relationship,2.6,2,20,1,1.6,94,93
22,Female,4,3.72,3.3,87,5.1,6.6,3.4,0.1,3.6,Yes,In a Relationship,6.7,1.7,15,2,5.2,100,87
21,Female,3,3.03,1.9,79,6.1,6.9,4.4,2.1,5.1,No,Single,4.6,0.5,10,0,6,87,97
26,Male,3,4,3.5,98,7.7,5.2,3.5,0.9,3,Yes,Single,5.3,0.7,11,3,4.7,100,100
26,Female,4,3.09,1,85,7.9,6.5,3.1,0.5,1.4,No,In a Relationship,6.7,0.9,9,2,1.2,78,81
23,Female,4,2.77,1.8,75,6.2,6.2,4.2,1.1,1.8,No,Single,6.1,1,14,4,4.8,90,79
24,Female,1,4,4.5,100,6.8,5.9,1.5,0,4.8,No,Single,4.4,2,10,0,7.2,100,100
24,Female,4,3.88,4.4,100,6,6.6,2.1,0,1.4,No,In a Relationship,3.5,0.7,13,1,6.4,100,100
27,Male,3,3.3,2.9,88,6.3,8.6,3.6,2.4,0,No,In a Relationship,4.5,0.3,20,1,3.5,100,98
26,Female,4,3.49,2,77,7.3,3.3,0,0.8,2.4,No,In a Relationship,4.2,1.3,14,0,3.2,88,71
23,Female,3,3.13,2,86,6.4,7.4,4.9,1.9,2.8,Yes,Single,4.6,1.2,12,1,3.2,100,87
18,Male,3,3.71,2.9,88,6.7,5.9,3.3,1.3,4.7,Yes,In a Relationship,2.7,1.7,11,2,4.5,95,88
20,Male,3,3.92,4.5,94,5.2,5.6,3,2.8,0.1,Yes,In a Relationship,3.7,2.6,19,1,0,100,86
26,Female,4,4,4.9,100,8.4,3.7,0.4,0.9,3.7,Yes,Single,2.3,0.8,14,1,1.6,100,100
23,Female,1,3.78,2.8,73,7.6,4.4,0.9,0,5.3,No,In a Relationship,2.4,2.1,16,1,8.2,100,92
26,Female,2,3.18,1.8,99,8,6.7,2.2,2.6,1.4,No,Single,4.8,1.3,9,2,3.4,83,88
20,Female,3,3.51,3.9,99,8.5,7,4,0,3.2,No,In a Relationship,3,2.2,5,2,1.1,100,100
23,Female,3,3.45,2.3,79,6,1.3,0,1.8,0,No,Single,5.3,2.4,18,0,6.2,80,94
22,Female,2,3.11,2.7,74,6.6,6.5,4,1.8,4.7,No,In a Relationship,3.1,0.4,17,0,8.8,91,82
22,Female,2,3.98,5.5,100,4.7,7.2,2.3,2.3,4.6,Yes,In a Relationship,3.2,3.2,7,1,6.6,98,100
24,Male,4,4,4.7,100,10,3.6,2.5,4.6,3,No,Single,3,1.4,16,1,4.9,100,100
19,Male,1,3.77,3.7,98,6.8,7.1,3.2,1,0.3,No,In a Relationship,4.9,0.1,19,0,0.2,100,94
19,Male,3,3.25,1.6,87,8.2,5.7,3.2,2.1,4.3,No,In a Relationship,4.1,0.1,10,1,5.4,100,92
21,Female,1,3.95,3.8,87,5.5,3.6,1.7,2.3,2.5,Yes,Single,3.1,2.7,12,1,3.1,100,100
18,Female,4,3.95,5.1,100,8.2,7.2,3.7,1.6,0,No,In a Relationship,5,2.5,22,0,3.3,100,94
19,Male,4,4,2.9,100,9.2,4.9,0,0.4,4.6,Yes,Single,1,2.3,18,1,0.9,100,100
18,Female,2,4,5.5,100,6.9,5.5,2.1,0,5.3,No,Single,1.2,0.7,8,4,1.8,100,100
20,Male,1,3.92,5.4,100,5.8,5.7,3,0.6,5.7,No,Single,5.9,0.8,9,0,5.6,100,100
22,Male,3,4,6,100,6.8,3.7,2.3,0,0.4,No,Single,5.5,0,11,3,5,100,86
21,Female,1,3.21,4,98,4.3,3,0.1,0,0,No,In a Relationship,4.5,0.9,13,1,5.1,84,84
22,Male,3,4,4.4,92,7,5.3,3.9,1.6,2.2,No,Single,2.6,1.4,15,1,2.4,100,92
23,Male,3,4,5.6,100,8,3.5,0.9,0,4,No,In a Relationship,2.3,2.7,6,3,3.7,100,95
21,Male,2,4,4.2,99,7,5.6,2.7,2.3,1.1,No,Single,4.9,0.9,9,1,3.9,100,100
18,Male,2,3.25,2.7,81,6.7,3.2,3,0,0,No,Single,4.4,0.9,3,2,2.1,88,100
18,Female,3,3.29,2.8,93,7.6,7.5,2.8,2.6,4.4,No,Single,5.1,1.5,16,3,6.4,100,83
28,Male,2,3.82,3.9,96,7.7,6.1,4.6,0.2,2.3,Yes,In a Relationship,5.3,2.1,12,2,3.8,94,93
28,Female,3,3.05,1.6,88,5,5.5,2.7,2.4,4.2,No,In a Relationship,3.6,2.8,11,2,3.8,93,97
26,Female,2,3.76,3.3,92,7.1,7,3.4,1.8,3,No,Single,2.7,0.5,10,4,2.4,100,98
18,Male,2,4,5.1,100,9.9,7.3,2.7,2.2,2.7,No,Single,3.9,1,11,5,6.2,100,100
22,Female,2,2.09,0.5,62,5.4,5.7,3.7,1,2.9,Yes,In a Relationship,5.9,1.3,14,0,1.9,65,72
20,Female,2,4,5.8,93,6.9,4.9,4.9,0.9,2.3,No,In a Relationship,5.8,0.9,6,6,3.4,100,97
28,Female,1,3.56,5.2,100,9.3,7.3,3,3.8,2.1,No,In a Relationship,5.2,0.6,8,2,4.3,100,100
23,Male,2,4,2.8,98,8.3,5.5,4,0.2,0.8,Yes,Single,5,0.9,7,0,0.9,100,96
20,Male,1,3.67,4.3,90,6.4,8.4,5,0.5,4,Yes,Single,5.1,0,1,2,2.9,94,89
20,Male,4,3.18,3.5,74,7.2,8.3,4.8,0,5.5,No,Single,5.1,0.6,21,4,5.3,100,87
26,Female,1,3.72,5.3,100,7,1.3,2.2,0.6,2,No,Single,5.3,0,15,1,7.7,100,92
27,Female,1,4,5,100,6.1,5.5,4.4,0,6.7,No,Single,5,1.2,8,3,8.8,100,100
25,Female,1,3.14,1.4,76,6.9,5.6,3.2,3.7,3.8,No,Single,4.1,0.8,13,0,2,94,89
21,Male,4,3.75,4.4,100,6.7,4.4,4.5,2.4,3.5,No,Single,5.7,0.7,6,2,4.5,100,100
19,Male,2,3.47,3.2,89,7.1,5.1,3.7,0.7,4.3,No,In a Relationship,4.2,1.2,15,1,5.9,100,81
27,Female,2,3.8,3.6,93,6.1,6.3,3.2,2.5,5,No,Single,3.7,0,24,1,4.1,94,100
20,Female,4,2.44,2.4,68,5.5,6.4,3.5,0,2.1,Yes,In a Relationship,5.2,0.9,17,0,5.4,88,74
25,Male,1,4,6.1,100,7,6.6,3.2,0.1,4.1,No,In a Relationship,3.7,1.4,2,1,0.1,100,100
25,Female,2,4,5.1,93,9.1,6.7,3.2,2.4,5.1,Yes,Single,3,2.2,4,2,2.9,100,96
23,Female,2,3.51,2.4,100,7.1,3.6,2.6,0,2.2,No,Single,3.3,1.8,5,1,0.8,98,94
28,Female,3,3.45,1.5,93,6.6,3.9,2.4,0.7,3,No,In a Relationship,5,2.5,10,2,2.4,93,100
19,Female,4,2.88,2.9,65,7.9,9.3,5.4,2.7,1.5,No,Single,5.3,0,12,1,0,89,70
27,Female,3,3.83,4.2,100,6.8,8.3,3.5,2,2,Yes,Single,5.3,2.2,19,2,0.7,100,91
18,Male,4,4,3.9,100,9.2,3.7,1.9,0,2.3,No,Single,3.6,1.5,5,2,3.7,100,89
26,Male,2,4,5.4,100,7,5.7,2.4,1,1.2,Yes,Single,3.4,0.7,12,2,4.1,100,100
20,Male,2,3.72,4.7,88,7.8,8.4,4.4,0.7,2.9,No,Single,5.8,1.3,1,0,7.1,100,98
19,Male,4,4,5,100,6.1,5,1.7,0.6,3.7,No,In a Relationship,3.6,4.3,7,5,5.2,100,100
21,Female,2,4,4,93,7.6,3.3,0.6,0.7,3.9,Yes,In a Relationship,2.4,1.3,5,0,0.7,100,99
25,Female,4,3.04,1.4,77,7.3,2.9,0.7,3.1,1.4,Yes,In a Relationship,3.7,1.3,1,1,2.4,95,77
21,Male,1,4,3.2,100,6.9,5.6,0.2,0.5,1.8,No,In a Relationship,3.5,2.1,16,1,6.9,100,100
28,Female,2,4,5.1,100,6.4,4,0.9,3,4.7,No,Single,5.8,1,9,4,3.5,100,98
28,Male,1,3.43,3.4,100,6.2,4.5,1,2.6,1.8,Yes,In a Relationship,4.5,0.4,13,1,1.3,100,87
22,Male,2,3.73,4.3,91,7.3,8.3,4.9,2.8,4.6,No,Single,4,2.6,5,2,4,100,97
26,Male,1,3.5,3,86,7.8,4.7,2.7,2.2,1.5,No,Single,5.9,0,18,1,4.9,100,94
20,Male,1,3.65,2,70,6.8,5.4,2.3,2.2,3.8,No,Single,2.1,1.2,7,2,7.1,88,92
27,Male,3,4,3.3,100,7.3,3.2,0.6,1.8,4.5,Yes,Single,2.3,1.1,18,2,5.3,100,100
22,Female,4,3.79,4,100,7,5.2,2.6,0.8,0,No,Single,4,0.4,17,1,5.6,100,96
22,Male,2,3.38,2.5,100,7.1,3.6,0.2,3.6,4.7,Yes,Single,2.7,0,13,1,0,85,99
21,Female,3,3.96,3.1,91,6.8,4.1,2.2,1,5.6,No,In a Relationship,3.7,1.1,14,3,0,100,93
25,Male,2,3.17,2.1,81,7,7.5,5.9,1.4,2.4,No,In a Relationship,5.9,1.6,7,0,2.8,88,94
21,Male,4,4,5.2,100,10,7.4,3.8,2.4,3.7,Yes,Single,3.7,2.2,4,0,5.5,100,100
28,Male,4,3.32,3.1,99,7.4,4.9,2.5,2.1,1.3,No,Single,4.8,0.4,13,2,4.9,100,100
22,Male,3,4,5.7,100,7.8,6.4,3.8,0,3.7,Yes,Single,4,0.4,13,0,5.9,100,100
21,Male,4,4,5.8,100,7.5,2.7,2,1.3,7.9,No,Single,3.9,2.7,10,1,4.8,100,100
27,Female,2,3.55,3.4,90,6.7,5.8,1.6,1.2,0,No,Single,2.7,0.7,8,3,5.3,91,100
26,Female,1,3.1,2,78,8.6,9,5.4,3.2,2,No,In a Relationship,2.2,0.9,8,1,5.8,98,86
20,Female,3,2.36,0.5,74,6.7,4.9,1.1,2.1,4.6,No,Single,3.9,2.4,5,0,5.6,74,68
25,Female,3,3.3,1.3,87,8.3,5.8,2.3,3.8,5.5,Yes,Single,2.6,0,17,1,3.5,100,96
26,Female,4,3.38,1.4,76,6.6,4.5,3.3,1.4,0.2,No,In a Relationship,6.7,0,9,0,2.5,83,81
18,Female,4,4,5.6,100,5.8,4.7,1.4,1.4,1.7,No,In a Relationship,5.2,2.6,7,2,1,100,100
18,Female,3,3.7,3.7,86,7.4,6.1,3.8,1.4,1.8,No,Single,5.2,0.6,15,5,4.6,100,82
23,Male,2,3.55,4.1,86,5.7,4.1,2.3,2.1,1.7,No,Single,4.1,0.7,9,1,5.5,90,100
23,Male,1,2.37,0.5,70,7.6,7.4,3.8,5.1,2.8,No,In a Relationship,5,0.8,9,2,4.7,71,92
25,Female,4,3.2,1.7,84,5.6,8.7,3.7,1.6,0.1,Yes,In a Relationship,5.1,0.9,18,1,5.3,100,91
23,Female,4,4,4.8,100,6.6,7.2,2.4,0.3,2.5,Yes,Single,4.2,0.7,6,4,5,100,96
18,Male,4,3.55,3.9,92,5.3,9.1,5.4,1.9,1.1,No,In a Relationship,5.8,1.3,7,6,6.1,100,94
19,Female,1,3.58,3.3,91,10,4.8,1.8,0.6,2.9,Yes,Single,2.9,2.5,3,0,3.1,100,99
23,Male,2,3.55,4.3,81,5,7.5,4.8,0.8,1.6,Yes,Single,5.6,0.4,12,0,4.3,94,96
21,Female,2,4,6,100,7,6.5,4.6,1.8,2.7,No,In a Relationship,5.9,0.6,9,2,3.2,100,93
20,Female,4,3.39,3.2,98,8.4,8.2,5.5,3.9,0.9,No,In a Relationship,5.5,1.2,21,1,5.5,100,100
21,Male,2,3.33,3.6,100,8.2,7.2,3.1,1.1,4.9,Yes,Single,2.9,2.8,9,1,2.7,89,87
26,Male,3,4,3.8,94,8,6.8,1.6,1.9,2.3,No,In a Relationship,2.9,0.9,15,1,1.7,100,92
26,Female,2,3.55,7.1,100,6.6,7.9,5.9,1.5,3,No,In a Relationship,4.2,0.3,8,1,3.2,100,91
26,Female,2,3.3,0.5,60,8.6,2.9,2.3,2.4,2.7,No,In a Relationship,1.4,0,16,1,5.4,84,87
23,Male,2,4,4.5,100,8.1,4,1.6,0,3,Yes,Single,4.1,0.4,19,1,0.4,100,100
23,Male,1,4,3.3,94,7.3,6.6,2.5,1.1,3,No,Single,3.5,0.3,9,1,2.5,100,97
22,Female,1,3.84,4.4,100,7.3,6.8,1.3,1.3,4.6,Yes,Single,1.8,0,11,2,3.9,100,100
18,Female,4,3.42,2.5,88,6.6,8.2,3.6,1.8,2.4,No,Single,5.1,1.3,11,1,3.7,100,90
22,Female,1,3.17,3.4,90,5.9,6.4,1.9,2.5,1.6,No,Single,3.7,0.9,13,1,1.9,99,89
25,Female,4,4,4.6,92,8.5,4.4,2.4,3.3,3.1,No,Single,3.3,2.6,17,1,2.2,100,95
24,Female,4,4,8.2,100,8.6,6.3,4.3,1.6,1.8,No,In a Relationship,3.1,1.4,9,3,3.6,100,100
22,Male,1,3.97,4.7,99,5.9,5.1,3.7,3.5,2.9,No,In a Relationship,5.5,2.2,17,3,5.9,100,94
18,Male,2,3.62,2.2,91,6.8,5,2.8,2.5,0.9,No,Single,4.6,1,13,2,6,100,92
19,Male,4,3.2,2.9,99,6.8,7.2,3.1,3,5.1,No,In a Relationship,4.3,0.3,20,2,2.9,100,95
20,Male,2,3.61,2.8,81,7,7.7,2.8,2.1,1.4,No,In a Relationship,4,1.8,14,1,4.2,86,100
25,Male,3,3.6,0.8,89,7.1,5.6,2.2,1.9,5.4,No,Single,3.6,0.1,5,1,0.8,86,78
28,Female,4,3.47,3,88,8.1,5.5,2.8,3.3,2.9,Yes,In a Relationship,2.2,2.4,16,0,4.8,93,93
19,Male,1,3.97,4.6,93,6.1,5.2,3.5,2.1,4.7,No,Single,6.6,0.5,12,0,3.4,91,99
27,Female,2,3.21,1.6,75,6,5.5,2.6,2.2,1.5,Yes,In a Relationship,5.1,1.9,11,0,3.8,100,80
23,Male,3,3.87,5.1,90,8.5,6.6,3.4,0.3,0,No,Single,6.1,1.6,15,3,7.8,100,91
18,Female,4,3.9,4.2,96,6.4,2.7,1.5,1.5,0,Yes,Single,4.1,0.2,8,2,4.3,100,90
21,Male,2,4,2.4,94,5.5,6,1.9,1.1,8,Yes,In a Relationship,2.2,2.4,11,1,4.4,100,100
23,Female,4,3.93,3.3,96,6.4,4.2,1.7,2.7,1.8,Yes,Single,3.6,3.1,9,4,1.9,100,86
28,Male,2,4,5.9,100,6.6,6,2,2.2,5.2,No,In a Relationship,3.4,0.5,15,5,4.1,100,92
19,Male,4,3.98,4.6,100,8.9,7.7,4.7,2.3,0.4,No,Single,4.6,0.5,10,1,0.1,100,94
24,Female,2,3.87,3.5,100,8.1,7.3,3.9,1.2,3.4,Yes,Single,5.9,1.3,13,3,4.3,100,94
24,Male,1,3.86,3.1,89,8.4,3.4,1.2,1,3.7,No,Single,1.9,2.1,13,3,5.4,94,95
21,Male,3,4,3.6,100,8,6.1,3.5,1.9,8.7,Yes,Single,2.3,2.4,14,2,4.2,100,95
21,Male,2,3.42,2.7,91,8.1,6,2.2,3.1,2.4,No,Single,4.3,0.8,10,2,5.8,100,91
19,Male,1,2.48,0.5,66,6.2,4.6,1.8,0.3,1.6,No,In a Relationship,2.6,1.3,18,1,1.1,75,69
26,Male,2,4,6.6,100,6.8,2.3,0.6,0.9,3.7,Yes,Single,3.1,0.8,17,0,3.5,100,88
19,Female,4,3.94,3.7,90,5.8,7.4,4.3,4.1,1.2,No,Single,5.6,0.8,21,1,5.9,100,98
27,Female,4,3.45,4.1,94,6.7,4.3,0.8,0.2,3.8,No,In a Relationship,3.6,0.7,7,2,2.6,100,100
27,Male,1,3.7,3.4,85,7.8,7.3,2.7,3,2.9,No,Single,4.1,0,13,3,5.5,100,94
24,Male,3,3.42,2.4,85,7.2,5.8,1.4,0,1.5,No,Single,5.7,2.1,4,3,6.3,89,90
23,Male,2,3.76,3.2,88,8.6,6.9,4,0.7,4,No,In a Relationship,2.9,1.3,6,0,2,90,94
23,Male,3,2.85,1.1,84,5.6,4.6,2.3,2.6,3.2,No,In a Relationship,3.7,2.7,16,2,3.5,88,82
24,Female,1,4,6.9,100,7.6,5.3,2.6,0.8,4.5,Yes,Single,4.1,2,11,1,1.5,100,100
20,Male,1,2.98,1.6,74,5.5,5,2.6,1,6.3,No,Single,4.1,0.8,7,0,3.1,76,94
18,Male,3,3.83,2,91,7.1,6.9,3.3,0,2,Yes,In a Relationship,4.8,0.1,16,0,3.2,98,100
22,Male,2,3.57,2.8,100,7.9,7,2.8,0.3,2.2,No,Single,2.5,3.1,14,2,3.4,98,100
27,Male,2,4,5.4,99,6.7,7.2,2.7,0,0.3,No,In a Relationship,6.9,0,1,3,4.8,100,100
27,Female,1,3.77,3.5,86,7.7,4.5,2,0,4,No,In a Relationship,3.8,0.9,18,3,3.9,100,97
24,Male,2,3.27,1.6,86,5.8,2.8,0.4,2.4,1.7,Yes,Single,2.2,0.9,12,2,4.6,76,88
23,Female,1,3.75,5.4,100,5,3.6,1.1,0,3.7,No,Single,4.6,0.6,9,2,4.8,100,99
18,Male,2,4,4.6,95,7.7,4.6,3.9,1.9,5.3,No,Single,2.7,0.3,5,4,3.6,100,100
21,Female,2,3.93,4.3,100,9.1,3.9,2.3,1.4,1.6,Yes,In a Relationship,4.3,0,14,0,5,100,100
26,Female,2,4,4.6,98,5.8,4.8,1.8,0.1,2.1,No,In a Relationship,3,0.5,10,3,2.7,100,100
23,Male,2,4,7.1,100,8.5,4.2,0.7,0,5,Yes,In a Relationship,3.3,1.1,11,4,5.9,100,100
25,Female,3,4,6.8,100,7.1,3.8,0.2,2.3,4.4,Yes,Single,1.5,1.5,12,0,2.8,100,94
26,Female,4,3.17,2.5,86,5.4,3.8,1.7,2.4,4.2,Yes,Single,3,0.7,15,3,2.8,95,100
18,Male,4,4,5.9,100,5.6,6.5,4.1,3,2.2,No,In a Relationship,5.4,0.7,13,2,3.5,100,98
21,Male,1,3.72,4.1,100,7,4.7,2,1.3,0.1,No,In a Relationship,3.7,0.2,20,3,2.3,100,100
20,Male,1,3.82,4.2,90,6.5,5.9,3.4,0.9,1.6,No,In a Relationship,4.2,1.4,3,3,4.2,98,94
23,Female,4,2.91,1,66,5.4,5.7,1.9,0,1,No,In a Relationship,3.1,1.2,9,2,3.3,95,86
23,Male,1,3.22,3.2,81,5,5.2,3.8,1.5,4.2,No,Single,4.6,1.6,17,4,5.7,100,87
28,Female,3,3.04,2.3,85,6,3.9,2.3,0,3.6,No,In a Relationship,5,0.7,22,1,0.8,88,89
25,Male,3,4,4.7,100,7.2,3.6,1,0.8,1.8,Yes,In a Relationship,5.4,0.3,18,2,2,100,100
23,Female,3,4,5.1,93,7,3.8,2.4,1.1,2.1,No,Single,4.9,1.2,15,4,2.8,100,97
20,Male,3,2.23,0.5,65,6.4,6.3,5.6,0.2,4,Yes,In a Relationship,5.9,1.7,16,4,3,84,69
24,Male,2,3.43,3.5,98,7.2,6.7,5.5,3.3,2.4,No,In a Relationship,3.5,0.3,16,3,4.1,100,98
20,Female,4,3.91,5.2,100,8.2,6.2,3.5,4.7,1.8,Yes,In a Relationship,4.1,0.6,9,4,7.9,100,100
25,Female,1,3.83,3.2,100,7.5,6.4,2.6,3.4,7,Yes,In a Relationship,2.4,0,15,2,3.2,100,95
21,Male,4,4,4.6,87,6.9,7.1,3.3,3.3,1.9,No,Single,3,0,7,0,2.3,100,95
20,Male,4,4,4,96,8.1,8.2,3.3,2.1,4.3,No,Single,2.4,0.7,13,2,6.4,100,100
20,Male,1,3.44,4,95,5.8,5.8,2.7,2.7,3.8,Yes,Single,5,0.4,10,0,1.9,100,95
28,Male,3,3.57,3.1,93,6.7,6.8,3.5,2.5,0,No,In a Relationship,4.5,2,14,3,6.7,100,95
22,Male,4,3.31,1.7,72,6.8,5.8,3.1,1,1.6,No,In a Relationship,3.1,1.2,9,0,5,92,100
25,Female,3,3.32,1.8,82,5.5,5.1,2.3,3.1,4.6,Yes,In a Relationship,3.4,2.5,12,1,4.2,94,78
18,Female,1,4,4.6,100,6.5,6.5,1,0.8,2.7,No,Single,3.9,2.5,7,2,9.3,100,94
19,Male,4,3.1,3.5,89,4.5,5.4,2.1,3,0.1,No,Single,4.6,1.2,10,3,2.5,96,93
23,Female,3,4,3.3,97,9.3,7.4,4,2.6,3.8,No,Single,2.4,0,18,3,1.7,100,97
22,Female,1,3.63,2.9,89,5.9,4.4,2.8,1.3,1.8,Yes,In a Relationship,3.8,1.6,3,2,0,96,89
21,Male,3,3.47,3,87,8.9,6.8,3.3,0,3.9,Yes,In a Relationship,4.3,2.3,12,1,3.5,93,78
25,Female,2,4,5.1,100,7,6.2,2.4,2.5,8.4,Yes,Single,1,1.8,19,0,2.7,100,93
23,Female,4,3.3,3,84,7.7,5.5,1.2,0.3,3.8,Yes,In a Relationship,2.8,1.5,16,4,3,97,84
18,Male,3,3.38,1.5,67,6.4,6.2,2.4,2.1,4.2,Yes,Single,3.8,1,12,5,6.1,84,86
22,Male,4,4,4.6,100,7.2,4.1,1.3,1.9,2.5,Yes,In a Relationship,2.7,0,16,1,4.7,100,100
23,Male,1,3.72,3.2,80,7.8,4,1.2,1.7,0.8,No,In a Relationship,2.6,1.8,8,5,2.5,100,95
28,Male,4,3.68,3.5,89,7.8,7.5,4.6,1.8,5,No,Single,5.1,1,16,2,6.4,100,100
22,Male,1,3.97,5.9,100,7.9,5.3,2.2,1.2,1.8,No,In a Relationship,4.7,1.5,18,5,4.8,100,98
22,Male,2,4,3.5,94,6.6,6.2,1.7,0.4,2.5,Yes,In a Relationship,4,0.6,13,1,6,90,100
21,Male,4,3.81,3.9,100,6.4,9.5,5.2,2.2,6.6,No,In a Relationship,4,3.2,17,3,2.3,100,97
20,Male,1,2.54,1.7,78,5.1,7.9,4,4.1,2.3,No,Single,5.5,1.4,7,3,3.8,71,73
20,Male,1,3.66,3.2,91,7.6,7.6,2.2,2.8,5.4,Yes,Single,3.5,0.8,6,2,3.2,99,100
25,Female,4,4,4.4,100,8.3,3.2,3.4,2.4,3.8,Yes,In a Relationship,3.6,0.1,16,3,4.8,100,93
19,Male,4,3.19,1.2,71,8.9,4.8,2.4,0.9,1.9,Yes,Single,3.9,0,24,2,7.8,96,92
27,Male,2,3.82,3.8,100,7.4,4.8,1.8,5.1,3.7,No,Single,3,1.8,12,0,1.7,100,98
22,Female,3,3.98,3.7,87,6.1,5.7,3.5,2.2,1.6,Yes,In a Relationship,1.8,0.6,16,5,6.1,100,100
19,Female,3,3.98,3.6,99,5,4.2,2.3,1.9,4.8,No,Single,4,0.8,1,2,4.8,100,98
26,Male,2,4,5.1,100,8.3,3.8,2.9,2.5,5.5,No,Single,3.8,0.7,15,1,3.4,100,100
26,Male,2,3.56,4,94,4.8,6.9,4.3,0.2,3.1,Yes,Single,5.5,0.1,10,1,5.1,100,100
27,Female,1,4,5.7,100,6.6,8.3,4.2,1.8,5.7,Yes,Single,4.6,0.9,22,2,1.6,100,100
19,Male,4,3.7,2,74,6.7,5.9,2,2.6,3.3,Yes,In a Relationship,3.5,1.3,16,2,5,100,98
23,Female,4,3.15,3.7,83,6.9,5.6,3.5,1.6,4.8,Yes,In a Relationship,3.8,0.2,12,0,1.9,100,88
28,Male,3,4,3.6,83,7,4.4,1.1,0,8.9,Yes,In a Relationship,2.4,1.5,9,1,4,100,100
20,Male,4,3.3,1.9,78,7.2,8.1,3.5,2.5,8,Yes,Single,5.2,0,18,4,0,91,86
20,Male,1,3.5,4.9,92,4.1,4.2,3,1.2,2.6,No,Single,6.1,0.8,19,3,3.7,96,92
22,Female,4,4,7,100,7,6.2,3.4,3.1,3.6,Yes,Single,4.9,1.6,8,1,4.2,100,100
19,Male,2,3.22,3.5,80,4.3,5.7,2.4,1.5,0.9,No,Single,5.5,1.2,18,1,4.6,92,91
25,Female,3,3.55,4.3,100,7.9,8.9,5.9,0.4,4.6,No,In a Relationship,3.3,0,17,1,1.8,100,92
26,Male,1,3.98,3.6,87,6.3,5.4,1.4,1.8,3.8,No,In a Relationship,4.8,0,13,1,4,92,98
28,Female,2,3.35,2.4,70,4.4,5.5,4.3,1.7,1.5,Yes,In a Relationship,6.8,1.8,16,1,3.5,87,89
21,Female,3,2.37,0.8,63,6,3.1,1.3,2.7,5.4,No,In a Relationship,3.7,1.9,15,1,4.9,72,87
18,Male,3,3.7,2.4,82,6.3,7.4,3.6,2.1,2.5,Yes,Single,4.7,1.6,7,3,5.2,83,87
28,Male,4,3.11,1.4,77,8.4,4.7,3.7,0.6,2,Yes,Single,4.7,1,14,2,5,85,90
21,Female,3,4,6.1,100,7.2,6.9,2.9,2.2,3.8,Yes,In a Relationship,3.6,1,11,0,4.3,100,100
21,Male,2,3.5,3.3,97,7.4,5.6,2.1,2.7,2.1,No,Single,4.6,1.1,7,4,2.9,100,92
20,Male,2,3.85,3,100,8.4,6.9,3,0.5,2.9,No,In a Relationship,2.8,1.8,8,3,6.9,100,100
20,Female,1,4,4.8,92,6.9,5.6,3.2,1.8,6.5,No,Single,1.7,1.1,4,1,2.5,100,94
20,Male,3,2.81,1.8,78,7.9,9.1,5.5,0.1,1.8,No,In a Relationship,3.9,1.6,3,2,6.5,94,92
22,Male,2,3.88,2.3,96,7.8,3.1,1.5,3.4,4.4,No,In a Relationship,3.1,2.5,9,0,0,100,100
22,Female,2,3.8,3.6,83,5.5,4.5,2,2.8,1.8,Yes,Single,4.2,0.2,18,0,1.8,100,100
19,Male,4,4,5,100,8.8,6.2,3.2,0.9,1.1,No,Single,3.8,1,6,1,3.2,100,99
26,Male,2,3.6,4.3,100,5.3,4.3,2.4,0.8,2.8,No,In a Relationship,3.2,0.3,6,3,6.2,97,96
27,Female,2,3.97,3.9,98,8.1,5.9,2.6,1.4,8.4,Yes,In a Relationship,2.8,0.8,22,2,2.3,100,97
24,Male,3,3.8,3.6,78,5.2,6,4.4,1.4,4.6,No,In a Relationship,4,1.1,7,6,5.6,96,98
21,Male,3,4,4.1,96,7.7,3.3,0,1.2,3.9,No,Single,3,0.3,12,3,4.1,100,100
28,Male,3,4,3.8,100,9.2,7,1.9,1.4,2,Yes,Single,1.7,0,15,2,4.6,100,99
23,Female,1,3.05,2,92,6.7,1.7,0.2,0.1,2.2,Yes,Single,2.5,0,11,1,3.1,75,97
22,Male,4,3.68,3.6,82,6.7,4,1,0.1,0,No,Single,3.1,1.6,12,0,3.6,100,93
23,Female,2,2.84,1.9,68,7.7,7.5,6.4,0.1,6.6,Yes,Single,5.1,0.5,8,2,3,94,87
18,Male,3,3.35,3.6,92,6.6,5.7,3.7,1.8,3.5,No,Single,4,1,9,1,6.4,100,90
19,Female,1,3.37,2.8,78,9.2,8,4.2,2.9,3.4,Yes,Single,4.2,1.2,14,2,5,83,89
25,Male,4,4,7.3,100,7.2,5.2,2.7,4.3,3.4,No,Single,5,2.1,6,2,2.1,100,93
25,Male,1,3.32,3.4,93,6.6,7.8,3.9,3.6,7.2,No,In a Relationship,5.6,0.9,19,4,7.1,100,93
22,Female,3,3.19,1.4,81,6.4,3.6,0.2,0.5,3.6,No,Single,3.4,1.4,3,0,4.4,86,95
26,Male,1,3.56,3.3,80,5.9,7.3,4.4,3.1,2.6,Yes,Single,4.1,0.1,13,1,4,98,100
23,Female,2,3.8,4.3,100,6.2,3.4,1.6,1.7,6.6,No,In a Relationship,4.4,1,7,0,2.4,100,90
19,Female,1,4,6,100,6.6,5.8,2,2.2,2.7,Yes,In a Relationship,5.5,0.2,14,1,4.5,100,90
20,Female,1,3.14,2.6,76,6.4,7,3.6,3.6,0,No,In a Relationship,5.1,1.1,7,3,2.9,92,89
27,Male,4,2.62,1.1,76,6.2,4.5,3.3,3.2,0,Yes,In a Relationship,6.5,1.3,15,2,2.1,99,77
19,Female,4,4,4.7,100,9.5,4.7,2.9,0.7,2.6,Yes,In a Relationship,3.6,1,16,2,1.1,100,100
22,Male,4,3.33,1.4,84,5.8,1,0.8,1.1,3.6,Yes,Single,1.9,0.8,17,3,4.5,96,89
25,Male,4,2.92,2.8,90,7.2,4.3,2.9,1.4,4.6,No,In a Relationship,3.1,1.5,10,0,2.7,84,85
24,Male,3,3.04,3.1,90,7.7,6.8,4.2,1.7,1.2,No,Single,4.2,0.8,20,1,6,93,87
18,Male,2,3.65,3.4,94,7.8,3.7,2,2,2.5,No,In a Relationship,3.2,0.8,12,1,6.5,100,100
27,Male,2,3.65,4.5,93,6.9,6.8,4.8,3.5,1.4,No,Single,4.3,0.1,12,3,2,100,94
27,Male,3,3.74,2.5,94,6.7,6.2,1.5,1.4,5.2,Yes,Single,2.3,1.7,15,1,5.6,98,93
20,Female,4,3.64,3.1,90,7.5,7,2.8,1,5.6,No,Single,4.7,1.2,4,1,6.7,100,88
28,Female,3,3.44,3.5,93,7.3,7.3,5.1,1.7,6.9,Yes,In a Relationship,2.4,0.7,11,1,6.3,99,98
26,Female,3,3.88,3.7,100,6.7,5.8,1.8,0.8,3.7,No,Single,2.9,0.2,14,2,7.3,100,100
18,Female,4,3.27,3.6,79,5.1,8.9,4.4,3.5,6.7,No,Single,5.3,3.5,9,2,2.3,99,83
26,Female,3,3.36,4.2,88,6.4,9.5,5.8,0,1.6,No,In a Relationship,5.2,0,12,1,4.2,98,85
23,Male,2,3.71,4.8,98,5.6,6.5,3.1,0,3.4,No,Single,5,0.4,20,2,0.5,100,99
25,Female,3,4,4.1,98,6.2,6.3,2,0.4,0.9,No,Single,4,0.7,8,1,6,96,100
21,Male,4,3.75,4.2,100,7,5.5,1.6,0,4.1,No,Single,3.8,2.1,16,2,4.6,100,95
23,Female,1,2.67,1.1,74,7.4,6.3,4.8,1.9,3.6,No,In a Relationship,3.6,0.9,9,1,4.8,90,73
18,Female,2,3.82,3.6,94,9.1,7.5,4.7,0,0,Yes,Single,2.8,1.4,12,1,2.3,100,95
28,Male,4,3.99,4.2,89,6.4,7.3,5,4.2,5.2,Yes,In a Relationship,4.3,0.8,15,3,3.3,100,94
20,Male,1,4,4.6,100,7.9,7.2,2.8,1.8,4.7,Yes,Single,1.6,3,16,2,1.9,100,100
23,Female,2,3.4,2.5,86,7.4,6.7,4.4,1.1,1.9,No,Single,4.7,1.6,14,3,1.2,98,81
18,Female,3,4,2.5,88,8.6,4.8,2.7,0,3.6,Yes,In a Relationship,2.2,0.5,16,3,4.4,89,100
27,Male,3,3.76,2.6,87,7.7,5.7,1.5,1.7,0,No,In a Relationship,2.8,1.9,11,1,5.2,100,92
25,Female,4,3.32,4.3,95,5.8,7.8,4.5,3.8,1.5,No,Single,6.9,1,10,1,2.2,100,94
19,Female,2,4,5.1,95,4.9,10.8,5.3,0,6.3,Yes,In a Relationship,5.4,3,17,1,5.1,100,100
20,Female,2,3.72,2.9,80,7.4,3.3,1.3,2.5,0.7,No,In a Relationship,2.3,2.6,3,2,5.2,100,83
22,Female,3,4,4.9,97,6.4,3.6,1.2,0.4,3,Yes,Single,3.6,1.5,10,0,0.6,100,100
28,Female,1,3.42,3.7,100,5.8,7.2,2.9,3,0.2,No,In a Relationship,4.9,1,11,3,1.9,100,95
23,Male,2,3.49,3.3,89,5.5,5.7,4.2,0.5,3.7,No,Single,2.9,0.6,13,1,6.4,91,92
28,Male,4,3.56,3.2,89,7.2,5.7,1.1,3.5,4.1,Yes,In a Relationship,3.4,2.1,17,2,6.5,94,92
26,Male,1,4,4.6,100,8.8,4.7,3.1,2.3,4.4,Yes,In a Relationship,4.2,2.7,13,2,5.4,100,100
23,Female,4,3.77,4,90,6.5,5.6,1.9,0.2,3.9,Yes,In a Relationship,3.3,0.9,11,1,4.4,100,93
22,Male,3,4,6.9,100,7.7,4.7,3.9,0.3,5.9,Yes,Single,3.4,1.6,16,2,3.6,100,100
18,Male,1,3.21,2.2,94,6.9,4.7,1.6,1.2,1.9,No,Single,3.3,1.7,13,2,3,100,87
24,Male,2,3.41,4.3,92,5.5,5.4,4,0.1,0.9,No,Single,5.9,2.1,13,1,1.6,100,93
25,Male,3,3.81,2.7,96,7.9,7.9,2.6,0,1.8,No,Single,3.7,0.4,20,1,6.3,97,99
21,Male,3,3.31,2.2,97,5.7,3.1,1.4,3.1,0.3,No,Single,4.3,1.6,17,1,3.6,99,95
28,Female,4,3.58,3.5,90,7,4.9,2.9,0,3.2,Yes,Single,3.3,3.4,25,3,2.4,100,96
27,Male,3,3.83,3.7,89,6.6,3.6,0,3.6,2.7,No,In a Relationship,5.2,1.3,2,2,1.3,100,89
25,Female,2,4,7.9,100,8.1,4.3,2,0.9,4,No,Single,2.9,1.7,18,5,4.2,100,86
18,Male,1,2.95,3.2,81,5.7,7.1,3.3,2.1,0,Yes,In a Relationship,6,1.6,19,0,4.5,100,86
23,Female,3,2.99,1.8,87,7.5,2.2,0.1,4.5,3,No,In a Relationship,3.1,1.8,9,3,1.7,87,100
18,Female,3,4,3.9,100,6,2.1,0,2.4,5.4,No,In a Relationship,1,0,11,1,1,100,98
26,Female,4,3.45,0.5,91,6.4,3,0,0.7,4.1,Yes,In a Relationship,2.6,3.2,12,4,3.1,87,87
23,Male,3,3.53,3.4,84,3.5,6.3,4.8,3.8,0,No,In a Relationship,5.5,1.3,10,2,6.4,89,80
23,Male,1,3.55,3.5,94,9.5,6.2,2.7,0,3,No,In a Relationship,4.1,1.7,10,3,6,100,85
28,Female,1,4,4.7,100,7.7,6.1,2,1.8,1.5,Yes,Single,2.5,1.3,29,2,3,100,100
22,Male,2,3.9,5,100,6.1,7.9,4.2,3.2,3,No,In a Relationship,5.4,2.1,12,2,4.6,100,87
19,Male,2,2.97,2.7,96,5.7,6,2.2,0.9,2.2,No,Single,5.4,0.7,15,0,2.5,95,95
26,Female,2,3.65,3.3,82,6.4,3.9,3.2,0.1,6.5,No,Single,4,0,14,3,5.2,100,82
26,Female,3,3.43,2.4,97,7.9,5.2,2.8,0,3.2,No,Single,3.7,1.1,12,7,3.2,100,100
20,Male,4,3.62,1.8,96,4.7,4.8,2.1,1.4,3.6,Yes,In a Relationship,4.1,1.7,6,2,6.2,99,100
21,Female,1,3.55,4,100,6.8,7.9,3.2,0,2.9,No,In a Relationship,4.2,0.9,17,3,3.9,99,88
24,Female,3,3.72,1.6,93,9.1,6.3,4,0,3.9,Yes,In a Relationship,2.3,0.5,12,3,1.3,76,84
18,Male,1,2.97,2.9,83,5.6,2.7,2.5,0.7,2.6,No,Single,4.7,1.5,4,1,0.5,79,91
24,Male,4,3.37,2,98,7.1,3.9,2.1,0.9,4.5,No,In a Relationship,4.5,0.3,13,0,1.5,94,98
23,Female,3,4,4.3,100,9.6,4.5,2.3,1.9,2.2,No,In a Relationship,2.2,2.2,14,3,5.9,100,99
26,Female,3,4,6.2,100,7.8,1,0,1.1,5.8,No,Single,2.1,0.9,18,1,1.3,100,100
25,Male,1,2.54,1.5,75,7.2,7.4,3.2,0.6,4,No,In a Relationship,3.9,1.7,5,6,3.4,82,78
20,Female,3,3.15,0.7,73,7.6,2.1,1,3.1,2.7,No,In a Relationship,3.5,0,11,0,6.8,84,77
25,Female,2,3.84,3.3,89,6.5,7.2,3.7,2,4.7,Yes,In a Relationship,3.7,2.6,9,2,5.9,100,100
21,Female,2,3.78,3.5,87,8.6,4.4,2.7,3.9,4,Yes,In a Relationship,1.8,1.7,8,4,2.2,100,99
28,Male,2,3.63,3.8,88,6.5,7.8,3,1.5,4.7,Yes,In a Relationship,2.9,1.8,13,1,1.3,100,90
20,Male,4,2.53,2.8,73,4.6,6.6,3.9,0,3.2,Yes,Single,3,0,10,1,5.9,82,72
28,Female,3,3.78,3.2,100,6.5,3.8,1.4,0.6,2.5,No,Single,4.6,0.5,15,5,9.1,100,97
21,Female,3,3.7,4.1,100,5.8,7,3.4,0,3.3,No,In a Relationship,5.1,1.4,8,1,3.3,100,90
22,Male,2,3.87,5.1,100,6.7,5,3.2,1.7,2,Yes,Single,4.5,0.1,11,0,1.9,100,87
22,Male,2,2.78,0.6,72,6.7,6.2,2.5,1.7,5,No,In a Relationship,3,0.6,13,3,6.3,92,83
22,Female,3,3.68,2.9,95,8.4,3.8,1.4,0,5.9,No,Single,2.3,2,14,2,6.1,100,96
25,Male,3,3.94,3.8,100,7.8,6,3.7,1.2,4.2,Yes,In a Relationship,3.9,0.6,13,1,2.5,94,100
19,Male,2,3.22,2.1,71,7.3,6.8,3.9,2.1,5.8,Yes,Single,3.3,1.6,12,1,3.3,90,88
23,Female,1,4,6.1,100,7,4.7,3,0.2,5.3,No,In a Relationship,3.2,0.4,9,2,5,100,100
19,Male,3,3.28,2.5,74,5.7,4,1.2,5.7,2.5,No,Single,5.3,1.8,20,4,3.9,96,93
22,Male,4,3.76,3.4,95,4.4,5.4,2,0.8,4.7,No,Single,3.1,0.1,13,4,8.1,100,98
18,Female,2,4,4.3,92,7.1,2.9,2.7,1.2,0.4,Yes,In a Relationship,5.5,1.8,6,1,0.4,100,100
22,Female,2,3.46,2.6,95,8,8.1,3.8,0.6,3.4,No,Single,2.4,3.4,2,3,6.6,89,95
26,Male,2,2.74,0.7,74,6.9,4.4,0.4,0,0.6,Yes,Single,5.2,0.7,18,3,3.7,66,75
21,Female,1,3.57,2.9,89,6.4,2.8,2,0.5,2.8,No,Single,1.6,0.5,6,3,1.9,100,93
19,Male,1,4,5,100,7.6,2.8,2.2,0.8,0.1,Yes,In a Relationship,4.7,2.3,13,2,5.6,100,100
22,Male,1,3.98,3,91,6.9,6.7,2.7,2,5.2,No,Single,3,1.3,6,2,3.5,100,100
28,Male,3,3.74,2.2,88,9,4.7,0.8,1.6,2.2,Yes,Single,2.6,0,13,2,5.9,100,98
25,Female,1,4,4.9,100,8.5,6.2,2.5,0,4.8,Yes,Single,2.9,1.5,14,3,6.2,100,93
26,Male,1,3.75,3,91,8.2,3.6,2.3,2.1,2.8,No,Single,4.1,1.4,16,1,3.5,100,94
21,Male,4,3.8,2.7,95,7.9,6.4,1.2,1.6,0,Yes,Single,1.8,0.6,12,1,1.1,100,100
27,Male,3,3.67,3.7,93,5.5,4.7,2.6,3.1,2,Yes,Single,4.7,0.5,12,4,7.4,100,87
20,Male,2,4,4.7,96,7.8,5.3,2,4.1,1.9,Yes,Single,3.9,2.1,7,4,3.2,100,97
23,Female,4,4,7.1,100,7.5,6.8,3.5,2.3,3,Yes,Single,3.5,0.2,11,1,2.1,100,97
21,Female,3,4,4.7,100,7.7,6.4,1.5,2.4,6,No,Single,2.6,0,12,3,2.1,100,100
26,Male,1,4,5.2,100,7.6,6.1,2.9,0.5,6.3,No,In a Relationship,2.6,0.4,12,4,5.1,100,96
24,Female,4,3.65,2.7,97,7.5,5.1,1.6,1.3,2.5,Yes,Single,4.1,2.1,11,2,8,100,100
19,Female,1,3.74,2,78,10,4.8,1.9,0,0.5,No,Single,3.5,0.9,7,1,6.3,94,91
19,Female,3,3.77,3.6,91,6.9,4.8,3.2,0.9,1.5,No,Single,4.8,0.6,6,0,0.8,100,95
21,Female,2,3.59,3.7,100,8.1,3.4,3.2,2.2,4,No,In a Relationship,4.3,1.1,20,4,5.2,93,98
18,Female,3,2.94,1.9,79,6.4,5.2,2.2,3.6,2.8,No,In a Relationship,5.3,1.7,15,1,4.8,87,84
25,Female,3,3.5,3.2,92,7.9,3.7,2.4,1.2,0,No,In a Relationship,3.2,2.7,24,1,4.3,89,98
27,Male,3,4,4.1,100,8.1,4,0.6,1.1,2,No,In a Relationship,5.2,1.6,14,0,0.8,100,86
19,Male,2,3.96,4,90,7.4,8.1,4.9,0.9,5.6,Yes,Single,4.6,3.2,15,2,4.9,100,88
23,Male,4,4,4.3,100,9,6.9,3.8,0.3,3.6,Yes,In a Relationship,3.1,1.9,7,1,7.8,100,99
18,Female,2,3.46,3.9,92,5.9,5.5,3.8,0.2,3.1,Yes,Single,7.1,0.9,19,1,3.5,100,97
27,Male,1,3.26,2.7,89,6.4,4.6,0.4,0.4,2.2,No,Single,3.1,2.1,3,3,3.5,100,94
18,Female,3,3.88,2.7,82,7.3,5.5,1.9,3.1,2.1,Yes,Single,2.6,1.8,15,4,3.6,100,100
21,Female,2,3.37,1.7,87,8.1,3.9,2.3,1.2,4.1,No,In a Relationship,2.8,2.4,13,0,2.2,82,85
22,Female,4,4,6.2,99,7.2,5.5,0,0,3.3,No,In a Relationship,2.3,1.9,19,1,1.3,100,91
20,Male,1,3.66,3.5,95,8.5,6.8,4.1,0.2,4.5,No,In a Relationship,4.8,1.3,11,2,3.8,100,96
22,Female,1,2.95,3.2,85,6.2,6.4,5,0,4.1,No,In a Relationship,4.9,0.7,12,0,3.2,100,80
19,Male,1,3.16,2.1,68,5.6,8,5.9,1,3,No,Single,5.9,1.3,2,0,2.4,100,91
25,Female,3,4,7.9,100,7.4,2.4,1.2,0.6,3.8,No,Single,3.2,0,3,0,3.9,100,93
26,Female,2,3.13,1.9,84,6.9,7.6,3,1.7,1.8,Yes,Single,5.6,1,14,3,4.3,86,79
28,Male,4,3,2.9,84,7.7,9.1,4.8,2.5,2.9,Yes,Single,4.3,0,18,1,5.3,98,93
20,Male,4,4,4.1,99,7,6.3,2.4,0.5,5.7,No,In a Relationship,3.2,1.7,13,4,5.5,100,100
22,Male,3,4,4.4,86,6.6,5.6,1.9,1.2,3,No,Single,3.2,2,11,2,0,100,96
25,Male,3,4,4.9,100,6.9,4.5,0,2.9,2.6,No,In a Relationship,2.6,1.5,14,0,4.5,100,100
23,Male,2,4,6.2,100,7,7.2,4.5,0.6,3.4,No,Single,5.2,1,13,1,5.9,100,91
21,Male,1,4,4.3,96,6.6,6.3,2.8,0,0.7,No,In a Relationship,5.4,0.9,15,1,4.2,100,96
20,Male,3,2.99,1.9,76,6.8,3.7,1.7,2,3.4,No,Single,5.3,2.4,7,1,3.3,94,90
18,Male,4,3.19,3.1,92,6.5,6,3.2,3,6.4,No,In a Relationship,3.6,2.2,13,1,6.6,84,96
22,Male,2,3.8,4,96,8,6.5,3,2.9,1.4,Yes,Single,3.9,0.1,7,1,5.3,100,98
26,Female,3,4,6.6,100,7.2,2.4,3.1,0.6,3.5,No,In a Relationship,4.4,1.5,18,2,5.2,100,92
18,Male,3,3.4,1.4,84,9.7,4.8,2.5,0.1,3,Yes,Single,2.5,1.5,7,1,5.3,74,97
25,Male,2,3.86,5.3,84,7.2,8.4,5.2,1.2,2.9,Yes,Single,4.3,1,11,4,3.4,100,88
27,Male,2,3.21,3.8,75,6.3,5.5,2.6,1.5,2.9,Yes,Single,4.6,0,15,3,5.1,96,81
28,Female,2,4,4.8,98,10,7.7,5.2,1.5,4.4,No,In a Relationship,3.3,0,5,0,2.9,100,98
21,Female,4,3.66,3.3,95,7.5,7.3,3.6,0.7,0.8,No,In a Relationship,4.4,1.4,8,1,5,98,86
20,Male,2,3.39,2.2,81,8.2,5.5,3.3,3,4.4,Yes,In a Relationship,4.2,0,23,3,8.7,86,70
27,Male,1,4,4.6,100,7.7,4.1,2.6,3.2,3.1,No,Single,4,0.7,17,1,5.7,100,100
28,Male,2,3.74,4.5,93,7.7,8.7,4.3,0,0,No,In a Relationship,7,1.9,14,0,5.1,92,94
18,Male,4,3.95,5,100,7.6,7.3,3,0.3,3.8,No,In a Relationship,4.7,1.6,15,0,0.5,100,96
19,Female,4,3.9,3.5,92,5.7,3.7,1.4,1.2,3.2,Yes,Single,3.2,0.6,3,3,6.1,100,91
20,Female,2,3.98,2.6,92,7.4,4.3,1.4,1.4,1.3,Yes,Single,3.3,2.1,15,4,1.7,100,100
22,Female,4,3.16,1.2,65,5.4,7.4,3.4,2.1,3.3,Yes,Single,3.4,1.7,22,0,0.9,78,76
27,Male,1,3.89,4.7,100,6.8,4.5,1.4,1,0.4,No,Single,3.1,0.7,10,3,7.9,100,100
22,Male,4,3.44,4.1,99,6.1,6.3,2.7,1.2,1.6,No,In a Relationship,5.9,2.7,21,3,4.5,100,91
28,Male,3,3.21,2.1,80,7.4,8,4.4,0,3.1,Yes,In a Relationship,4.3,1.7,10,2,4.6,97,93
21,Female,1,3.52,2.7,65,7.4,5.9,3.3,3.1,0,Yes,Single,3.3,0.4,13,0,5.9,100,94
26,Female,2,3.77,2.8,95,7.6,5.3,1.7,0,0.7,No,In a Relationship,1.9,0,5,2,8.1,100,94
28,Male,1,2.88,1.3,79,7.3,6.7,4.9,0,1,Yes,In a Relationship,3.7,1.4,14,5,3.3,82,85
25,Female,1,3.44,2.3,87,6.3,7.1,3.6,0,3.2,Yes,In a Relationship,3.8,0.7,13,2,4.9,97,82
22,Female,3,3.78,1.8,86,6.7,7.2,4.3,0.4,3.9,No,Single,4.6,1.2,11,1,4.6,96,95
18,Male,2,3.65,2.9,98,8.1,2.6,0,2.8,1.2,Yes,In a Relationship,2.5,1,8,2,5.3,100,100
28,Male,3,3.88,2.4,100,8.3,4.8,3.3,2.8,1.1,Yes,Single,4.9,0,13,2,3.5,100,97
27,Male,2,2.69,1.1,73,5.6,7.3,4.1,0.8,3.3,No,Single,4.1,0.9,9,1,4.2,75,81
27,Female,4,3.68,6.5,87,5.2,8.4,5.4,0,3.2,No,In a Relationship,6.9,0.1,18,0,6.2,100,100
27,Male,3,4,5.4,100,6.1,2.6,0.6,1.9,1.6,No,In a Relationship,3.6,0.7,13,1,2.4,100,97
20,Female,1,3.36,2.3,92,8.3,5.7,4.6,1.1,6.7,No,Single,4.1,0.6,10,1,5.8,95,93
27,Male,4,3.37,3.9,83,8.5,6.3,5.3,2.6,3.4,No,Single,3.9,1.3,17,2,2.9,100,100
23,Female,4,3.97,4.1,98,5.9,2.7,0,0,2.7,Yes,Single,4.4,1.5,10,1,5,100,99
20,Female,1,4,5.3,100,7.4,6.9,3.5,1.1,2.2,No,Single,3,1.7,17,1,3.5,100,98
27,Female,3,3.54,2.3,83,9.2,8.9,3.7,2.4,5,No,In a Relationship,2,0,13,1,5.9,100,87
21,Female,2,4,5.1,100,7.5,5.2,2.3,2.7,4.1,No,Single,2.5,2.6,2,1,3.7,100,100
22,Female,2,3.59,2.7,98,8.7,3.1,2.1,3.3,0,Yes,Single,5,0,15,2,5.2,100,100
23,Male,4,3.31,1.5,69,8.2,6.6,3.8,3.3,1.6,Yes,Single,4.1,1.2,12,3,3.6,96,100
25,Female,2,4,4.6,100,5.9,6.4,1.9,1.3,2.1,No,Single,3.3,0.4,15,4,1.8,100,100
21,Male,1,3.81,5.4,99,6.8,4.7,2.5,2.7,3,No,In a Relationship,3.8,1.5,13,1,4.4,100,100
26,Male,4,4,7.4,100,7,8.3,4,2.8,4.3,No,In a Relationship,4.5,0,13,1,2.7,100,100
27,Male,1,3.44,1.7,77,7.1,8.6,5.4,0,0.9,Yes,Single,4.4,2.7,12,1,1.6,82,96
26,Male,1,4,4.5,100,8.1,7.4,3.6,2.3,2.8,No,Single,4.2,0.8,26,2,1.7,100,91
25,Male,4,3.73,2.9,92,7.5,8.2,3,1.2,6.4,Yes,In a Relationship,3.2,1.7,15,1,2.7,100,89
20,Male,1,3.57,4.7,91,3.5,2.8,2,2.3,3.1,No,Single,4.4,0.4,3,1,5.2,100,100
19,Male,2,3.34,1.3,87,5.4,5.4,1.3,2.1,1.6,Yes,Single,3,2.9,4,4,3.4,94,74
24,Male,3,2.89,1.6,76,4.4,7.4,4.5,2.9,0.3,No,In a Relationship,7.1,0,14,1,2.2,93,77
26,Female,2,3.29,2.3,70,7.2,4.5,2.6,2.3,2,No,In a Relationship,3.7,0,9,2,4.1,100,95
28,Female,1,4,3.6,98,7.3,7.4,4.5,1.1,0.8,Yes,In a Relationship,2.2,2.6,17,4,5.2,100,90
20,Female,3,3.94,2.5,88,7.3,7.3,2.3,1.8,2.2,No,Single,4.3,0,14,1,4.4,99,99
25,Female,1,3.65,4.5,99,5.8,6.4,1.8,0.4,4.1,No,Single,4.3,1.1,14,1,4.3,100,87
22,Male,3,4,5,100,7.8,4,3.4,3.2,3.1,No,In a Relationship,4.9,2.8,7,2,5,100,88
25,Male,4,4,4.4,100,7.9,4.8,2.7,2.7,2,Yes,In a Relationship,4.3,0.8,15,3,0.8,100,100
19,Female,4,4,5.9,100,5.5,5.1,1,0,0,Yes,Single,4.6,1.5,13,1,1.5,100,100
25,Female,4,3.53,4.1,98,5.2,8.5,5.5,1.9,4.7,No,Single,5,2,7,0,5.1,100,90
22,Female,2,2.87,1.7,83,7,4.9,1.9,3.5,2.3,No,Single,3.4,1.2,7,1,1.9,77,75
24,Female,4,4,5.5,100,9.2,5.3,4.2,2.5,3.2,Yes,In a Relationship,4.5,2.5,20,0,2.8,100,100
20,Female,3,3.53,2.6,94,9,6.2,4.1,2.1,1.2,No,In a Relationship,4.1,1.9,15,4,8.2,99,100
27,Female,3,4,4.9,100,7.7,2.3,0.9,2.3,2.2,No,Single,1.8,0.3,10,1,3,100,100
19,Female,2,4,5.9,100,6.1,2.3,1.3,1.7,1.8,No,In a Relationship,3.7,1.9,9,0,4.3,100,98
24,Female,4,4,4.2,93,8.1,3.8,2.3,0.5,0.3,No,In a Relationship,4,1.2,12,2,6,100,100
20,Female,3,3.22,1.3,74,6.5,3.4,1.5,1,1.2,Yes,Single,2.1,1.2,13,2,1.8,87,92
18,Male,4,2.37,2.1,66,6.1,7.5,5.4,0.6,3,No,In a Relationship,6.2,1.5,5,0,1.3,82,79
24,Male,3,3.61,5.5,100,4.4,4.5,2.5,2,3.6,Yes,In a Relationship,4.7,2.1,11,1,5.1,100,90
20,Female,3,3.67,3.2,75,7.1,8.3,4.1,3.2,1.6,Yes,In a Relationship,3.5,0.2,2,1,6.9,100,94
27,Male,4,3.95,3.6,100,6.2,5.5,3.6,2.9,0.6,No,In a Relationship,4.9,2.5,12,1,4.2,100,98
22,Female,1,4,4.6,100,7.1,7.9,3.2,0,2.3,No,Single,4.2,2.4,19,1,4.1,100,100
25,Female,1,3.14,4.5,87,4.2,5.3,2.9,0.4,4.6,No,Single,5.7,0.6,5,2,6.7,90,80
23,Male,1,3.83,3.9,82,7.2,8.2,4.7,0.7,1.1,Yes,In a Relationship,6.1,3,11,0,4.8,100,87
27,Female,3,3,3.2,87,4.1,5.2,1.6,1.8,3,No,Single,5.7,1,11,1,3.1,95,100
18,Female,4,3.34,3,85,8.3,7.3,5.4,0.3,1.7,No,In a Relationship,5.3,1.8,6,2,4.7,94,95
28,Male,4,4,4.8,100,7.6,3.5,0.9,2.6,5.3,No,In a Relationship,2,0.7,10,0,3.1,100,100
20,Female,3,4,4.3,78,6.7,6.4,4,0,2,No,Single,3.9,2,5,4,4.6,100,87
24,Female,2,3.94,3.1,94,7.7,4.1,0.7,2.5,4.3,No,In a Relationship,2,0.8,7,1,6.2,100,100
27,Female,2,4,5.1,96,5.8,5.1,2.3,2.2,5,Yes,Single,3.8,1.4,13,3,5,100,100
23,Male,3,3.83,3.3,100,7.1,5,2.9,0,6.1,No,Single,3.4,0,14,0,1,94,100
25,Female,4,3.63,2.2,90,8,5.2,2.1,1.4,0.3,No,Single,5,0.7,10,1,4.6,100,97
27,Female,3,2.73,2.4,75,3.5,5.9,2.5,0.9,0.2,No,Single,5.5,0.6,19,2,3.3,83,97
23,Female,3,3.96,2,97,6.5,5.9,0.7,0.1,5.3,No,Single,1,0,16,1,4.4,100,100
19,Male,1,3.76,3.1,90,7,4.4,1.3,2.4,5,Yes,Single,1.9,2,22,2,5.8,100,100
24,Male,3,3.56,5.4,100,6.8,6.5,3.5,1.9,1.8,Yes,In a Relationship,3.7,0.8,11,2,4.5,100,100
18,Male,2,3.35,2.3,90,8.7,6.3,2.8,0.5,0,No,In a Relationship,3.1,0,7,0,2.7,87,87
26,Female,1,4,3.8,100,5.7,3.7,1.8,3.7,3.2,No,In a Relationship,1.3,1.8,11,0,4.8,100,98
23,Male,2,3.24,2.5,81,6.3,5.7,4.8,1.1,0,Yes,Single,7.3,2.3,22,2,4,91,93
22,Male,3,3.62,3.1,100,4.7,3.6,1,0.4,1.3,No,In a Relationship,2.3,1.1,7,3,0.9,100,100
24,Male,4,3.48,1.2,78,8.8,6.6,2.3,1.7,3.4,No,In a Relationship,2.6,0,16,2,4.6,92,79
19,Female,3,3.18,3.2,84,6.7,6.5,2,3.6,3.6,No,Single,4.4,0,7,2,4.2,98,83
22,Female,3,3.79,3.2,100,6.5,4.4,3.7,0.1,6.2,No,Single,4.6,0,10,1,6,100,99
22,Male,4,4,4.3,96,6.9,6.7,2.9,1.7,2.3,Yes,Single,2.8,0.4,9,2,2.6,100,91
25,Female,1,3.74,3.8,100,7.8,3,2.6,1.2,1,No,Single,5.3,2.9,7,2,5.6,100,100
20,Female,1,3.71,1.7,93,7.4,3.6,0,1.9,4.8,No,Single,3.5,1,16,1,2.8,96,100
19,Male,4,4,5.1,100,10,7.6,4.1,0.3,3.8,No,In a Relationship,3.2,0,19,3,5.6,100,100
26,Male,4,3.33,3.8,94,7.5,3.4,2.5,2.1,2.3,No,In a Relationship,3.9,0.6,17,2,3,100,100
25,Male,4,3.6,3.8,98,6.4,7.2,3,1.9,3.1,Yes,Single,3.4,2.3,12,3,3.8,100,100
18,Female,3,3.62,3.5,87,6.3,6.8,1.7,2.6,2.2,No,In a Relationship,4.3,1.8,5,3,1.7,100,100
21,Female,2,3.7,2.7,85,6.5,4.3,1.4,2.1,4.4,Yes,In a Relationship,3.6,1.2,13,3,5.5,100,89
22,Female,1,3.45,3.8,81,5.2,8.2,5,2.7,6.4,No,In a Relationship,4.4,1,15,2,3.7,92,96
19,Female,1,4,4.2,100,7,4.9,0.1,2,1.5,Yes,Single,3.9,1.2,12,3,3.4,100,100
20,Female,4,3.3,0.9,87,7.9,2.8,1.2,2.7,3.8,Yes,Single,3.3,1.4,19,2,5.8,95,88
20,Male,3,2.83,2.7,84,6.3,6.7,5,2.5,0,No,In a Relationship,9,1,11,1,3.6,86,91
24,Male,1,2.96,3.1,80,6,5.8,3.8,2.1,0.9,Yes,In a Relationship,4.3,1.3,9,2,2.9,100,68
27,Male,1,4,3.9,95,8.8,5.3,2.3,2.3,4.1,No,In a Relationship,4.4,0.9,17,2,4.3,100,99
18,Male,3,3.76,5.3,93,5.3,7.7,4.7,1.9,2.9,No,In a Relationship,4.6,0.3,16,4,0.5,100,100
28,Female,1,2.97,2.3,81,4.5,5.8,3.5,0.6,0.8,Yes,In a Relationship,6.2,0.9,19,3,3.7,87,77
22,Male,4,3.27,2.8,72,5.6,5.7,3.1,1.6,3,Yes,In a Relationship,2.1,1.5,15,3,4.4,94,87
23,Male,1,3.4,2.7,80,5.2,5.5,3.1,0.8,4.8,No,Single,3.9,0.5,8,1,3.7,100,98
18,Male,2,2.89,2.3,73,7.5,5.9,3.5,2.2,0.1,No,In a Relationship,5.2,1.6,1,1,3.6,86,82
19,Male,2,3.61,3,91,6.6,5.7,3.6,0,6.5,Yes,Single,4.1,2,3,1,1.4,100,91
24,Male,4,3.38,4.7,86,6.7,8.2,6.1,1.1,4.1,No,In a Relationship,3.3,1.5,9,2,7.1,100,85
20,Female,3,3.68,1.9,100,8.4,3.1,2.5,0,4.2,No,In a Relationship,2.8,0.6,19,2,4.1,100,95
18,Male,3,3.88,4.1,100,6.2,5.3,2.6,1.5,3,Yes,In a Relationship,5.7,1.3,18,2,0.5,100,99
23,Female,3,2.96,0.9,80,7.9,1.6,0.9,0.3,6.5,No,Single,3.3,1.4,10,6,2.9,81,87
25,Female,3,3.98,2.7,94,8.8,6.6,2.7,3.7,4.9,No,In a Relationship,4,1.4,16,2,6.1,100,100
22,Female,4,3.37,3,87,6.5,7.9,5.6,0,2.3,No,Single,7.9,2.7,5,1,0.5,87,91
20,Female,2,4,6,100,7.9,7.2,4.3,1,4.5,No,Single,2.3,0,18,1,2.3,100,95
19,Male,4,3.63,3.1,100,6.7,4.6,2,3.5,1.5,No,Single,3.8,1.4,11,2,4.7,100,100
20,Female,1,2.93,0.5,73,8.1,5.5,2.8,3,2.4,No,In a Relationship,3.8,0.8,15,3,3.4,94,79
27,Female,1,2.52,0.5,66,5.1,5.4,0.9,3,5.9,No,In a Relationship,2.7,0,15,0,0.1,82,73
27,Female,1,3.56,3.6,97,5,2.7,1.3,0,3.8,No,In a Relationship,4.1,0,14,0,6.3,100,85
18,Male,2,4,4.4,89,6.5,4.1,3,1.2,4.3,No,In a Relationship,5.4,2.1,6,1,2.6,100,92
27,Male,4,4,4.1,100,5.9,5.2,2.1,0.2,5.3,No,Single,3.8,0,9,3,4.9,100,84
22,Female,1,4,3.8,100,6.4,3.6,1.2,2.1,4.1,No,In a Relationship,1.2,1.5,17,0,4,100,97
26,Male,2,4,5.2,98,6.7,6.9,3.5,2.4,1.4,No,In a Relationship,5.5,1.3,15,2,3.7,100,89
20,Male,3,3.71,2.7,97,7.9,6.6,2.7,3.1,6.3,Yes,Single,3,0.3,7,0,3.6,99,89
27,Female,2,4,4.8,100,6.5,2.1,0.4,1.6,4,No,Single,1,2,14,2,3.8,100,97
19,Male,3,2.98,1.1,77,6,3.7,0,0.7,4.2,No,In a Relationship,2.4,0,7,2,3.6,75,88
25,Female,2,3.43,2.1,88,6.6,3.7,1.9,0.6,3.1,No,In a Relationship,2.1,0.7,6,1,6.3,100,83
25,Female,4,3.12,0.8,66,6.1,3.5,0.4,1.5,5.2,Yes,Single,2.7,0.1,9,3,4.2,87,69
18,Female,3,3.87,3.1,97,5.9,1.5,0,2.1,6.8,Yes,Single,2.1,2,12,2,4.6,100,99
18,Male,3,3.2,3.4,73,5.1,7.7,4.5,2.4,2.2,No,Single,4,2.4,6,1,7.9,100,94
24,Male,1,4,3.7,96,7.1,5.7,2.7,1.8,5.1,Yes,In a Relationship,3.8,1.4,16,1,3.3,99,100
19,Female,1,3.53,3.6,99,6.3,4.1,2.4,0,3.1,Yes,In a Relationship,3.1,3.7,8,5,2.2,100,100
21,Female,1,3.56,2.1,89,8.2,3.9,2.5,1.7,0,No,Single,5.5,1.6,12,3,5.2,93,100
22,Female,4,3.18,3.2,100,5.3,5,1.1,2,0.2,Yes,In a Relationship,4.7,1.8,14,0,0,92,91
25,Male,1,2.84,1.3,69,6.3,5.9,3.4,0,3.8,No,In a Relationship,4.1,2.2,21,1,0.1,78,83
24,Male,3,4,5.5,100,9.2,6.8,2.6,1.8,5,No,Single,4.1,0.5,15,2,6.8,100,97
25,Male,3,3.36,3,72,5.9,4,1.7,1.5,4.2,Yes,In a Relationship,4,1.6,10,1,4.9,89,82
22,Male,2,3.47,2.8,85,6.7,6.5,1.9,2.5,4.5,No,In a Relationship,3.9,0.2,7,0,3.3,92,90
27,Female,1,4,5.9,100,5.5,2.9,1,0.5,8.2,Yes,In a Relationship,2.8,0,6,2,1.4,100,98
18,Male,1,3.02,1.6,90,5.4,7,2.2,1.4,4.1,No,In a Relationship,3.9,2.3,7,0,6,94,92
22,Male,4,3.21,1.8,85,8.9,5.6,2.4,1.1,2.5,Yes,In a Relationship,3.7,0.4,11,1,2.8,88,78
21,Female,1,3.93,1.9,91,7.2,5.7,2.2,1.7,2.7,Yes,In a Relationship,5.3,1.4,18,2,5.4,100,88
19,Male,1,3.51,3.4,85,7.2,4.7,2.9,0.3,6.3,Yes,In a Relationship,1,2.8,11,0,6.5,100,99
26,Female,3,3.6,4.1,91,5,6.6,2.7,2.6,0.5,No,Single,7.1,0,9,3,2.8,100,95
23,Male,4,3.56,4.6,94,7.4,7,3.1,0,5.5,No,Single,2.5,1.9,13,1,0,95,95
23,Female,2,4,7.4,100,8.4,6.8,4.2,2.1,3,Yes,In a Relationship,4.3,1.2,20,2,7.4,100,89
22,Female,2,3.23,0.5,65,8.4,4.1,3.7,4.9,1.3,Yes,Single,2.6,1.1,8,1,4.4,85,85
27,Female,2,4,4.4,93,7.8,5.9,4.2,1.2,0.1,Yes,In a Relationship,6.4,1.3,14,2,2.2,100,96
24,Male,3,3.67,2.7,100,5.6,3.2,1.5,3,6,No,In a Relationship,2.1,1.2,10,2,3.7,95,97
20,Female,1,3.7,2.6,89,7.4,5.5,2,0.9,1.3,No,In a Relationship,5.1,1.7,13,2,1.7,100,93
23,Female,1,3.31,2.6,75,7.8,6.2,3.8,3.5,3.1,No,Single,3.9,0.1,15,4,1,85,79
23,Male,1,2.92,2.1,73,4.8,6.3,3.8,1.3,1.1,No,Single,5.5,1.7,19,1,6.7,84,82
20,Female,3,4,6,100,5.7,4.1,1.8,1.6,6.9,Yes,In a Relationship,2.1,0.1,12,1,3.5,100,100
25,Male,3,3.79,4.8,97,8.1,8.5,3.7,1.6,3.2,No,Single,5.2,3.3,18,3,5.8,100,92
18,Female,4,3.94,3.5,100,8.1,4.5,1.4,0,0.3,No,In a Relationship,3.5,1.1,14,1,2.6,100,93
28,Male,4,4,5.5,100,5.1,6.7,3.5,2.2,2.1,No,In a Relationship,5.9,1.4,6,1,7,100,100
21,Female,2,3.6,1.2,77,8,5.1,2.8,1.4,5.8,No,In a Relationship,1.1,3,11,0,3.7,98,79
23,Male,2,3.02,1.5,78,7.1,3.7,0.7,1.3,1,No,In a Relationship,2.7,0.4,24,0,4.4,87,86
27,Male,4,2.94,0.5,67,7.9,3.9,2.1,0,2.3,No,Single,3.9,1.2,11,5,1.1,98,78
28,Male,4,3.49,2.5,79,6.2,9.5,6.1,3.7,5.4,No,Single,3.6,0,10,2,7.5,91,97
25,Male,4,4,3.7,99,7.8,4.7,3.1,4.5,3.7,No,In a Relationship,4.1,0.2,10,3,1.6,100,96
20,Female,2,3.66,3.7,100,8,10.2,6.3,0,0.6,Yes,In a Relationship,4.9,0,10,1,3.7,100,90
26,Male,3,3.84,3.7,100,6.6,2.7,0.6,1.7,3.4,No,In a Relationship,2.5,2,5,1,0.2,100,92
20,Female,4,3.04,1.4,73,7,8,3.9,1.7,2.7,Yes,Single,5.1,1.8,1,3,3.8,85,95
27,Male,3,4,4.7,100,6.2,5.3,0,3.8,3.1,No,Single,3.4,0.8,8,1,7.2,100,100
23,Female,2,4,3.9,100,9,5.8,2.8,0.6,4.9,Yes,Single,1.9,0.7,10,1,2.9,100,100
18,Female,3,3.94,4.6,93,6.9,8.3,3.7,3.4,3.5,No,In a Relationship,5.5,2.2,15,3,3.6,100,96
24,Female,1,2.4,0.7,68,5.9,8,4.1,0.4,2.8,No,In a Relationship,5.5,1.2,10,0,5,75,79
18,Male,1,4,4,100,6.1,2.9,1.6,1.4,2.7,No,In a Relationship,2,0.3,13,2,8.5,100,90
26,Male,2,3.13,1.7,80,7.2,7.5,4.4,2.9,5.2,No,Single,3.9,2.3,6,2,3.2,82,87
21,Female,4,3.44,2.9,84,7.9,5.6,2,2.2,1.6,Yes,Single,4.1,1.1,3,4,6.3,93,92
20,Male,4,4,4.3,97,5.4,6.3,2.6,1.6,0,No,Single,5,1.9,14,2,7.1,100,100
18,Male,2,4,3.6,94,9.2,5.4,2.2,1.9,2.5,Yes,In a Relationship,1,1.3,15,4,3.4,100,100
19,Female,1,3.17,2.2,89,7.4,4.3,1.1,2.9,3.8,No,In a Relationship,3.2,3.3,17,2,5.8,85,83
28,Male,4,3.29,3.5,79,7.6,8.2,5.2,1.4,2.2,No,In a Relationship,5.7,1,18,3,0,93,84
20,Male,2,2.76,1.2,69,6.9,6.1,2.9,2,1.9,No,In a Relationship,4.3,0,19,2,4,85,73
20,Male,2,3.97,5.2,100,7,5.9,4.4,3.2,2.3,Yes,Single,4.9,1,15,4,4.1,100,99
25,Female,3,3.51,3.2,84,6.8,7.1,4.4,1.6,3,Yes,In a Relationship,5.8,1.5,9,0,5.7,100,95
20,Female,4,4,5.2,100,8.2,2.6,1.3,0.9,0.4,No,In a Relationship,2,1.7,13,2,4.5,100,100
23,Male,1,3.55,2.7,83,7,7,4.6,2.4,4.3,No,In a Relationship,5.3,2,10,1,3.6,100,93
19,Male,1,3.17,2.7,78,7.9,5.9,3.6,3.1,0,No,Single,5,0.6,11,2,6.8,98,81
21,Male,2,3.35,2.4,79,6.5,3.4,1.2,3.1,4.1,No,In a Relationship,1.8,2.8,14,2,4.7,88,84
23,Female,4,4,4.8,95,7.2,5.2,3.5,2.4,3.6,No,In a Relationship,4.9,2.2,18,3,5.2,100,100
22,Female,4,3.84,2.4,100,6,4.6,1.3,3.5,4,No,Single,5.4,1.3,16,2,4.8,100,100
25,Female,3,3.96,4.5,96,8.5,7.8,5.2,1.7,0,No,In a Relationship,5.4,0.5,12,1,8.1,100,97
23,Female,3,3.38,2.9,86,6,6.5,4,0.9,3.6,Yes,Single,5.3,3.1,12,5,1,100,95
23,Female,3,2.75,0.5,77,6.6,4,2.7,0,1.9,No,Single,3.3,1.9,14,1,2.9,94,77
25,Female,2,3.31,2.6,86,6.6,7.3,4.7,0.2,6.2,No,In a Relationship,3.7,0.7,18,2,3.7,100,87
21,Male,4,3.43,1.7,91,6.6,4.8,0.4,2.1,3.7,No,In a Relationship,2.1,2.6,21,2,3.6,95,94
22,Male,2,3.53,3.6,93,7.9,6.1,1.7,2.1,0.6,No,Single,4.2,1.4,13,2,7.2,100,95
27,Female,1,3.18,1.7,71,6.6,5.8,2.4,3.4,0,No,In a Relationship,4.1,2.7,11,2,2,90,89
20,Male,4,4,4.9,92,8.7,8.8,6.2,2.4,1.8,No,Single,4.5,0.4,13,3,3.2,100,99
19,Female,2,3.51,3.4,81,6,4.9,1.2,2.1,4.6,No,In a Relationship,4.2,1,17,2,6,94,95
19,Male,2,4,3.2,92,7.2,2.4,0.2,0.8,5.3,Yes,In a Relationship,4.2,2.6,15,0,2.3,100,94
18,Male,1,3.71,4.5,73,6.1,3.2,0.6,3,3.4,Yes,In a Relationship,3.3,0.5,9,3,0,100,100
24,Female,4,3.89,4.9,100,7.5,6.3,4.2,4.6,3.2,No,Single,2.8,0.9,12,3,2.2,100,100
18,Male,4,4,3.5,99,7,6,1.9,1.1,2.3,Yes,Single,3.9,0,12,0,1.8,100,100
25,Male,3,3.32,2.3,77,6.8,6.5,2.6,0.5,3,No,Single,4.3,1.6,9,2,4.3,94,91
24,Female,1,2.84,0.8,64,8.4,6.9,3.9,0.6,5.4,No,In a Relationship,4.4,2.4,9,1,4.4,84,82
26,Male,4,3.49,2.5,97,6.2,7.7,2.6,3.6,2.3,No,In a Relationship,4.1,0.3,6,1,4.3,100,93
26,Female,1,3.6,2.6,95,7.7,6.6,3.1,2.5,4.3,No,Single,4.6,1.6,11,1,1.6,94,100
19,Female,2,3.37,3.7,89,6.1,7,3.6,1.6,1.9,No,Single,5.7,0.7,18,1,4.1,100,96
27,Male,3,3.61,3,85,7.1,5.5,2.2,2.2,5,No,In a Relationship,3.1,0,17,2,5.5,99,89
20,Male,2,3.7,4.5,98,5.6,4.1,2.6,0,4.2,No,In a Relationship,5.1,0.9,12,4,5.1,100,97
18,Male,2,2.85,2.6,73,6.2,5.1,3.2,3.7,4.9,Yes,Single,5.1,0.6,21,0,5.1,91,87
19,Male,2,3.51,3.4,92,6.9,7,4.1,2.4,6.8,No,Single,2.8,1.3,12,2,2.4,93,96
19,Female,1,4,5.3,100,9.2,4.5,1.6,2.6,0,No,In a Relationship,4.4,0.9,10,2,8.3,100,96
19,Female,1,3.99,4,83,7.1,3.7,0,0.9,4.5,No,In a Relationship,2.5,2.5,2,2,6.4,100,91
26,Male,1,3.61,3.4,88,9,6,3.8,0,3.9,No,In a Relationship,3.3,0.6,13,3,6.3,99,100
19,Male,1,3.73,2.6,76,7.3,7.3,4.2,1.8,3.9,Yes,In a Relationship,4.2,1.1,8,1,6.4,99,94
21,Male,3,3.52,2.6,99,6.5,6.2,3.1,2.2,3.5,No,In a Relationship,5.5,1.4,19,4,4.9,100,92
20,Male,1,3.07,2.2,100,8.8,6.4,3.2,1.7,3.5,No,In a Relationship,4.7,1.1,6,4,5.4,91,100
21,Male,4,3.17,2.7,81,7.5,5,2,2.7,3.7,No,In a Relationship,3.9,0.7,18,1,2.6,97,93
28,Female,2,3.88,4.6,97,6.2,4.9,3.6,0.4,4.8,No,In a Relationship,4.6,1.3,13,0,1.2,100,98
22,Female,1,3.71,3.2,84,7.6,4.4,4.1,0.4,4.7,No,Single,3.9,1.7,6,2,3.3,99,92
28,Male,4,3.22,1.5,93,6.6,4.8,2.9,0.5,3,Yes,Single,6.9,2.1,4,2,5.9,100,98
20,Male,2,3.82,6.2,85,4.6,8.9,6.5,0.1,2.6,No,Single,5.8,0,14,3,3.7,100,100
26,Male,2,4,4,100,8.1,2.1,0.5,1,3,Yes,In a Relationship,2.3,1.7,7,1,3.7,100,96
27,Female,3,3.81,1.4,91,8.3,5.9,3,1.1,2.2,No,Single,4.2,0.5,2,1,2.9,94,90
21,Male,2,3.86,2.8,92,9.2,5.3,1,1.7,6.6,Yes,In a Relationship,1,2.4,22,2,4.6,100,98
18,Male,2,3.88,3.7,93,7.5,8,4.1,2.7,0.5,No,In a Relationship,6,2.1,16,2,3.7,100,96
24,Male,1,4,6.1,100,6.7,4,0.4,2,4.5,No,Single,1.4,2.1,6,2,2.1,100,93
25,Female,2,3.12,1.8,78,8,5,0.8,0,4.5,Yes,Single,1.9,0.6,3,3,3.3,97,84
24,Male,2,4,5,100,8,3.8,1.9,2.5,1.9,Yes,Single,3.2,0,18,2,4.7,100,96
27,Female,2,4,5.6,98,9,5.7,3.2,0.1,3.6,No,In a Relationship,2.4,2.5,5,2,3.7,100,96
22,Female,1,3.2,2.6,75,6.9,5.6,1.9,0,5.5,No,Single,4.3,2.4,12,3,1.9,86,93
23,Male,4,4,3.1,98,6.8,4.3,1.9,2.6,2.3,No,Single,2.6,0,14,1,4.4,100,100
23,Male,4,3.32,1.9,73,6.1,5,2.5,2.8,5.6,No,In a Relationship,2.8,2.6,9,2,2.2,93,100
26,Female,2,3.88,3.2,94,7.6,7.6,2.4,3.3,5.2,No,Single,2.6,1.6,7,3,4.1,100,87
26,Female,4,3.2,3.4,75,5.1,8.1,5,1.9,1.6,No,Single,6.7,1.3,2,4,4.1,98,92
23,Male,2,3.95,4.5,100,7.9,8.9,3.8,3.4,0.8,No,In a Relationship,6,0.4,14,3,3.4,100,100
23,Female,3,3.93,5.1,93,7.7,3.1,2.3,0,3.3,No,Single,4.1,2.2,24,1,1.3,100,89
27,Male,2,3.71,2.4,91,7.7,8.1,5.9,1,0.5,Yes,Single,4.3,0.7,6,1,2.4,100,81
19,Male,4,3.05,0.5,77,7.2,7,3.5,2.7,0,No,In a Relationship,4.3,0.7,7,5,2.9,72,80
23,Female,2,3.89,3.5,95,8.8,4.4,1.3,1.5,2,No,In a Relationship,4.6,0,16,1,5.3,100,91
28,Male,4,4,3.9,82,8,3.7,3.2,2.2,7.3,No,Single,3,0.5,1,2,2.9,100,93
24,Male,4,4,3.9,91,6.3,6.3,3.6,2.1,2.1,No,Single,3.4,0.2,8,1,4.9,100,100
19,Female,2,3.67,3,87,6.3,7.8,1.8,2.7,3.8,No,Single,5.9,0,13,0,3.4,100,84
22,Male,1,3.97,3.7,91,5.9,4.5,1.2,4,4.4,No,Single,3,2.8,8,1,6.4,97,95
23,Male,1,4,5.8,100,7.7,6.6,2.9,2.1,2.9,Yes,Single,3.8,1.1,15,1,5.7,100,99
24,Female,3,3.68,4.1,100,5.8,4.5,2.3,2.3,2.3,No,In a Relationship,3.7,0,14,3,9,100,100
27,Female,4,3.08,2.9,90,8.3,8.3,5,0.3,5.5,No,Single,3,0.2,13,0,2.5,86,90
22,Female,4,3.67,2.7,100,8.6,6.9,3.9,0.9,3.1,No,Single,5.2,0.6,8,3,2.2,100,99
22,Male,1,3.34,3.2,68,5.9,6.1,1.8,1.7,2.8,No,In a Relationship,4.3,0.6,10,0,6,86,90
19,Male,2,3.72,6,100,6.8,7.7,3.4,1.3,4.6,No,Single,4.4,2,12,3,5.2,100,93
27,Male,2,2.85,3.2,84,7,8.2,4.7,0,0.9,No,In a Relationship,4,0.9,13,1,3,98,86
21,Male,1,4,3.5,100,8.1,3.8,0.7,2.8,0.5,Yes,In a Relationship,3,1.3,19,0,3.8,98,100
23,Male,2,3.42,2.8,92,8.9,2.3,1.3,0.8,0,No,Single,2.8,0.9,16,5,6.2,96,90
28,Female,1,4,5.1,100,5,3.7,2.8,1.5,4.1,Yes,In a Relationship,3.7,2.4,10,1,4.8,100,94
26,Male,4,4,6.4,100,6.6,6,2.9,0,2.7,No,In a Relationship,4.8,2.6,15,2,5.1,100,100
25,Female,4,4,4.2,92,6.7,6.7,2.7,2.4,4.7,No,Single,3.5,1.1,15,2,2,100,95
22,Male,3,3.77,3.6,98,5.3,6.9,2.3,1.2,3.1,No,In a Relationship,5.1,0.3,9,1,4.4,100,100
20,Female,1,3.79,3.6,93,6.4,4.2,2.3,2.3,0.3,Yes,In a Relationship,5.3,1.1,15,1,2.3,96,86
28,Female,3,2.61,0.5,74,7.5,4.6,3.4,0,2.3,No,In a Relationship,3.8,0,11,1,1.3,65,86
27,Female,3,3.85,4.6,87,6.7,8.6,4.5,0.5,4.8,No,In a Relationship,4.9,1.5,13,4,2.1,100,98
24,Female,4,3.55,3.7,97,5.1,4.1,2.1,2.6,2.5,No,In a Relationship,4.1,0,17,1,1.3,100,99
24,Male,3,3.47,4.1,87,10,7.6,6.5,1.4,5.4,No,Single,3.2,1,17,1,6.9,100,84
22,Male,4,3.26,2.4,94,7.3,8.1,5.7,4.3,2.1,Yes,In a Relationship,4.2,1.7,8,3,4.2,91,86
20,Female,4,3.13,2.9,83,7.1,7.2,4.8,1.9,4.4,No,In a Relationship,4.6,0.6,6,5,3.7,95,96
28,Female,4,3.03,2.9,81,5.7,8.3,3.7,2.6,0,Yes,Single,4.7,0.8,21,2,2.5,87,94
24,Female,4,3.91,5,100,7.3,9.8,5.8,2.4,2.5,No,Single,6.6,1.5,21,2,4.5,100,100
27,Female,2,3.08,2.9,89,6.8,4.5,2.4,0.6,2.2,Yes,In a Relationship,5.8,0.6,16,2,2.4,96,89
19,Male,2,4,6.6,100,4.7,6.3,1.6,1.1,0.2,No,Single,5.4,2.1,11,2,5.3,100,100
18,Female,3,4,4.1,94,5.7,5.2,2,2.4,5.2,No,In a Relationship,4,2,11,2,2.8,100,100
27,Male,3,3.43,1.6,90,8,5.6,1.3,2.1,1.7,Yes,In a Relationship,3.4,1.8,7,2,1.8,95,94
27,Male,1,4,3.3,95,9.3,7.6,3,0,1.5,No,In a Relationship,6,0.6,13,2,4.7,100,98
21,Male,2,3.25,2.5,93,7.4,5.9,3.2,2.8,5.6,No,Single,5.5,1.8,11,2,0,90,96
18,Male,3,3.11,0.5,83,8.3,6.8,3.1,1.7,3.3,No,In a Relationship,3.5,0.5,12,0,4.9,80,84
18,Female,3,4,5.9,97,6.8,5.3,2.8,0,4.6,Yes,Single,3.6,1.1,6,1,3.1,100,100
22,Male,1,3.62,4.6,100,6.9,7.1,3,0.7,0,No,In a Relationship,5.1,0,17,2,1.4,100,87
23,Female,3,4,4.3,100,8.3,8.5,5.4,2.4,1.4,Yes,Single,3.8,2.4,14,3,3.5,100,99
27,Male,1,3.93,3.7,100,9,7.9,3.7,0.7,7.2,No,In a Relationship,1.1,2.9,14,1,4.4,100,89
18,Male,4,3.61,1.4,98,8.6,9,4.2,0.8,4.7,No,In a Relationship,2.4,1.4,3,4,3.7,100,98
26,Female,4,3.24,2.8,77,5.7,6.8,3.1,2.5,0.9,No,In a Relationship,4.8,0,4,5,3.5,96,92
24,Male,3,4,4.8,100,6.9,3.3,0.4,0.6,3.5,No,In a Relationship,2.1,1,7,2,1.1,100,100
27,Male,4,3.47,1.9,92,7.3,3,0.1,2.4,1,Yes,In a Relationship,4.7,1.3,16,1,6.5,96,86
22,Male,4,2.68,0.5,61,6.7,5.4,5.9,0,5.8,No,In a Relationship,3.4,1.2,10,2,0,79,83
19,Male,1,3.95,3.2,84,7.5,4.1,2,2.5,0,No,In a Relationship,2.8,3.7,7,1,4.4,100,93
20,Female,4,3.56,3.3,100,8,6,1.9,3,3.6,No,In a Relationship,1.4,1,15,2,5.2,100,91
20,Male,1,4,3.7,100,8.2,7.4,3.2,1.7,3.5,Yes,Single,3.1,0.6,10,1,6.6,100,92
22,Male,4,3.95,4.6,100,9,5.7,3.6,1.5,0.8,Yes,Single,3.7,1.4,14,3,6.5,100,90
25,Female,4,3.54,4.5,97,6.6,7,3.8,0.1,2.5,Yes,Single,4.6,1.1,7,4,6.2,100,98
28,Female,3,3.36,3.9,88,5.4,8.3,5.5,2.7,3.8,No,Single,5.5,0.5,12,2,3.3,100,89
26,Male,1,3.76,5.3,100,7.4,8.9,5.1,1.7,0,Yes,In a Relationship,4.8,0,19,0,4.6,100,95
18,Male,2,3.58,1.2,95,9.3,7.3,1.6,3,0.4,No,In a Relationship,2.3,1.9,18,1,5.4,92,93
28,Male,4,3.43,4.3,89,6.4,8.2,4.3,2.2,2.7,No,In a Relationship,5.4,0.3,8,2,4.6,98,93
27,Female,4,4,4.4,100,7.8,4.4,2.2,3.3,1.3,Yes,Single,3,0.2,11,0,5.1,97,92
22,Male,3,3.39,1.6,79,7.8,5.5,2.6,2.6,2.1,No,In a Relationship,4.7,0.4,16,5,3.6,97,90
21,Male,1,3.47,1.2,72,7.2,5.9,1.2,2.8,3,No,In a Relationship,1.9,0,12,1,6,96,86
19,Male,3,3.45,2.4,85,7,1.6,0.3,1.9,1.2,Yes,In a Relationship,2.7,1.9,14,3,3.8,87,100
22,Female,3,3.13,2.5,85,5.9,5.1,2.8,1.1,2.9,Yes,In a Relationship,6.5,1.7,19,0,3.7,93,92
24,Male,1,3.48,4.6,96,4.3,5.3,1.4,1.5,3.6,Yes,In a Relationship,6.5,1.4,13,1,0.2,100,95
26,Female,1,3.12,2.6,81,5.7,8.8,4.2,1,4.6,Yes,Single,3.4,1.9,9,0,7.3,87,71
21,Male,1,3.11,2.2,89,6.5,6.1,2.4,2.2,0.5,Yes,Single,5.8,1.6,18,1,2.4,93,74
28,Male,4,3.67,2.6,97,8.3,5.6,3.3,0,1.7,Yes,In a Relationship,5.7,1.8,8,2,4.4,99,86
21,Male,3,3.96,5.2,100,6.9,8.5,4.9,1.9,4.2,No,In a Relationship,5.8,3,12,1,4.3,100,100
19,Male,3,3.91,3.5,100,6.4,4.1,0.6,1.8,0,No,Single,3.9,2.2,9,2,4.4,100,100
21,Male,1,3.89,3.2,86,5.9,5.1,1.7,1.7,3.2,Yes,In a Relationship,2,1.4,6,1,4.4,100,95
22,Female,1,3.99,3.3,100,7.8,6,3.1,0.5,3.1,No,Single,4,0.3,11,4,6,96,100
28,Male,4,4,5.4,100,8.6,6.4,3.3,0,0,No,Single,4.7,0,12,0,4.5,100,100
20,Female,4,2.43,2.4,79,8.3,6.4,4.5,0.5,2,No,In a Relationship,4.7,0,11,1,4.6,85,90
25,Male,1,4,5.5,100,7.7,10.1,4.1,1.4,3.7,Yes,Single,4.7,2.1,17,0,5.3,100,98
26,Male,3,3.91,3.8,100,5.2,6.1,2.9,1.4,2.6,Yes,Single,4,0.6,8,2,3.5,100,100
21,Female,2,3.36,3.3,85,6.6,7,3.3,1.3,2.1,No,Single,4.1,1.3,14,1,2.6,91,90
18,Female,3,4,7.3,100,9.3,6,3.3,1.5,3.3,No,In a Relationship,1,0.2,6,1,2,100,100
22,Male,3,4,1.9,92,8.3,4.6,0.6,0.3,5,No,In a Relationship,3.2,3.4,24,0,6.2,98,100
20,Male,1,3.76,3,79,5.2,4,2.6,1.8,4.1,No,In a Relationship,3.5,0,9,2,2.2,100,91
24,Male,3,2.75,1.7,68,6.9,4.1,3.2,0,1.5,No,In a Relationship,4.3,1.3,4,2,6.2,75,86
27,Male,1,3.85,4.9,91,7.4,6.5,3.5,3,0.1,No,Single,5,0.8,11,2,6.5,100,100
18,Female,2,3.97,6,100,6.1,6.9,1.4,1.1,4,Yes,Single,3.1,1.2,13,3,4.3,100,100
22,Male,1,4,6,100,4.2,5.3,0.9,3.4,0.6,No,Single,3.7,0.9,16,5,1.5,100,100
26,Female,1,4,5.3,100,7.1,4.4,2.4,1.3,1.9,No,In a Relationship,4.4,0.3,17,2,3.4,100,90
18,Female,3,2.68,3.2,86,6.1,9.4,5.8,2,3.4,Yes,In a Relationship,3.7,0.1,15,1,2.8,88,86
21,Male,2,4,3,100,6.1,3.8,1.6,3.7,5.3,Yes,In a Relationship,4.2,3.2,16,1,4,100,84
27,Female,2,3.02,1,62,6.6,8.1,4.6,1.9,5.6,No,Single,5.1,0.9,18,3,4.1,71,75
19,Male,4,4,6.6,94,6.8,8.8,5.2,0.6,3.1,No,In a Relationship,4.5,1.5,13,3,6.3,94,100
20,Female,4,4,4.2,100,7,7,2.9,2.7,2,Yes,In a Relationship,3.8,0,8,2,6,100,92
24,Female,1,3.1,2.8,92,5.9,2.9,1.8,1.9,0.6,No,In a Relationship,3.5,0,12,2,3.5,81,93
28,Male,3,4,5.5,96,6.7,5.1,3.6,0,6.9,Yes,In a Relationship,3.3,0.5,8,2,6.9,100,100
20,Male,1,3.02,2,74,4.9,6,3.1,0,2.4,No,In a Relationship,4.8,2.1,17,3,1.7,85,87
25,Female,4,4,4.1,92,7.4,3.3,1.5,0.5,4.4,No,Single,2.8,1.2,18,3,4.5,100,100
27,Female,2,3.57,3.2,91,3.6,3.5,1.8,3.5,3.4,No,Single,6.2,0.7,18,0,2.1,100,86
22,Female,1,4,4.5,100,6.7,6.8,3.5,1.7,2,Yes,In a Relationship,2.9,1.6,6,3,7.4,100,100
26,Male,4,4,3.4,97,8.1,6.1,4.2,1.4,1.9,No,Single,3.6,0.6,17,4,3.3,100,99
23,Female,2,2.79,1.3,77,5.7,8,2.3,3.1,0.2,No,Single,5.6,2.6,9,2,6.9,91,86
21,Male,1,4,3.6,99,7.9,5.1,2.7,3.9,5.2,No,Single,5.3,2.6,14,2,5.9,87,100
26,Male,4,3.85,5.1,99,8.4,6.5,3.8,1.6,2.8,Yes,Single,3.2,0.6,16,0,4,100,93
19,Female,4,3.37,3.5,83,3.5,5.9,2.5,2.4,5.9,No,In a Relationship,5.6,0.4,5,2,6,86,97
18,Male,4,3.98,4.7,100,6.8,3.6,2.4,2.4,2.1,Yes,Single,3,1.1,16,2,5.4,100,100
18,Male,2,3.02,1.9,75,3.5,5.3,1.7,3,2.4,Yes,Single,4.6,1.6,4,3,1.1,94,95
23,Male,1,4,3.5,95,6.9,5,1.6,1.4,0.7,No,Single,4.1,0.9,11,1,2.7,100,85
20,Female,2,3.26,2.6,66,7,9.4,6.8,3.1,2.4,No,Single,5.1,2.2,17,0,2.2,87,85
24,Female,4,3.77,4.6,100,4,5.8,2.5,0,0.5,Yes,Single,5.1,1.5,19,0,0.6,100,92
18,Female,1,3.52,3.5,85,9.3,8.3,4.8,2,3.8,Yes,Single,2.5,2.3,16,2,3.8,94,100
27,Female,1,3.26,4.5,79,7.3,10,5.3,0.3,3.2,No,In a Relationship,5.6,0.1,9,0,6.5,97,96
28,Male,1,4,5.1,97,6,8.5,2.5,0.8,5.9,No,Single,2.8,0.6,9,1,1.9,100,100
21,Male,2,4,4.5,100,8.8,5.1,3.4,3.4,0.1,Yes,Single,3.6,1.7,11,2,4.4,100,97
19,Male,2,3.55,3.9,100,4.8,4.4,3,1,5.4,No,Single,3.7,1.3,12,1,3.1,100,100
24,Male,1,3.09,2,80,5.5,3.5,0.4,1.5,1,No,Single,3.3,1,16,3,2.9,87,91
19,Male,1,3.78,3.5,94,4.2,1,0.5,1.2,3.7,No,Single,4.1,0.7,12,5,4.6,100,96
18,Male,1,4,2.7,94,9.2,6.7,2.9,1.7,0.7,Yes,In a Relationship,3.9,1.3,10,3,3.7,98,100
25,Male,4,3.42,3,79,7.4,5.3,2.2,2.9,3.4,Yes,In a Relationship,6.1,2.6,10,1,7.8,100,95
25,Female,4,3.55,2.9,84,7.8,9,5.6,1.4,0,No,Single,5.3,0,18,2,6.8,90,78
26,Female,2,3.06,2,82,7.4,5,2.4,2.8,1.7,No,Single,3.9,1,12,2,6.3,78,77
22,Female,4,2.81,0.6,69,7.7,9,5.7,2.2,3.2,Yes,Single,6.3,1.1,20,2,4.5,80,77
24,Male,1,3.92,2.5,91,7.1,5.7,2.1,0,6.5,No,In a Relationship,3.3,0.1,17,3,8.5,100,99
18,Male,1,3.41,3.8,97,7.3,8.9,5.7,2.1,0,Yes,In a Relationship,5.6,1,9,1,2.7,88,100
18,Female,2,3.19,1.5,71,7.1,5,3.6,3.1,3,No,Single,4.2,0,10,1,3,89,96
21,Female,2,3.62,3.5,94,6.3,6.8,3.6,1.6,2,No,In a Relationship,5,0.6,11,1,4.1,96,93
23,Male,4,4,6.4,100,6.9,7.2,2,1.8,0,Yes,In a Relationship,5.4,0.9,11,0,4.6,100,100
20,Female,4,3.58,5,95,7.3,7,3.7,2.2,0.8,Yes,In a Relationship,6.1,1.2,18,1,3.6,100,86
24,Female,4,3.85,6,100,7.1,8.5,5.3,2.9,2.1,No,Single,6.2,3.1,9,1,3.8,100,100
20,Male,1,3.62,4.1,79,5.2,7.5,2.6,3.4,3.9,Yes,In a Relationship,4.9,0.4,13,2,2.8,100,95
24,Male,1,3.98,5.3,99,5.4,4.4,2.3,2.7,3.2,No,In a Relationship,4.6,0,14,1,3.9,100,98
19,Female,2,3.59,2.4,90,8.3,6.5,2.4,1.7,0.4,No,Single,6,2.2,16,5,3.2,100,90
18,Male,3,3.41,2.5,76,6.6,7.6,5.2,2.5,0,No,In a Relationship,5.3,0,14,2,4.7,87,94
28,Female,3,2.41,0.5,72,7.7,8.4,4.1,2.7,3.8,No,In a Relationship,4.9,0.6,14,2,2.8,69,82
25,Female,3,4,5.3,88,5.7,9,5,0.2,2.6,No,In a Relationship,6.7,0.9,10,2,3.3,100,100
27,Female,4,3.66,5.8,90,5.2,5.8,3.3,0,6.2,No,Single,5.3,0.3,10,1,2.7,97,100
28,Female,3,3.27,2.7,78,6,5.6,2.9,0,2.3,Yes,Single,3.8,1.1,13,1,6,93,94
26,Male,3,3.25,3.1,90,6.7,7.6,3.4,1.2,5.3,No,In a Relationship,6.8,0.6,11,1,4.7,100,91
20,Male,4,2.79,2.4,79,6.2,5.2,4.4,1.8,4.1,Yes,In a Relationship,6.4,0,7,2,4.9,94,94
27,Female,3,4,4.1,100,8.6,4.9,2.4,0.2,4.6,Yes,Single,4.1,1.8,10,0,5.7,100,88
28,Male,2,4,5.2,90,7.2,8.6,4.9,2,3.9,No,Single,3.7,1.9,13,1,2.8,100,100
23,Female,1,3.43,0.9,73,9.2,5.9,3.3,1.7,3.9,Yes,Single,4.3,0.2,18,2,5.1,84,91
28,Male,3,4,4.1,100,7.5,3.2,0,0.8,0,No,In a Relationship,1.1,0.7,7,1,2.7,100,100
24,Male,1,3.1,3.1,74,4.1,4.7,4.1,2.4,2.5,No,In a Relationship,5.5,3.1,6,1,2.7,90,86
19,Male,2,3.8,3.7,100,8.3,2.9,0.9,0,1.7,No,Single,3.2,1.6,16,2,3.3,100,99
21,Male,1,3.22,4.2,89,5.2,7.9,4.1,1.7,5.5,No,In a Relationship,4.3,1.2,10,0,5.7,91,87
22,Male,3,3.62,3.2,92,7.3,6.3,4.2,3.5,1,No,In a Relationship,6.5,2.8,8,1,3.9,100,94
19,Male,1,3.51,3.3,91,6.1,4.7,3.3,1.2,2.4,No,Single,4.8,0,12,3,4.7,100,83
27,Male,4,3.95,3.2,80,9.6,7.9,3.6,2.5,4.6,No,Single,2.2,0,8,3,1.9,100,94
20,Female,4,4,5,100,8.7,8,4.4,2.5,3.6,No,In a Relationship,4.7,1.4,23,3,2.9,100,99
25,Female,3,3.38,4.1,79,6.1,3.8,2.1,1,3.3,Yes,Single,4.4,2,8,1,1.4,100,91
21,Male,4,3.51,3.8,80,6.8,7.2,4,0,5.2,Yes,Single,2.4,0,13,2,4.9,100,88
27,Male,3,3.07,1.6,76,7.3,6.2,4.5,0.7,3.5,No,In a Relationship,5.9,0,15,0,4.8,82,94
22,Male,1,3.24,2.9,88,8,8.2,5.4,1.9,1.9,Yes,Single,5.1,2,17,2,0.6,100,90
25,Female,1,4,4.8,100,7,4.3,1.1,2.9,0.4,No,In a Relationship,4.9,0,7,1,1.5,100,100
27,Female,2,3.37,3.6,86,5.8,5.4,3.4,0,4,No,Single,4.9,0.9,14,2,3,98,87
23,Female,3,3.94,4.5,100,6.1,5.3,1.4,0.5,1.5,No,Single,3.8,1.4,4,5,0.3,100,99
26,Male,2,4,6.1,100,7,5.4,1.3,1.5,2.5,No,Single,4,2.2,14,1,2.7,100,100
28,Female,4,4,5.1,97,8.5,6.6,3.3,0.4,5.2,No,Single,3.2,0.9,12,4,3.8,100,100
19,Male,1,3.78,3.6,85,7.5,6.4,2.9,3.4,2.6,Yes,In a Relationship,4.3,1.7,16,4,4.4,100,100
21,Female,4,3.01,2.7,75,6.1,5.8,4.5,1.3,2.1,No,In a Relationship,5.8,0,13,2,2.1,100,80
24,Male,1,3.27,0.5,85,7.8,6.9,2.3,1.9,2.4,No,In a Relationship,3.9,1.8,11,2,8.2,97,90
19,Male,2,3.45,3.2,93,6.5,5.5,2.6,0.4,2.5,No,Single,4.7,0.3,12,2,3,100,97
27,Male,4,4,3,96,8.1,5,3.1,2.4,1,No,In a Relationship,3.8,0,5,1,3.2,100,91
26,Male,1,4,4.1,100,10,4.7,1.5,0.3,6.4,No,In a Relationship,1.2,3.3,8,6,3.8,100,93
26,Male,3,4,3.3,99,6.6,5.6,1.7,2.1,1.9,No,Single,4.8,3,20,1,3,100,99
21,Female,4,3.1,3,89,8,8.1,4.5,3.6,4.6,No,In a Relationship,5.5,1.3,13,3,0.5,95,84
26,Male,3,3.07,0.8,86,6.1,3.7,2,2.6,1,No,In a Relationship,3.9,2.7,15,2,0.9,88,100
27,Female,2,2.87,2.1,72,6.9,8.5,4.6,1.8,4.1,No,In a Relationship,4.9,0.9,9,3,4.8,93,79
19,Female,4,3.78,4.2,94,7,6.6,3.7,0.5,3.3,No,In a Relationship,3,1.1,16,1,5.9,100,100
27,Male,1,4,6.1,100,6.8,4.1,0.5,0.6,3.1,No,In a Relationship,5,1,11,0,4.7,100,100
27,Female,1,3.65,3.4,79,10,5.6,3.6,2.1,3.3,No,Single,4.4,0.3,5,3,5.8,100,96
22,Female,3,3.63,4,88,6.6,7.9,3.6,1.7,3.8,No,Single,3.8,0,12,0,2.1,100,87
23,Male,1,4,4.9,100,7.7,6.6,3.4,2.7,2.5,No,In a Relationship,3.8,0.9,18,2,6.5,90,100
23,Female,2,2.92,2.3,81,4.7,7,2.6,1.4,2.6,Yes,Single,6.1,2.5,2,2,6.7,83,100
23,Male,1,4,4.1,100,7.5,2.6,1.4,2.2,4.2,No,In a Relationship,3.3,1.5,16,2,7.3,100,100
22,Female,2,2.99,2.4,69,8.4,6.1,4.8,1.6,0.7,No,Single,5.5,2,13,1,2.4,84,83
22,Female,4,3.82,4.8,94,6.4,5.3,2.6,2.3,0.4,Yes,Single,3.7,1.6,25,0,4.5,100,94
21,Female,3,3.5,3.7,96,4,6.3,1.5,1.1,3.4,Yes,Single,5.1,0.4,23,2,6.5,97,88
24,Male,3,3.98,3.9,87,7,8.9,3.5,0,0,Yes,In a Relationship,4.8,1.4,3,2,2.4,100,100
24,Male,1,3.18,2.3,93,7,3.6,1.7,2.8,0,Yes,Single,4.5,0.9,19,0,5.7,83,96
25,Male,1,4,4.6,100,7.9,4.5,1.4,1.3,6.6,No,Single,2.1,0.1,10,1,3.4,100,100
22,Male,1,4,6.6,100,9.4,5.4,2.2,3.3,6.1,No,Single,2.2,2.1,11,1,2.6,100,94
24,Male,1,2.9,2,86,6.5,5.7,1.8,1.6,1.9,No,Single,4.2,0,9,0,6,100,86
25,Male,1,3.5,3,96,6,5.5,1.4,1.5,5,Yes,In a Relationship,2.9,0.5,9,3,0,98,99
20,Male,4,3.72,3.8,93,5.6,5.7,4,3.2,5.1,Yes,Single,6.9,3.4,19,3,1,100,82
26,Male,4,4,4.7,100,7.2,5.7,2.6,0.7,3.9,No,In a Relationship,2.7,1.9,1,0,3.4,100,100
26,Male,3,3.31,2.7,71,7.6,5.3,4.7,0.9,2.8,No,Single,5.2,1.4,9,3,4.3,77,77
18,Male,2,3.11,0.5,91,6.3,5.5,1.5,2.1,4.3,No,Single,3.8,0,15,5,1.5,86,82
22,Female,4,4,5.5,100,7.9,2.8,0.2,0.4,4.6,No,Single,3.2,1.1,2,0,7.7,100,100
24,Male,1,4,4.6,100,7.6,4.6,3,3.8,4.3,Yes,Single,1.2,0,11,1,0.8,100,92
19,Female,1,2.48,0.9,70,7.1,9,5.6,1.1,0,No,In a Relationship,4.1,1.1,6,1,2.4,82,71
21,Female,3,3,2.6,80,5.9,6.2,3.6,1.3,7.1,No,In a Relationship,3.4,1,13,1,6.4,88,100
27,Male,4,3.76,5.9,96,6.4,12,7.6,3.3,7.8,No,In a Relationship,6.2,0.3,12,2,1.6,100,86
26,Male,4,3.89,5.7,100,4.1,5.2,3.3,1.6,0,No,Single,5.6,2.4,17,2,4.3,100,100
20,Male,1,4,4.9,100,7.3,8.9,3.2,0.4,4,Yes,Single,3.6,2.2,1,1,3.1,100,100
27,Male,1,4,3.2,91,7,4,0,2.8,7.1,No,Single,2.1,0.1,14,1,5.8,94,100
25,Female,3,4,3.6,93,7.2,7.9,3.4,2.6,5,No,In a Relationship,3,2.8,8,2,4.2,100,100
26,Male,3,3.7,3.3,100,7.6,4.9,3.1,0,5,No,In a Relationship,4.1,0.1,19,2,0,91,95
24,Female,3,3.98,5.2,100,7.5,7.3,2.2,0.6,0.1,Yes,In a Relationship,4.4,2.9,10,2,3.9,100,100
22,Female,2,3.47,2.2,85,6.9,4.1,2.6,0.2,4.6,Yes,Single,4.2,1,8,2,5.7,98,75
28,Female,1,3.36,2.3,96,7.1,5.4,2.7,0,3.5,No,Single,5.4,0.8,9,0,2.8,100,100
25,Female,1,4,5,100,5.3,7.1,2.5,4.2,4.6,Yes,In a Relationship,4,2.7,15,1,3,100,98
26,Male,2,3.23,3.4,91,6.3,9.5,5.9,0,0.9,No,In a Relationship,6.1,1,15,2,3.2,100,91
23,Female,1,4,5.6,100,7.1,3.7,2.2,0.4,0.9,No,In a Relationship,3.2,2.3,12,3,8,100,98
26,Female,2,2.88,2.5,75,6.1,7.5,3.1,2.1,2.7,No,Single,3.3,0,7,1,2.1,93,82
22,Female,1,3.76,3.4,90,8,5.6,2.2,1.9,2.2,Yes,Single,3.6,1.2,6,3,6.7,100,82
26,Female,3,3,2.1,75,6.2,6.5,4,2.4,2.7,No,Single,5,1.7,15,0,3.5,95,94
18,Female,3,3.55,3.5,95,7.3,4.2,3.1,1.9,2,No,In a Relationship,5,2.4,15,3,5,100,95
22,Female,1,2.73,1.3,78,7.1,5.9,2.4,3.5,2.6,No,In a Relationship,4.5,1.9,14,2,1.3,81,68
25,Female,4,4,2.8,94,7.9,2.8,0,0.7,1.7,Yes,In a Relationship,3.1,1.2,20,2,7.2,100,100
25,Female,1,2.75,1.3,77,8.1,6.4,3.2,3.8,2.9,No,Single,5.5,1.7,8,5,6.3,86,74
18,Female,2,4,4.5,95,7.8,3.4,2.3,1,0.2,No,In a Relationship,3.8,0.5,22,3,5.1,100,100
26,Male,1,3.88,4.6,92,4.5,5.2,2.7,0,4,Yes,In a Relationship,4.5,1.8,14,3,5.5,100,100
20,Male,1,3.11,0.9,100,8.4,4.6,1,1,3.5,No,In a Relationship,3,1.7,9,1,6.1,74,79
27,Male,1,4,5.5,100,8.8,10.2,4.9,2.2,0.5,No,In a Relationship,3.6,0.4,12,1,1.3,100,100
28,Female,3,4,7.2,100,6.4,6.9,4.1,3.1,5.7,No,In a Relationship,4.9,1.3,6,0,5,100,93
28,Male,1,3.35,3.6,78,7.3,9.6,4.9,2.4,1.3,Yes,Single,5.2,2,7,2,6.4,100,92
25,Female,2,2.6,2.5,72,5.9,8.4,4.5,0,5.4,Yes,Single,4.7,3.6,11,1,6,88,84
21,Male,2,4,7.7,100,4.7,7,3.7,0.4,3.7,No,Single,5.6,2.4,16,2,3.3,100,100
22,Male,3,3.21,1.5,91,6.1,2.9,1.1,0.8,5,No,Single,3.7,1.4,8,1,5.8,89,97
21,Male,3,3.34,3.5,88,6.4,7.4,5.6,1.8,3.4,No,In a Relationship,5.7,1.5,23,1,3.8,100,100
21,Female,3,3.88,3.8,99,6.6,5.1,1.4,2.8,4.1,No,Single,3,1.1,12,2,3.1,100,100
20,Female,1,4,5.5,100,5.8,4.8,2.4,1.7,5,No,Single,5.5,1.3,9,2,0.5,100,100
26,Male,3,4,4,85,6.1,6.2,3.9,0,6.8,No,In a Relationship,2.6,2,6,1,0.3,100,100
18,Female,2,4,2.8,97,7,6.7,3.9,3.3,5.1,No,Single,3.4,2,9,2,7.2,100,100
27,Female,2,3.47,2.1,76,6.1,6.5,3.7,0.7,3.9,Yes,Single,4,1.1,19,3,2.7,93,92
22,Male,1,3.73,3,100,7.7,6.3,2.2,3.2,0.3,Yes,Single,3.4,0.1,21,0,5,100,95
24,Female,1,3.7,2,99,7.8,4.3,1.9,1.1,0,No,Single,2.3,1,15,0,5,99,100
19,Male,4,3.04,3.6,85,9.9,10.6,6.6,1.2,2.7,No,In a Relationship,6.3,0.4,12,0,5.5,92,94
26,Male,2,3.75,2.7,90,8.4,6.2,2.7,2,1.6,No,Single,4.5,0,5,3,7.9,100,87
21,Male,4,3.12,1.3,85,7.3,3.6,2.6,2.7,1.6,No,In a Relationship,3.5,1.8,1,3,3.9,100,84
24,Male,3,3.83,5.4,100,6.3,5.1,1.7,4.3,2.8,Yes,Single,4.6,1.5,13,2,4.3,100,96
21,Male,2,3.84,2.8,86,7.4,3,3.2,1,4.3,No,In a Relationship,3.7,0.3,10,1,6.9,100,100
19,Female,4,3.34,1.6,77,7.4,5,3.1,1.3,1.8,No,In a Relationship,4,0.9,9,1,5.1,89,100
18,Female,3,3.88,3.2,75,6.4,6.4,2.8,0.3,4.8,No,In a Relationship,3,1.5,14,1,2.2,100,88
25,Male,2,3.7,3.6,100,7.9,6.4,3.4,0.4,3.1,Yes,Single,4,1.5,5,3,0.5,100,93
20,Female,4,2.05,0.9,58,5.3,6.3,5.4,1.2,3.1,No,Single,5.1,1.6,19,1,0.7,66,65
18,Female,4,4,4,79,6.7,3.6,1.9,2.8,6.7,No,In a Relationship,2.1,0.4,21,2,4.7,95,91
23,Female,2,3.22,1.9,91,7.7,2.8,2.9,0.8,3.4,Yes,In a Relationship,4.7,1.6,15,4,3.9,83,89
19,Male,4,4,6.1,100,6.7,3.2,1.8,2.8,2.9,Yes,In a Relationship,3,1.2,10,1,3.7,100,100
22,Male,4,4,4.3,87,6.8,6.9,3.2,1,4,No,In a Relationship,5.5,2,9,0,4.9,100,98
20,Female,1,3.53,2.9,99,6.8,4.2,1.9,2.9,6.6,Yes,In a Relationship,2.3,2.3,10,1,2.3,95,95
21,Male,1,3.48,2.4,90,6,5.2,2,0,2.9,No,Single,2.6,4.2,14,0,3.3,91,100
28,Female,1,3.83,3.3,99,8.4,3.6,0.6,0.7,3.9,Yes,In a Relationship,3,2.5,17,2,2.3,100,97
28,Male,1,3.82,4.4,94,5.8,5.9,2.9,2.8,2.8,Yes,Single,4.1,1.3,14,3,4.5,90,97
27,Male,2,3.75,3.5,92,7.4,7.6,3.4,2.1,2.8,No,Single,2.6,1.2,18,0,1.3,100,98
25,Female,1,3.14,3.2,88,7.5,8.4,5.6,1.3,2,Yes,Single,5.5,0.3,15,2,5.2,100,90
18,Female,1,3.47,3.6,84,5.9,7.6,3.5,1.9,1.9,No,In a Relationship,3.6,0.3,17,2,5.1,100,91
27,Female,2,3.91,2.6,97,7.1,2.1,2.1,2.1,6.4,Yes,In a Relationship,1.1,1.5,12,2,1.8,100,93
22,Female,1,3.83,3,96,5.9,5.1,0.8,1.5,1.9,No,In a Relationship,4.6,1.5,6,0,4.1,100,90
19,Male,4,3.26,0.5,78,8.7,2.5,1,1.1,0,Yes,In a Relationship,4.8,3.9,18,1,7.4,88,91
27,Female,4,4,5,100,5.6,2.6,0.9,2.7,3.3,Yes,In a Relationship,3.3,0.5,23,2,4.6,100,95
20,Female,1,2.99,3.9,86,6.2,7.8,5.6,2.6,5,Yes,In a Relationship,6.3,0.4,13,2,3.6,81,83
28,Female,3,3.58,2.3,93,5.5,7.5,3.2,2.9,5.5,No,In a Relationship,5.1,1.5,9,1,3.3,100,90
18,Female,1,4,6.3,100,5.4,3.8,1.9,4.2,0.6,No,In a Relationship,5.4,0.7,14,2,6.5,100,100
21,Female,1,4,3.6,100,8.9,3.6,1.4,1.9,5.2,No,In a Relationship,2.2,1.6,10,2,3.3,100,94
28,Male,1,3.63,1.9,83,7.7,3.3,1.5,4.3,7.1,No,In a Relationship,1.9,0.7,12,3,5,100,82
22,Female,4,4,4.8,89,7.2,5.2,1.9,3.6,1.6,Yes,Single,4.3,0.9,12,0,4.5,100,98
28,Female,3,3.34,4.1,95,6.2,8.7,4.8,3.6,2.7,Yes,Single,5.9,1.6,8,0,2.6,96,89
21,Male,2,4,4.1,90,8.1,7.8,2.8,2.1,0.5,Yes,Single,2.9,0.6,8,3,2,100,97
21,Female,1,3.7,2.9,86,6,6.5,0.6,2.8,6.7,Yes,In a Relationship,2.5,0.8,12,1,4.5,92,98
19,Female,1,3.92,4.2,93,8,10.1,6.3,3.7,0,Yes,In a Relationship,5.5,1.7,11,5,3.3,98,100
22,Female,1,3.76,3.1,86,6,4.5,1.1,0.1,2.2,No,In a Relationship,3.6,1.2,15,1,3.1,93,88
20,Male,1,3.79,4.3,98,6.2,3.4,1.9,1.5,4.6,No,In a Relationship,3,0.6,13,2,6.2,100,91
21,Female,3,2.64,0.6,72,7.9,10.1,4.8,1.9,1.6,No,Single,3.5,0.7,15,1,3.7,84,70
24,Female,3,3.49,2.8,77,8,6.7,3.4,3.1,1,Yes,In a Relationship,4.1,2.2,11,2,5.5,100,89
22,Female,3,4,6.1,100,7.7,4.8,2.1,2.5,2.9,No,Single,3.3,1.5,8,0,6.7,100,100
20,Male,3,3.86,2.3,81,5.7,4.5,1,2.7,7.8,No,Single,2.4,0.8,7,1,3.9,87,93
24,Male,3,3.55,2.6,80,6.5,3.5,1.3,2.2,2.5,No,In a Relationship,4.4,2.1,17,1,4.7,100,89
19,Male,2,3.92,2.8,75,7.2,1.6,1.4,1.9,2.6,No,In a Relationship,2.2,1.6,10,0,3.4,100,84
25,Male,2,3.14,1.7,66,6,6.5,2.8,0,0.8,Yes,Single,5.1,2.6,9,4,0.4,92,85
28,Female,1,2.89,0.5,75,8.6,7.7,3.1,1,3.8,Yes,In a Relationship,1.7,2.1,18,0,4.5,85,69
23,Male,4,3.49,3.2,86,4.1,6.3,2.6,2.7,4.8,No,In a Relationship,4.6,2.4,10,1,5.4,94,95
27,Female,2,4,3.7,97,6.1,5.7,2.7,1.5,1.8,No,Single,2.3,0.9,1,3,5.2,100,100
28,Female,1,3.88,3.4,100,6.4,4.2,1.2,0,4.1,Yes,Single,2.5,0.3,13,2,5.1,100,91
20,Male,4,3.12,3.3,95,3.6,6.4,3.2,0.9,1.8,No,In a Relationship,5.6,2,9,4,2.8,88,92
19,Male,2,3.39,3.6,94,5.3,7.9,4.7,4.1,0,No,In a Relationship,4.6,2,8,1,2.7,100,90
26,Male,3,4,5,100,7.8,5.5,2.6,0,3.9,No,Single,2.1,1.1,11,0,4.2,100,100
21,Female,4,3.87,3.2,93,7,5.5,2.5,0,7.1,No,In a Relationship,4.1,0.2,2,2,1.4,100,76
24,Male,1,3.46,2.6,92,8.9,7.8,2.9,3,0.6,No,In a Relationship,2.3,1.5,3,1,1.6,100,95
20,Male,2,3.61,3.1,100,8.9,8.1,4.5,1.3,3.4,No,Single,3.9,1.6,10,2,4.3,100,92
19,Male,2,4,4.4,100,7.5,4.6,1.5,2.3,5.6,No,In a Relationship,4.3,0,15,0,0.8,100,100
24,Male,4,3.83,5.6,100,7.4,8.8,5,2.7,2.8,Yes,In a Relationship,5,1.6,11,3,3.8,100,88
18,Male,2,3.49,2.6,95,7.1,7.2,3.4,0,0.1,No,In a Relationship,4.9,2.4,10,1,3,100,94
27,Male,3,3.33,3.6,85,3.8,6.9,2.8,2.7,3.1,No,In a Relationship,4.5,0,12,3,2.4,100,100
19,Female,2,3.77,4,88,5.3,6.7,4.6,0,6,No,In a Relationship,4.1,1.7,16,2,3.7,100,90
25,Male,4,3.49,2,75,7.1,3.4,1,1.9,2,No,Single,3.3,2.5,12,2,5.4,84,96
26,Female,2,3.81,3.5,89,7.7,5.6,3.6,2.6,3.5,No,In a Relationship,2,2.6,12,1,4.3,100,95
23,Female,4,2.94,1.3,74,7.3,7.3,3.4,1.7,0.9,Yes,In a Relationship,5.6,0,9,3,2.9,91,73
28,Female,2,3,0.8,72,5.9,5.3,1.4,0,2.8,Yes,In a Relationship,4.1,2.3,10,1,3.8,84,73
26,Female,4,4,4.1,100,8.1,5,3.5,1.5,3.8,Yes,In a Relationship,2.1,0.9,13,0,3,100,99
21,Female,3,3.83,2.9,83,8.8,6.7,3.2,3.6,3.3,No,In a Relationship,4.6,0.8,19,4,5.6,100,100
20,Female,4,4,3.8,100,8.1,7.1,2.5,2.2,2.1,Yes,In a Relationship,4.4,3.7,13,2,3.1,100,100
24,Male,3,3.58,3.5,76,8.2,6.8,4.1,0.7,3.9,No,In a Relationship,4.4,1.4,8,3,1.9,98,98
18,Female,1,3.5,2,88,6.3,5.3,1.9,1.5,4.3,Yes,Single,5.9,0.8,10,2,6,96,91
28,Male,2,4,3.4,100,8.3,7.1,3.2,2.8,4.5,No,In a Relationship,3.6,2,18,3,3.7,100,95
23,Male,2,3.5,1.7,87,7.2,4,2.6,3.5,2.4,No,In a Relationship,5.6,2.9,12,2,3.4,87,92
19,Male,3,4,5.6,100,7.6,5.1,1.9,0,1.8,No,In a Relationship,3.8,1.4,5,1,2.6,100,96
19,Female,4,2.75,1.5,76,7.4,8.1,3.6,3,6.9,Yes,Single,3.9,0.7,14,2,2.2,78,64
19,Male,1,3.63,3.2,100,6.9,4.8,2.5,2.8,3.3,No,In a Relationship,3.4,1.3,9,5,5.1,95,95
24,Female,3,3.44,1.9,79,6,4.6,0.6,0.3,2.5,Yes,In a Relationship,1.8,2.3,6,3,3.3,95,90
20,Male,1,4,4.4,100,6.9,3.1,0.1,2.2,0,Yes,In a Relationship,1.8,0.9,12,1,0.4,100,94
23,Male,4,3.63,3,100,8.2,6.2,4,1.2,1.1,No,In a Relationship,4.4,2.3,8,1,4.3,100,82
23,Female,1,4,2.7,91,6.5,3.9,1,0.4,1.7,Yes,In a Relationship,3.5,1.1,16,3,1,99,98
25,Male,4,4,4.8,100,8.1,5.6,3.2,1.3,3.9,Yes,Single,2.5,0,12,2,5,100,100
25,Female,3,3.77,3.5,98,7.9,4.8,2.9,0,2.3,Yes,In a Relationship,3.7,2.7,19,1,8.3,100,91
21,Female,3,3.7,4.3,100,6.6,4.9,2.2,1.6,3,No,Single,4.4,1.5,14,1,5.6,100,100
21,Male,3,2.93,2,64,8.7,8.8,5.7,0.9,0.1,No,In a Relationship,6.5,2.3,10,0,8.9,77,82
28,Female,2,2.95,1.4,80,6.6,5.9,3.1,1.2,5.8,Yes,In a Relationship,3.1,1.5,9,0,3.9,87,79
24,Female,1,3.65,3.7,96,8.8,6.6,3.9,1.1,1.5,Yes,In a Relationship,4.6,1.2,10,1,7.9,100,100
22,Male,3,3.28,3,97,7.5,6.5,3.2,1.3,3.5,No,In a Relationship,5.7,1.9,14,1,5.7,100,85
22,Male,2,3.75,4.4,93,7,6.1,2.5,0.5,1.9,Yes,Single,4.9,1,5,6,6.3,100,100
22,Female,4,3.55,3.4,100,5.9,4.4,2.8,0,2.4,No,Single,3.8,3,13,1,3.7,100,100
25,Male,2,3.42,3.8,81,6.9,7.7,5,4,1.4,No,Single,5.4,1.2,7,0,1.7,87,82
18,Female,4,2.85,1.1,69,6.8,5,4.4,3.7,3.6,Yes,Single,4.8,3,23,1,3.1,72,92
27,Female,4,3.69,6.3,91,5.5,8.5,5.7,2.4,1,No,Single,6.8,1.8,15,1,3.1,100,93
18,Female,3,3.37,3.3,82,6.7,6.3,3.1,1,3.6,No,Single,4.2,0,15,0,2.6,94,87
23,Female,1,3.92,4.5,100,6,5.2,1.5,2.5,2.8,No,Single,4.4,0.2,12,1,2.6,100,94
28,Male,4,3.75,2.2,98,7.7,5.3,2.1,0,4.3,No,In a Relationship,4.3,2,4,5,2.4,100,88
25,Male,1,4,4,100,8.6,4.7,1,2.7,4.5,Yes,Single,1.4,0.3,12,2,2.8,100,100
26,Male,1,2.7,1.5,63,5.5,7.1,4,0.8,2.4,Yes,Single,3.9,0,14,0,5,76,81
18,Female,4,4,4.2,87,9.1,4.1,1.9,0,3.7,No,Single,3.4,2.5,9,2,5.8,100,90
19,Male,2,3.6,3,100,6.8,1.7,0,3,2.1,Yes,Single,3,0,12,6,7.2,100,94
19,Male,4,3.12,3.5,78,5.8,9.2,6.5,2.2,5.6,No,In a Relationship,6.3,2,15,3,3.6,100,75
20,Male,2,3.81,4.5,99,7.9,4,1.9,0.9,2.3,No,Single,4.6,0.8,13,2,4.3,100,100
28,Female,4,3.57,1.7,90,6.5,4.8,1.9,1.4,2.6,No,Single,2.1,1.9,13,1,5.8,97,89
25,Male,1,2.91,2.5,80,6.9,7.7,5.3,0.3,2.1,No,In a Relationship,4.4,1.5,15,1,2.7,100,80
20,Male,1,4,4.2,98,6.5,4.5,1,2.2,1.5,Yes,Single,3.7,0,18,1,2.3,100,100
25,Female,4,4,6.6,100,6,7.6,4.5,2.1,7.1,Yes,Single,3.3,0.9,8,2,1.4,100,93
23,Female,1,4,3.3,100,7.9,5.4,1.9,2,4,No,Single,2.7,1,22,3,0.6,100,100
21,Female,1,4,4.4,100,6.7,4.3,0.8,0,3.1,No,In a Relationship,2.1,1.6,22,3,2.1,100,100
23,Female,2,3.2,3.3,66,5.3,8.2,5.4,1.8,2,No,In a Relationship,5.5,1.5,9,5,7,100,84
26,Male,1,4,6.4,100,7.7,7.1,4.2,0,5.2,No,In a Relationship,3,1,15,5,3.6,100,86
20,Female,2,2.88,0.9,67,5.6,7.8,4.2,2.7,1.9,No,Single,5.7,0.1,21,3,6.9,82,100
19,Female,3,3.61,3.6,97,5.6,9.3,3.4,1.4,3.2,No,Single,5.7,1.7,19,3,3.8,100,78
22,Female,2,2.9,1.1,67,8.4,5.5,3.7,4.3,7.4,No,In a Relationship,3.5,2.1,3,5,4,76,74
23,Female,1,2.93,0.5,74,5.6,4.1,1,0.8,1.1,No,Single,6.8,1.5,11,3,3,81,87
28,Male,3,3.44,3.9,89,4.2,4.6,3,0,4.1,No,In a Relationship,5.8,1,9,1,8,91,90
24,Female,4,3.6,3.7,100,7.7,4.4,1.4,0.4,3.6,No,Single,4,0.8,16,2,5.8,100,100
24,Female,4,3.44,3.1,86,6.6,2.9,0.7,1.5,4.1,Yes,In a Relationship,3.1,0.3,17,2,5.6,77,96
20,Female,2,3.92,3.3,91,6.7,6.3,3.4,0.1,2.4,Yes,Single,4.2,1.4,6,3,4.3,100,91
21,Female,1,4,8.1,100,6.6,7.7,4.5,0,1.8,No,In a Relationship,6.4,1.4,8,6,6.8,100,100
23,Female,3,4,3.1,99,7.3,4.6,2.2,2.3,3.5,No,In a Relationship,3.4,2,4,2,0.9,98,100
19,Male,2,3.55,4.3,100,6.1,3.4,2.5,4.2,2.1,Yes,In a Relationship,4.5,0.6,12,2,6.2,100,98
25,Male,4,4,2.5,90,8.8,5.8,1.1,3.3,0,No,Single,3.2,1.3,11,0,2.7,100,100
27,Female,4,3.08,3.9,93,5.2,6.8,2.8,1,1.4,No,Single,5.6,0,14,1,3.7,94,100
23,Female,2,3.1,3.1,88,7.5,6.7,3.9,0.8,2.4,No,In a Relationship,5.3,0.9,21,2,6.4,87,91
26,Male,4,3.13,2.9,95,7.8,5.9,4,1.4,0.8,Yes,Single,5.8,0.6,13,1,5.4,90,86
22,Male,4,4,6.2,100,6.1,6.7,3.6,3,3.3,No,In a Relationship,4.3,2.3,11,1,5.1,100,99
22,Female,3,4,5.3,100,5.8,5.3,1.9,0.8,1.5,Yes,Single,4.6,2.9,16,3,3.6,100,93
25,Male,2,3.76,3.7,100,8.2,5.7,1.8,1.2,2.9,Yes,Single,3.6,0,10,3,5.6,100,100
24,Male,1,2.23,0.5,77,5.8,8,4,4.4,7.3,Yes,In a Relationship,5.6,2.1,11,2,6.1,63,64
24,Female,1,3.74,3,79,6.3,8.3,4,1.7,5.5,No,In a Relationship,2.5,1.9,13,0,5.2,100,100
28,Female,1,4,7.6,100,8.1,3.4,2.5,3.3,4.2,No,Single,3.3,0.7,6,4,2.6,100,92
23,Female,2,3.85,3.2,91,7,4.8,2.2,1.9,6.6,Yes,In a Relationship,2.5,0.4,10,2,4.2,95,94
28,Male,2,3.87,5.2,100,4.8,8.8,4.6,1.4,2.9,No,In a Relationship,5,0.4,8,1,1.2,100,92
24,Female,4,4,5.7,100,9.1,4.2,2.3,1.5,2.9,No,In a Relationship,2.3,0.8,16,0,6.8,100,93
24,Male,4,3.43,3.8,86,6.4,8.4,3.9,0,0.9,No,In a Relationship,5.7,0.8,7,1,2.1,100,94
24,Male,3,3.37,2.2,90,6.5,7.8,2.6,2.1,5.6,Yes,Single,1.2,1,7,3,4.3,87,97
20,Female,3,2.88,0.5,80,7.3,5.6,1.2,2.2,6.9,Yes,In a Relationship,2.4,0.7,8,2,4.6,83,88
18,Male,3,3.59,4.5,81,7.8,9,5.2,0.1,4.8,No,Single,2.6,2,8,0,0,100,78
18,Male,4,3.77,2.3,94,9.4,5.5,3,3,5.8,No,In a Relationship,2.1,1.7,20,2,5.3,95,100
23,Female,3,3.69,3.8,81,5,5,1.7,1.6,0,Yes,In a Relationship,4.7,1,17,3,5.8,100,86
25,Male,4,3.47,1.6,81,8,2.1,0.7,1.2,7.7,Yes,In a Relationship,1.5,0.7,14,1,5,90,100
25,Female,1,3.97,3.1,93,7.9,3,0.9,3.5,2.8,Yes,In a Relationship,3.7,0.6,10,0,1.7,100,100
28,Female,4,4,3.6,91,6.8,4.3,2.2,0,7.7,No,In a Relationship,4.2,1.6,12,4,1.9,100,93
21,Female,1,3.68,3.9,87,7.9,8.8,5.7,2.1,6.5,No,Single,6.2,1.3,20,0,1.2,100,77
19,Male,3,3.62,1.8,77,8.1,4.4,1.9,2.3,4.5,Yes,In a Relationship,3,1.4,10,2,3.5,100,91
27,Female,4,3.54,5.3,100,5.3,8.3,5,1.9,2.3,No,Single,6.8,2.1,7,3,3.5,100,93
26,Male,4,3.38,2.6,78,9.1,6.7,2.6,0.8,3.3,No,Single,4.7,1.1,16,1,1.7,93,94
18,Male,4,2.57,1,71,5.1,3.1,1,4.3,0,No,Single,4.1,2.6,11,2,4.8,90,82
27,Female,2,3.46,3.3,96,5.6,5.3,2.1,2.4,4.9,No,Single,5.1,0,11,1,3.5,100,98
26,Female,2,3.41,3.6,100,6.7,3.4,0.9,0.3,0,No,Single,1.8,0,11,2,7.3,100,91
21,Female,1,4,3.7,90,9.3,4.7,1.5,0.7,2.4,No,In a Relationship,3.2,3,11,1,4.4,100,100
28,Male,3,4,5.5,93,6.6,5.3,1.5,0,6.1,Yes,In a Relationship,4.7,0.8,14,2,2.2,100,100
21,Female,1,3.54,3.1,87,7,4.1,0,1.3,4.4,Yes,In a Relationship,2.8,1.5,10,2,5.9,100,86
22,Female,4,3.52,3.3,73,8.7,8.9,5.1,4.2,0,No,Single,4.8,2.5,14,1,3.7,91,96
27,Male,4,3.35,1.8,80,6.6,6.6,3.1,0,0.3,No,Single,4.7,1.5,17,2,4.9,94,94
23,Female,3,3.99,4.7,97,5.6,3.1,1.8,1.9,1.8,Yes,In a Relationship,5.9,2.1,19,1,4.2,99,92
23,Male,3,3.47,3.8,90,6.5,4.8,3.1,1,3.2,Yes,In a Relationship,2.7,1.8,7,4,1.3,98,84
24,Male,3,3.95,2.9,99,8.6,3.5,1.5,1.9,4.8,No,In a Relationship,2.2,2.2,17,2,3,100,96
27,Female,4,3.43,0.6,85,7.1,3.4,0,2,4.2,No,Single,3.5,1.7,18,0,3.8,87,92
19,Male,2,3.78,5.7,100,9.3,8.7,7.2,1.7,0.9,No,Single,5.8,1.9,18,2,6.7,100,89
18,Male,4,2.99,1.7,80,7.9,6.5,3.1,0,4.2,No,Single,4.8,0.6,12,1,5.8,95,89
24,Male,4,3.48,2.6,81,6.2,5.2,1.9,0.4,4.5,Yes,Single,4.4,1.7,11,1,2.1,100,99
28,Male,4,4,4,99,7.1,1,0,1,4,Yes,Single,2.2,1.2,4,1,0.9,100,91
22,Female,3,3.33,1.7,84,6,2.3,0.6,1.7,8,No,In a Relationship,3.1,1.1,12,2,3.2,100,85
23,Male,4,2.87,1.3,78,6.2,9.6,5.3,3.3,4.5,No,Single,3.7,0,21,0,5.5,70,91
22,Female,4,2.82,0.5,62,10,8.9,5.1,4.3,4.9,No,In a Relationship,1.5,0.8,14,0,6.5,77,85
25,Male,3,3.97,4.6,92,8.2,5.9,3.9,1.3,6.8,No,In a Relationship,2.7,1.1,11,3,4.6,100,100
20,Female,4,3.33,2.7,93,8,2.9,1.1,0.9,4.7,Yes,Single,2.8,2.8,15,3,5.7,100,91
18,Female,1,4,7.9,100,6.3,5.2,5.1,1.7,1.9,No,Single,4.6,0.9,6,1,3.2,100,100
18,Female,4,3.74,2,87,8.9,8.3,3.5,1.9,5.5,Yes,Single,3.4,1.5,11,0,5.3,100,100
19,Male,4,3.7,2.1,92,8.3,6.8,3.8,3.9,2.2,Yes,In a Relationship,4.2,2.6,16,2,2.1,85,100
19,Male,4,3.99,2.7,100,9.3,8.8,3.5,0,1,Yes,In a Relationship,2.1,0,15,1,5.4,100,97
21,Male,3,4,3.9,100,9.2,3.3,0.5,2.4,1.2,No,In a Relationship,2.2,0.8,9,2,3.7,100,100
24,Male,3,3.67,2.8,95,5.2,4.3,1,3,5.5,Yes,In a Relationship,4.4,2.1,21,0,4.1,99,100
20,Female,4,3.72,4.4,98,5.7,6.1,2,0.3,4.2,No,In a Relationship,4.5,3.7,5,1,3.4,100,100
19,Male,4,3.27,2,91,5.8,8.8,3.8,3.2,5.1,No,In a Relationship,3.8,0,14,0,8.5,87,91
24,Male,1,2.85,1.4,77,5.9,4.3,0.7,0.2,4.3,No,Single,4,1.1,16,4,7.1,88,89
20,Male,3,2.48,0.8,78,7.4,5.5,2.5,0,3.4,Yes,In a Relationship,5.5,1.8,18,3,4.8,80,78
28,Female,3,2.44,0.5,76,6.3,5.5,2.5,1.2,3.6,Yes,In a Relationship,3.7,2,13,0,3.6,90,83
21,Male,1,3.97,2.7,93,9.5,5.7,4,2.5,4.2,No,Single,4.2,3.4,16,3,3.2,92,99
19,Female,2,3.85,3,86,9.3,6.3,3.8,0,1.8,No,In a Relationship,4.5,0.6,12,0,1.2,100,90
22,Male,4,3.45,2.6,79,7,4.4,1.3,0,0.4,Yes,In a Relationship,3.5,1,20,1,6.6,100,81
27,Male,4,3.94,5.4,100,9.3,9.7,5,2.9,2,No,In a Relationship,3.2,0,14,4,3.1,100,100
27,Male,4,4,5.3,100,8.8,3.6,1.1,1.3,4.1,Yes,Single,4.2,1.3,18,1,4.3,100,91
28,Male,2,3.15,3,86,6.5,8.7,4.4,2,1.7,No,Single,6.2,1.7,6,0,3.2,90,89
27,Female,1,3.27,0.8,78,4.6,4.9,2,2.3,7.3,No,Single,3.5,3.3,11,2,4.2,86,89
24,Female,2,3.35,2.6,92,6.7,7.5,3,0,3.9,Yes,In a Relationship,5.3,2.9,15,1,0,92,93
18,Female,1,3.39,2.6,87,6.2,6.9,3.1,0.7,3.2,No,In a Relationship,5,2.7,15,1,6.3,87,97
27,Female,3,3.6,2.5,91,7.2,6.8,3.1,1.4,1.8,No,In a Relationship,5.6,0.5,9,0,5,100,92
22,Female,1,3.3,2.5,80,7.1,8,3.8,0.3,4.8,No,In a Relationship,2.3,1.6,3,2,8.6,100,87
27,Male,4,3.45,2.5,89,7.1,7.4,3.4,1,0.6,No,Single,4.3,1.6,3,1,3,100,93
19,Male,3,3.47,2.9,75,7.6,8.3,4,2.7,3.6,Yes,In a Relationship,5.8,1.7,7,4,0.6,96,78
27,Male,3,3.14,2.5,82,5.5,9.1,3.5,0,2.1,No,In a Relationship,7.7,1.2,26,1,8.9,99,81
20,Male,1,4,3.8,100,7.5,5.8,0.9,1.7,3.2,No,In a Relationship,2.7,2.3,1,3,4.6,95,100
26,Male,3,3.82,4,89,6.5,6.8,3.2,0.1,4,Yes,In a Relationship,3.8,0.8,11,7,6,100,92
21,Male,1,3.21,2.1,86,7.2,4.5,2,1.1,0.7,Yes,In a Relationship,4.8,1.5,11,4,3.1,91,76
25,Female,2,4,5.4,100,8.1,4.5,1.1,1.2,0,No,Single,3.9,2.7,12,1,4.8,100,89
20,Female,4,3.14,2,73,5.5,3.1,2.4,1.6,1.1,No,In a Relationship,5.3,3.4,12,1,5.6,82,80
20,Female,2,2.98,1.1,84,6.7,7.1,3.1,1.4,4.8,No,In a Relationship,1.8,0.4,7,2,4.8,83,83
28,Male,4,3.63,4.1,99,6.9,4.9,3.2,1.9,3.7,No,In a Relationship,3.9,1.8,17,0,5.8,100,93
23,Female,2,2.87,2.3,67,6.4,8.7,4.4,2.3,2.2,No,In a Relationship,5.9,1.7,4,2,7.1,94,92
28,Male,2,4,4,95,8.1,10.2,4.8,0,6.9,No,In a Relationship,1.4,2.4,21,3,2.7,100,100
27,Female,2,2.96,0.5,81,6.1,4.6,3.3,1,5.6,Yes,In a Relationship,2.4,2.8,14,1,5.5,84,94
23,Male,2,4,5.6,100,6.3,6.5,3.6,0.5,5.1,No,In a Relationship,2.4,0.9,7,3,7.4,100,100
18,Female,3,3.78,4.5,93,6.1,4.6,2.9,0,1.6,No,Single,5.4,1.1,9,2,3.1,100,99
27,Male,3,2.89,1.2,73,8.3,4.9,4,0.2,5.1,Yes,In a Relationship,2.7,1.3,18,2,3.6,88,81
19,Female,4,2.99,1.3,74,6.4,6.4,3.5,2.8,3.7,No,Single,3.2,1.7,5,1,3.6,86,93
27,Female,3,4,6,100,7.6,6.5,2.7,1.2,1.6,Yes,In a Relationship,4.2,2,12,2,1.2,100,93
27,Female,4,3.83,2.4,95,9.4,9.9,6,2.2,2.8,Yes,In a Relationship,3.3,0.8,12,1,2,100,96
26,Male,1,3.15,2.2,93,6.9,5.2,2,2.1,0.9,No,Single,4.7,3.1,12,0,5.6,98,81
18,Female,1,2.72,0.5,79,8.3,6,5,0.3,1.6,No,In a Relationship,7.2,0,15,3,4.1,92,87
24,Male,3,3.96,3,85,9,3.9,0.8,2.2,0.7,No,In a Relationship,2.7,0,15,3,5.2,100,100
19,Female,4,3.27,3.2,92,8.2,5.2,4,0.1,4.9,No,Single,1.8,1.8,14,3,2.2,94,94
27,Female,4,4,4.6,100,7,6.3,5,2.4,2.9,No,In a Relationship,4.5,1,18,1,5.8,96,82
24,Female,3,2.94,1.4,78,7.8,1.8,0,0.7,1.1,Yes,Single,3.5,0.6,13,4,0.8,91,100
18,Female,1,2.44,1.2,73,5.5,7.3,3,0,4,No,Single,4.9,2.2,9,1,2.7,69,77
21,Male,3,3.34,4.2,85,6.1,7.6,3.9,1.7,3,Yes,In a Relationship,5.7,2,6,2,4.6,99,95
25,Male,2,4,5,100,6.3,6.6,3.2,0.6,5.1,No,Single,3.5,2.4,12,3,0.8,100,100
20,Male,4,2.74,1.1,79,9.7,5.4,3.4,2.3,3.3,No,In a Relationship,3,0.2,14,2,2.6,81,79
25,Male,1,4,5.1,100,6,5.5,3,2.4,0.1,No,Single,2.6,2,3,2,1.7,100,92
22,Female,4,3,3.6,86,6,2.6,1.2,0,2,Yes,Single,4.6,2,14,3,4.8,81,91
22,Female,1,3.59,5.1,100,5.7,11,6.4,6,0.7,No,Single,5.1,0.2,8,3,3.7,100,100
26,Female,4,3.93,3.4,96,7.7,7.6,2,0,4.1,No,In a Relationship,3.5,1.2,7,2,4.1,100,94
18,Female,4,3.18,0.5,77,7.2,7.2,3.5,2.4,5.2,No,In a Relationship,3,2.2,13,3,6.4,83,77
26,Female,3,3.53,3.3,99,8.3,5.7,1.8,0.9,0,Yes,Single,3.7,2.5,2,0,3,100,93
21,Male,2,4,5.1,100,7.8,2.8,0,1.9,2.8,Yes,Single,3.7,1.1,19,1,2.8,100,100
25,Male,1,3.1,2.2,70,5.3,2.5,1.4,0.7,5.3,Yes,Single,3.2,0.1,17,0,3.1,85,91
21,Female,2,3.91,2.9,90,6,2.6,0.6,3.4,0,Yes,In a Relationship,3.4,2.7,6,0,5.2,99,96
24,Female,4,4,3.2,100,8.6,6.8,4.4,0,2.1,Yes,In a Relationship,4.3,1.2,11,2,7.1,96,92
20,Male,3,2.78,0.5,58,6.8,4.4,1.9,2.8,3,No,In a Relationship,3.1,0,13,0,4.3,81,82
23,Male,4,4,6,100,8.4,4.3,2,0,5.1,No,In a Relationship,1.9,1,8,1,2.8,100,100
22,Female,4,3.28,2.1,93,6.8,4.3,1.2,1.6,4.1,No,Single,5.1,2.3,10,2,3.6,86,93
24,Male,3,3.52,4.3,97,5.8,4.9,2.9,0,4.5,No,In a Relationship,2.4,0,11,1,2.1,99,96
21,Male,2,3.99,3.4,93,6.6,7.3,1.7,2.4,4.2,No,Single,4.2,1.3,12,1,4.8,93,100
18,Female,3,3.99,5.4,100,5.8,5.7,4.3,1.9,2.3,Yes,In a Relationship,5.1,0.9,11,4,7.3,100,100
22,Female,4,4,4.1,85,6.3,7.4,3.3,2.2,6.3,No,Single,3,1.2,12,3,1.3,100,94
22,Male,4,3.51,3.1,96,7.2,4.6,1.9,1.1,1.7,No,In a Relationship,4.2,0.8,14,2,6.3,98,97
19,Female,3,3,2.2,85,7.6,7.7,4.1,1.2,0,No,Single,5,1.7,10,1,2.5,95,91
18,Male,3,4,4.7,100,5.1,6.4,2.8,1.3,0,Yes,In a Relationship,6.7,1,14,1,0.8,100,100
23,Female,2,2.83,0.7,70,7,6,2.8,0,2.8,No,Single,3,1.9,18,2,6.6,91,75
26,Female,2,4,4.5,100,6.3,2.2,0.6,4.8,2.3,Yes,In a Relationship,3.1,0.8,14,1,7.7,100,100
24,Male,1,3.49,1.9,80,6.2,5.3,2.7,0.5,1.9,Yes,In a Relationship,5.5,2.3,21,1,4.5,91,78
22,Male,1,4,5.4,100,7.2,6.5,3.3,1,3.3,Yes,In a Relationship,3.9,1.2,5,3,3.7,100,100
19,Male,3,3.84,3.7,100,6.3,7.9,4.8,1.9,5.4,Yes,Single,5.2,0,9,0,2.8,100,98
28,Female,3,4,4.5,98,8.7,3.5,1.7,0.9,3.9,No,Single,4.1,0.3,14,2,4.2,100,100
23,Female,4,3.58,3.6,77,8.4,10.7,6.2,1.9,4.3,Yes,In a Relationship,5.2,0,13,1,3.2,93,88
28,Male,3,3.37,0.9,78,8.4,3.6,3.6,0,0.8,No,Single,3.7,0.1,10,1,3.4,99,93
19,Male,2,3.16,2.2,81,6.4,3.2,0.5,1.5,2,Yes,In a Relationship,3.2,0,15,1,4.8,97,94
21,Male,3,4,4.5,100,5.8,3.4,1.5,0.3,4.4,No,Single,4.9,0.1,13,2,6.5,100,99
28,Male,4,4,3.7,95,7.1,8.1,4.9,2,3.2,No,In a Relationship,5,1.2,18,0,4.7,100,89
23,Female,4,3.88,5.3,100,6.8,8.9,4.7,3.5,4,No,Single,4.5,1.9,7,1,5.9,100,100
18,Male,1,3.58,4.1,96,6.3,4.1,2.8,4,4.2,No,In a Relationship,4.5,0,12,1,7,100,92
19,Male,4,3.47,2,63,5.6,8.8,3,0.9,3.3,No,In a Relationship,3.3,0.4,10,2,3.3,99,89
23,Female,1,3.54,2.3,92,7,4.3,1.1,0,6.2,No,Single,2.5,2,16,2,3.4,100,94
25,Female,2,3.59,3.7,91,6.5,8.3,4.8,1.9,1.9,Yes,Single,5.2,1,15,2,4.6,87,82
22,Female,2,2.77,0.5,91,7.8,2.6,1.3,1,1.4,Yes,Single,3.4,0,10,3,6.9,85,88
20,Female,4,4,6,100,7.8,7,4.1,0.3,0,No,In a Relationship,4.5,1.2,17,2,3.4,100,100
28,Male,4,3.71,4.2,85,8.3,9,4.8,1.8,4.5,No,In a Relationship,3.8,1.6,12,1,6.1,100,90
26,Female,1,4,5.3,100,5.5,6.2,2.9,1.8,1.9,No,Single,4.7,1.5,6,3,0.1,100,85
22,Male,1,2.82,1.1,64,7.5,7.5,4.3,2.4,5.5,No,Single,5.5,3.4,11,2,0.9,82,84
26,Male,3,4,5.4,100,6.1,8.5,5.6,0.8,3.5,No,In a Relationship,3.2,0.4,24,1,2.8,100,98
20,Female,1,4,6.8,100,5.5,4.5,3.2,0.7,2.3,Yes,In a Relationship,5.6,2.3,11,4,4.2,100,100
20,Female,3,3.27,1.5,93,6.5,3.8,2.5,0.7,0.9,No,In a Relationship,4.5,1.2,13,4,6,93,83
20,Male,4,4,4.7,100,8.3,7.1,2.7,0.6,4.7,No,Single,3.2,1.7,13,1,4.2,100,100
22,Male,1,3.35,3.5,100,6.6,5.8,1.7,2.4,2.9,Yes,Single,3.4,0.5,12,5,5.4,89,100
18,Female,1,3.33,1.2,91,8.9,5.9,1.7,0.5,3.5,No,Single,3.4,0.5,20,1,5.4,91,91
24,Male,2,4,4.2,100,7.7,5.5,3.5,0,4.2,No,In a Relationship,4.8,0,16,3,4.8,100,95
26,Male,2,3.95,4.8,88,6.5,5.4,2.6,2.1,3.5,No,Single,2.2,0,15,3,4.4,100,92
24,Male,4,3.54,2.6,90,8.4,7.8,3.3,2.1,1.3,No,In a Relationship,6.2,1.9,11,0,3.4,82,93
19,Female,2,4,5.2,100,7.5,2.1,0.6,4,4,No,In a Relationship,3,0.7,15,1,3.3,100,100
25,Female,3,2.44,1,73,5.9,7.1,2.7,4.7,4.6,No,In a Relationship,4.2,3.7,10,1,5.6,89,71
27,Male,1,3.17,1.3,72,9.2,6.6,4.3,3.5,3.7,Yes,Single,2.4,0.7,14,2,8.7,98,85
26,Male,3,4,3.7,97,7.3,3.1,1.1,2.4,4.3,No,Single,2.5,1.9,22,3,4.8,100,94
20,Female,3,3.65,3.5,100,7,5.8,2.8,1.5,4.5,No,Single,5.1,1.3,20,2,3,100,94
19,Male,3,3.62,2.4,92,6,1.7,0,0.5,2.2,No,In a Relationship,3.5,0,11,5,3.6,91,100
21,Male,1,3.85,4.7,100,8.4,1.5,0.8,4.4,2.1,Yes,In a Relationship,3.4,0,13,0,3,96,98
27,Female,4,3.58,4.3,95,7.6,7.1,4,2,7.5,No,Single,3,0,7,0,2.4,100,98
26,Male,1,4,4.8,100,7.8,5.9,2.3,3.4,5.7,No,In a Relationship,5,2.7,11,1,4.9,100,100
19,Male,3,3.19,3.3,68,6.4,10,5.5,1.4,2.9,Yes,In a Relationship,5.2,2.5,1,1,3.2,88,74
18,Female,2,4,4.4,100,8,7.1,3.4,2.2,4.4,Yes,In a Relationship,4.8,3.1,17,2,4.2,100,83
22,Female,2,3.66,2.8,86,8.1,9,3.6,1.7,1.1,No,In a Relationship,4.2,0,8,5,3.6,100,89
28,Male,4,4,6.6,100,6.2,5.8,1.2,0.6,1.8,No,In a Relationship,4.3,0,12,2,3.8,100,100
23,Female,2,3.46,2.3,73,5.3,6.1,2.2,2.2,0.5,No,In a Relationship,5.3,1.8,10,4,7.6,100,98
27,Female,4,4,6.7,100,7.7,5.3,1.7,4.4,3.6,No,Single,4.2,0.4,17,1,3.4,100,96
22,Male,2,4,3.6,100,5.1,5.7,1.2,0.8,3.6,No,Single,4.7,1.9,19,2,2.2,100,100
27,Male,4,2.81,1.4,77,7.2,4.1,3.8,1.2,5.2,Yes,Single,3.5,0.8,19,2,8.2,78,89
25,Male,4,4,5.6,100,6.5,6.5,4.1,0,2.6,No,Single,6,0.7,6,1,1.7,100,100
28,Male,4,3.71,3.7,100,8.5,4.2,3.4,2.3,5.1,No,Single,2.4,0,15,3,3,100,99
28,Male,3,4,4.8,96,6.5,5.4,1.6,2.3,4.3,No,Single,2.3,0.6,8,5,5.3,100,93
24,Male,4,4,5.3,100,8.3,5.4,3.3,2.2,7.9,Yes,Single,2.5,1.6,13,0,2.7,100,100
22,Female,4,4,4,100,6.4,6.6,0,1.1,6.3,Yes,Single,2.9,0.2,17,1,6.1,100,100
27,Male,2,3.23,2.6,82,8.2,7.2,4.8,1,6,No,Single,2.8,1.3,11,0,3.4,91,89
19,Male,2,3.71,5,100,9.5,4,0.9,1.7,4.7,No,In a Relationship,2,0.2,13,0,6,100,97
26,Male,4,3.77,3.5,95,5.7,3.6,1.1,2.2,1.2,No,In a Relationship,2.8,0.4,9,2,1.3,100,97
18,Female,2,3.65,4.5,92,7.4,5.4,3,1.5,3.6,No,Single,3.6,0.5,17,3,5.6,95,100
26,Female,3,3.71,0.5,76,10,4.6,3.1,0.9,7.5,No,Single,3.2,1.7,11,1,7.6,98,87
20,Male,2,4,4.2,98,7.1,4.2,2.7,0,4,Yes,Single,3,2.1,9,0,6.6,100,100
20,Female,3,3.92,2.5,84,7.1,1.5,1.1,2.8,1.4,Yes,In a Relationship,2.5,3,14,3,3,100,94
22,Male,3,4,6,96,7.9,8.2,4.5,1.7,3.7,Yes,In a Relationship,4.7,2,17,2,3.2,100,95
20,Male,1,4,4.4,100,7,2.8,0.3,0,1,Yes,Single,2.7,1.6,5,1,6.7,100,100
23,Male,1,3.98,3.9,84,5,5.9,0.6,2.3,1.3,No,In a Relationship,6.7,3,14,1,1.5,100,100
23,Male,3,4,4.2,100,8.4,4.1,2.6,2.4,3.8,No,Single,3.5,1.5,10,1,0.1,95,100
20,Female,2,3.24,2,86,4.6,5.7,0.9,0.9,4.5,No,In a Relationship,4.9,1.8,15,4,6.1,98,87
24,Male,4,3.79,5.9,95,6.5,9.5,4.6,0.1,1.4,No,In a Relationship,4,2.2,9,1,1.7,100,100
24,Male,2,4,6.5,100,8.4,5.5,1,2.9,1.9,No,In a Relationship,3.5,1.4,8,2,2.3,100,100
28,Female,3,3.47,4.1,81,6.6,8.4,5.1,0.9,0.1,Yes,In a Relationship,4.7,1.1,8,2,3.1,100,97
18,Female,2,4,5.9,100,6.2,7,4.4,0,2.7,No,Single,4.9,1,13,1,3,100,99
18,Male,2,3.8,2.6,80,8.1,9.2,4.7,1.4,0,No,Single,4.3,0.6,15,3,5,93,89
18,Female,4,2.98,2.3,81,6,7.7,5.6,1.7,2.4,No,In a Relationship,6.7,0.7,9,0,4.3,77,83
19,Female,4,3.39,3.6,77,5.5,6.2,2.9,1.6,3.2,No,Single,4.9,2.3,12,4,7.1,100,93
26,Female,3,4,4.2,100,7.3,4.2,1.3,0.6,0,Yes,In a Relationship,4.1,0.1,9,2,2.3,100,100
21,Female,3,3.2,2.9,99,6.8,4.5,2.6,1.6,1,No,In a Relationship,5.8,1.3,10,2,1.3,100,93
24,Male,3,3.99,4.3,96,5.5,5.3,2,2.4,2.9,No,In a Relationship,4.3,1.2,10,2,6.1,100,100
21,Female,1,3.62,4,89,7.8,5.6,1.7,0,2.6,No,In a Relationship,4.5,0,8,3,4.8,100,100
27,Male,1,3.14,2,66,7.6,4.9,3,2.2,2.7,No,In a Relationship,5.8,2,6,2,4.2,85,68
19,Female,4,3.71,4.3,100,6.6,5.9,2.3,2.6,3.6,No,Single,4,0,12,3,4.4,100,80
27,Female,2,4,4.8,100,6.7,2,1.7,1.1,0,No,Single,4.6,0.5,18,2,2.4,100,98
18,Female,1,3.94,3.8,97,7.6,4.1,2.4,0,4.4,No,In a Relationship,4.4,1.1,12,3,4.5,100,86
25,Female,1,4,5.2,97,8.4,6.1,3.6,2.7,2.4,No,In a Relationship,5.5,2.7,11,0,4.2,100,91
24,Female,2,3.09,1.7,68,6.7,7.6,4.2,3.2,1.8,No,Single,5.1,1.7,16,0,6.3,88,85
20,Female,3,4,4.2,100,7.8,4.4,0.4,0,0,Yes,In a Relationship,2.8,1.5,10,2,1.3,100,94
28,Female,3,3.37,1.7,84,7.7,5.4,2.3,1.3,2.5,No,In a Relationship,4.6,2.6,13,3,0.5,99,84
21,Female,1,3.06,1.8,76,8.1,6.3,2.6,0.2,4,No,Single,4,0.9,4,0,3.1,87,94
22,Male,4,3.64,2.6,100,7,3.8,1,0.7,3.3,No,Single,4.1,3.2,12,1,1.7,100,99
24,Male,4,3.34,2.1,90,5.9,6.1,2.6,1.4,3.3,No,In a Relationship,5,1.7,10,4,4.1,100,77
25,Female,4,3.69,2.7,90,6.4,6.4,3,2.7,2.3,No,Single,4.7,1.3,3,2,3.9,100,100
21,Male,2,3.65,3.2,86,7.4,6,3.6,2.3,2.9,No,In a Relationship,4.5,0,10,2,6.1,92,94
21,Male,3,4,4.8,100,9.2,5.5,2.9,1.7,0.8,No,Single,4.5,2.2,1,0,5.2,100,100
19,Male,3,3.93,3,98,6.4,5.2,1.5,4.4,3,Yes,Single,2.3,1.7,9,0,4.2,100,89
18,Male,1,2.75,1.1,71,8,11,5.8,0,2,No,Single,6.4,1,14,1,6.4,75,83
28,Female,3,4,5.2,100,6.6,8.4,4,0.8,0.8,No,Single,5.6,0.7,7,1,1.5,100,99
25,Female,4,3.55,2.2,91,7.1,5.2,3.6,1.6,4.5,Yes,Single,3.2,3.2,8,5,4.5,100,97
21,Female,2,3.82,3.4,95,8.8,5.9,4.3,1.1,0,Yes,In a Relationship,4.8,0.4,4,1,7.2,94,97
19,Female,4,4,4.2,90,7.9,5.6,3.2,1.2,4,No,In a Relationship,5,1.5,13,4,5,100,89
24,Male,4,3.32,3.8,80,5.5,7.8,4.7,2.6,4.2,Yes,Single,5.4,1.2,10,0,2.3,100,87
21,Male,4,4,5.1,90,6.3,6,2.9,0.4,1.9,Yes,In a Relationship,3.8,1.9,12,2,2,100,100
20,Male,3,4,4.2,100,8.5,7.3,2.8,3.8,5.1,No,In a Relationship,1.9,0,18,3,2.6,100,86
18,Female,1,3.41,2.2,71,7.2,8.4,3.8,0.3,1.9,No,In a Relationship,7.1,1.9,7,1,3.2,100,77
25,Female,3,4,6.8,100,5.6,8.2,5.2,0.5,1.8,No,Single,4,2.8,18,1,1.5,100,98
20,Female,4,3.03,3.8,76,6,7.8,5.1,3,0.6,Yes,In a Relationship,6.2,0,11,1,4.7,93,91
22,Male,1,3.6,3.3,100,7.8,7.3,3.7,3.1,3,No,In a Relationship,3.6,0.3,17,4,4.2,100,93
21,Male,2,3.83,4.9,94,8.2,7.9,3.6,1.1,1.1,No,Single,5.4,1.8,11,1,2.9,100,83
20,Female,1,3.71,3.9,96,7,7.5,3.8,3.1,1.4,No,Single,3.6,1.1,4,1,7.1,100,94
26,Female,2,3.65,4.1,88,10,6.8,4.3,0.3,2.9,No,Single,5.2,1.9,6,0,2.6,100,93
20,Female,2,4,7.2,100,8,7,4.7,0,3,No,In a Relationship,4.4,1.9,11,2,5,100,95
23,Male,1,3.8,3.1,99,6.7,4.1,2.4,2.8,5.5,No,Single,3.3,1.4,4,3,7.7,100,97
19,Female,2,3.44,3,84,6,8,4.8,0,4.9,No,Single,4.5,3,15,2,4.5,86,89
28,Female,3,3.42,3.7,90,5.8,7,3.3,1.5,4.1,No,In a Relationship,3.9,2,16,1,6.4,100,90
19,Male,1,4,5.1,100,7.4,7.7,3.8,4,2.7,No,In a Relationship,4,0,5,0,0.7,100,100
20,Female,4,2.75,1.2,67,6.4,9.3,4.9,0.3,2.2,Yes,Single,6,1.9,11,2,4.8,79,75
25,Male,3,2.57,0.6,83,9,8.7,3.9,0,2.9,Yes,Single,2.1,1.2,12,1,4.4,85,70
26,Female,4,3.27,2.6,90,8.8,5.6,4.2,0.3,1.9,Yes,In a Relationship,3.5,1.7,15,2,5.4,97,74
20,Female,3,2.79,1,66,7.8,5.7,2.2,0,1.6,No,Single,5.3,2.4,14,2,0,91,86
27,Male,4,3.53,2.9,96,5.6,8.5,5,0.1,2.8,No,Single,5.4,2.8,10,0,6.1,100,87
24,Male,4,3.68,4.3,96,6.2,6.7,3.8,0,1.2,No,Single,4.5,1.3,5,0,0,100,98
19,Female,3,3.76,2.2,84,8.5,5,3,2.8,1.4,No,Single,2.7,2,12,2,4.9,100,100
28,Female,4,3.07,1.4,75,6.3,9.2,4.5,0,4.9,No,Single,3.4,0.1,11,0,3.6,90,82
28,Male,4,2.91,3.6,83,8.3,9,6.7,2.3,0.2,No,Single,6.7,0.7,8,0,3.6,98,95
20,Male,1,4,4.8,100,7.6,1.4,1,0,0.9,No,Single,2.7,0.6,23,4,6.1,100,100
21,Male,2,3.01,1,84,7.1,4.6,1.6,1.7,5.5,Yes,Single,3.9,2.2,13,3,5.2,83,96
18,Male,4,3.85,4.7,97,6.2,9.5,6.8,2.7,2.2,No,In a Relationship,5.1,2.9,9,1,6,100,100
18,Female,2,3.74,4.7,100,6.9,8.6,3.4,1.5,5.8,No,In a Relationship,3.7,4.4,9,1,4.4,100,100
27,Male,2,3.9,4.9,98,7.2,6.7,3.1,0,0.7,Yes,In a Relationship,4.5,2.1,16,3,2.6,100,100
20,Male,4,4,5.3,100,8.2,5.2,2.6,1.4,3.1,No,In a Relationship,2.8,2.3,18,2,3.5,100,85
19,Female,3,4,6.8,100,5.9,7.4,4.6,0.8,4.5,Yes,Single,5,0,15,0,4.3,100,99
18,Male,4,3.45,3,87,6.7,9.4,6.7,1.3,1.2,Yes,In a Relationship,4,0,17,1,3.5,97,97
23,Female,4,3.58,3.7,91,7.1,7.5,1.8,0,6.3,Yes,Single,2.9,0.3,6,1,3,100,93
27,Male,4,3.74,2.9,89,7.8,6.5,2.7,2,2.2,Yes,Single,4.4,0,12,1,4.8,100,88
18,Male,1,3.72,3.5,95,5.9,3.6,2.3,1.1,4,No,Single,3.2,1.7,6,2,6.3,100,100
28,Female,4,4,5.8,100,5.4,6.6,3.9,2.5,1.6,No,In a Relationship,5.6,2.9,16,2,6.4,100,100
20,Male,4,3.19,1.5,86,7.8,7.6,4.6,2.8,6,No,Single,4.1,1.2,16,3,7.8,88,90
26,Male,1,2.51,2.2,65,5.2,6.9,5.2,2,3.6,Yes,In a Relationship,5.7,0.5,7,3,3.6,75,75
25,Female,1,4,5.6,97,8.5,4.9,4,1.1,7.2,No,Single,1.8,1.5,9,1,2.1,100,100
23,Female,4,3.59,5,100,6.8,10.3,6.6,0.5,5.4,No,Single,5.3,0.5,7,2,4.4,100,96
18,Female,2,3.35,3,92,5.1,3.9,1.9,0.4,4.7,No,In a Relationship,2.3,0.7,13,1,5.1,100,98
21,Female,1,4,4.8,100,6.4,6,1.5,1.9,1.1,No,In a Relationship,3.5,1,11,0,3.4,100,87
23,Male,2,3.63,4,90,7.5,8,5,2.2,3.2,No,Single,4.7,1.6,12,5,1.2,92,91
21,Female,1,4,5.8,100,6.4,5.4,3,1.3,2.4,No,In a Relationship,4.7,0,10,0,1.3,100,98
27,Female,4,3.76,3.6,99,7,1,0.7,1.5,3.1,Yes,Single,2,0,21,2,4.1,100,87
23,Female,4,4,5,100,7.9,6.8,2.3,0,3.3,Yes,Single,3.2,0.3,17,1,0.4,100,93
27,Male,1,4,7.5,100,6.8,6.6,3.2,1.7,1.2,No,In a Relationship,5.5,1.7,11,4,3.9,100,99
21,Female,1,4,4.4,100,5.9,4.3,1.8,0.9,2.7,Yes,Single,3.1,0,4,3,1.6,100,100
26,Female,4,3.81,3.6,100,6.6,3.2,1.3,3,2.8,No,In a Relationship,1.5,3,4,1,7.2,100,100
25,Female,4,3.81,4.6,100,8.7,7.4,2.5,1.9,1,No,In a Relationship,4.3,2.1,4,1,4,100,100
23,Male,3,3.82,3,100,9,2.9,1.2,1.1,4.6,No,Single,1.5,1.9,14,2,5.6,100,100
20,Male,3,4,7.1,100,4.6,6.4,3.8,2,3.4,No,In a Relationship,4.6,2.1,11,2,5.5,100,100
26,Male,1,4,3.8,100,8.3,3.7,0,3.9,4.6,No,Single,2.3,1.6,18,2,6.1,100,88
20,Female,2,3.98,3.1,100,7.3,7.6,2.9,2.6,4,No,Single,3.9,1.7,16,3,2.4,87,99
27,Female,3,3.03,2.2,83,8.1,6.3,3.6,0.8,0,No,Single,5.6,2.4,1,2,2.4,95,80
28,Female,1,3.74,5.1,100,6.3,4.8,2.7,2.2,1.3,No,In a Relationship,4.4,2.2,8,2,4.1,100,92
19,Male,1,3.73,4.8,99,4.9,7.3,4.4,5.3,6.3,No,In a Relationship,4.9,1.5,4,2,5.7,100,99
23,Male,2,3.86,2.8,100,7.7,4.8,0.7,2.6,4.6,No,Single,1,3.1,10,2,10.7,100,99
26,Female,2,3.77,4.4,98,5.9,6.1,1.7,1.3,0,No,In a Relationship,5.2,1.3,14,1,0,100,100
22,Female,3,3.33,1.2,78,5.3,3.6,2.3,3.1,3.9,No,In a Relationship,3.6,0.7,12,3,2.6,85,84
26,Female,4,2.9,3.8,83,5.4,7,3.9,0,1.3,No,Single,8.6,0,12,3,1.9,85,91
24,Male,2,3.89,4.2,99,7.7,4.4,3.1,0.1,0,Yes,Single,4.3,0.5,6,1,4.4,99,95
23,Male,1,4,6.1,100,7.2,10.1,6,0,6.3,No,In a Relationship,5,2.4,24,2,2.6,100,94
18,Male,4,3.42,2.3,94,7.9,5.1,1.6,0,3.2,No,In a Relationship,3.9,1.2,13,2,5,100,99
26,Female,4,3.7,1.6,80,7.8,2.6,0.7,1.5,3.4,No,In a Relationship,2.8,1.7,20,0,3.5,92,100
18,Female,3,3.3,2.2,73,6.5,10.3,5.5,0,0.5,Yes,Single,6.3,1.3,16,3,4.7,95,88
28,Male,3,3.02,1.5,73,6.9,4.1,0.7,0.2,0.7,No,Single,6,0,15,2,1.8,75,78
22,Female,3,4,5.5,100,6.4,7.1,3.8,0,0,No,Single,4.5,0.9,15,2,4.4,100,100
25,Female,2,4,5.8,100,6.7,4.1,1.3,2.1,5.8,Yes,In a Relationship,1,0.4,9,3,1.3,100,98
24,Female,3,3.56,4,79,5.8,3,0,0,0,Yes,Single,2.7,0.8,9,2,4.2,100,95
25,Male,4,4,5.3,96,7.5,4.7,2.2,2.6,6.2,No,In a Relationship,4,0.3,11,1,3,100,100
20,Female,3,3.57,3.7,95,8.3,6.2,4.1,1.3,1,Yes,In a Relationship,4.1,1.7,11,0,7.1,100,100
27,Male,1,3.27,3.4,88,6,5.5,1,3.3,0.5,No,Single,6.5,2,1,2,3.5,88,97
23,Female,1,3.83,3,92,8.5,6.1,3.7,1,2.9,No,In a Relationship,4.7,1.2,12,2,5.3,100,100
23,Male,1,3.3,3,90,7.1,6.3,3.9,2.6,1.6,No,Single,4.1,0,15,1,2.8,96,100
21,Male,4,3.67,1.2,76,7.3,3.7,0.9,1.8,3.2,No,In a Relationship,2.4,0,5,0,4,100,97
22,Male,4,3.16,3.9,85,5,7.2,2.5,2.3,1.2,No,In a Relationship,4.6,1.8,7,2,3.4,100,92
21,Male,3,3.58,3.4,90,4.8,9.6,5.2,2.7,2.4,No,In a Relationship,3.9,0.4,12,0,4,96,87
23,Male,3,3.89,4.6,100,7.2,6.3,3.8,1.7,1.5,Yes,In a Relationship,5,0.4,14,2,1.6,100,89
19,Male,2,3.14,3.6,75,7.9,6.9,2.4,2,4.7,Yes,In a Relationship,3.9,1.3,11,4,0.3,96,91
24,Female,3,3.7,3.3,76,6.2,6.5,3.4,2.2,4,No,In a Relationship,3.4,0.4,14,1,5.7,94,100
21,Male,1,3.34,2.2,75,9,3.8,1.8,0,3.5,No,In a Relationship,1.3,0,13,4,4.8,100,100
21,Male,2,3.11,3.6,91,7.9,6.9,4.5,2,5.1,No,In a Relationship,3.1,0.3,10,2,5.2,100,85
26,Male,2,4,4.6,97,5.9,9.1,4.5,2.6,3.5,No,In a Relationship,6,0.8,12,0,3.2,100,91
23,Female,3,3.34,1.8,79,7,8.5,3,1.4,3.4,No,Single,4.9,0.6,12,0,6.2,96,88
25,Female,3,3.96,3.6,94,10,6.5,3.1,0,2.8,Yes,Single,3.4,1.9,12,0,2.5,100,86
25,Male,2,4,3.8,100,5.5,3.6,1.3,2.1,1.6,No,In a Relationship,5.9,1.3,11,3,2.9,94,91
28,Male,1,3.79,2.4,93,7.6,3.7,0.8,0,1.6,No,In a Relationship,1.7,1.2,14,1,4.2,100,97
21,Male,4,3.5,2.6,80,6.6,4.3,2.2,0,3.3,Yes,In a Relationship,3.7,2.4,17,3,2.9,88,94
19,Male,3,4,3.8,90,7.8,5,2.7,3,5,No,In a Relationship,3.9,0,14,2,5.8,100,97
21,Female,2,3.29,1.8,75,8.5,6.5,4.4,2.2,4.1,Yes,In a Relationship,4.8,2.8,1,3,2.3,100,78
19,Female,2,3.94,4,90,6.5,7.1,4.2,0.5,4.1,Yes,Single,5.4,2.9,5,1,1.7,95,100
25,Female,4,3.28,2.2,86,8.3,6.2,3.1,2.1,0.8,No,In a Relationship,4.9,1.1,15,3,0,93,89
21,Female,4,3.87,5.1,100,9.7,7.4,4.6,1.2,4,No,Single,5,0.8,8,1,4.9,100,100
18,Male,1,4,7,100,7.1,4.1,1.4,2.5,2.2,No,Single,4.4,2.5,18,0,3.9,100,94
22,Female,3,3.41,2.2,72,7.9,8.3,4.4,5.5,3.4,No,Single,3.2,0.9,5,0,3.5,92,90
25,Male,3,4,4.3,100,6.3,4.3,1.6,0.3,4.1,Yes,In a Relationship,3.2,1.6,16,0,4.7,100,100
19,Female,2,3.38,2.4,88,7,7.5,4.7,1,0.7,No,In a Relationship,3.6,1.5,8,1,0.4,100,88
19,Female,1,4,5.1,100,6.8,5.6,2.8,0,3.3,No,Single,5.1,1.7,18,3,3.2,100,100
27,Male,4,3.34,1.6,90,8,4.9,0,2.9,3.5,No,Single,3.7,0.1,8,3,7.2,100,95
18,Male,1,3.81,4.2,93,8.4,6.3,3.9,1.2,5,No,In a Relationship,2.4,1.6,7,2,6,100,90
20,Female,1,3.29,2.2,86,6.9,7.7,4,1.2,2,No,Single,4.4,0.3,12,1,4.3,83,88
19,Male,3,4,3.2,95,8.8,4.2,2.1,0.9,2.9,No,In a Relationship,1.4,0.6,5,1,1.9,100,100
26,Male,2,3.41,2,76,8.8,5.6,2.2,0.7,3.3,No,Single,3,2.1,7,1,2.7,88,100
26,Male,2,4,4.7,100,8,6.3,2.6,0.8,2,Yes,Single,3,0.7,16,0,3,100,100
27,Male,1,3.43,2.2,90,6.4,4.3,0,1,1.9,No,Single,2.2,0.6,19,1,3.4,94,97
24,Female,3,4,4.3,100,6.3,2.5,0,2.5,1.9,Yes,In a Relationship,3.4,1.4,11,3,3,100,97
23,Female,1,3.25,3,84,6,6.5,4.8,2.7,2.7,No,In a Relationship,7.2,2.5,10,4,5.4,93,85
19,Female,2,4,3.3,90,8.1,3.7,1.6,1.7,6.5,No,Single,3.3,3.6,4,2,3.9,100,99
25,Male,2,2.62,3.7,71,5.5,9.8,5.6,3.4,2.8,No,Single,5.5,2.3,15,0,2.6,85,76
18,Male,4,3.53,2.4,73,7.8,10.4,4.9,2.3,4,No,In a Relationship,4.4,2.3,10,4,4.2,76,80
20,Female,3,3.05,3.8,80,5.7,9.2,5.2,0.7,3.1,No,Single,7.3,1.2,6,1,3.4,94,91
19,Male,4,4,5.8,100,8,3.3,1.8,2.6,2.4,Yes,In a Relationship,4.7,3.8,13,2,5,100,100
22,Female,1,3.32,2.3,88,7,4.4,0.4,2.7,3,No,Single,2.8,1.4,5,1,2.6,90,90
22,Female,3,4,5.3,100,8.6,3.1,1.2,1.7,4.5,No,Single,3.1,1.2,13,2,3.6,100,99
26,Female,1,4,5.7,100,8.4,4.7,2.1,1.1,2.9,No,Single,2.3,1.6,10,2,2.1,100,100
21,Male,1,4,2.3,98,8.7,3.2,0,0,2.7,No,In a Relationship,2.4,1.5,13,5,4.6,100,100
25,Female,3,3.55,1.3,80,8.8,5.5,2.1,0.9,2.5,No,In a Relationship,4,0,5,0,0.7,94,97
27,Female,4,3.81,4,100,7.2,5.6,2.5,0,1,Yes,Single,5.3,0.5,13,0,3.2,100,100
26,Male,3,3.37,2.7,83,5.6,3.2,0.9,1,5.1,No,In a Relationship,2.7,1.6,3,3,6,91,84
20,Male,3,4,6.3,100,5.7,5.5,1.2,1.6,2.1,No,In a Relationship,5.1,0.4,13,3,1.5,100,100
22,Female,3,3.36,3.6,79,4.5,4.9,2.5,2.9,5.9,No,Single,4.4,1.8,12,2,3.6,100,88
26,Female,3,3.16,2.3,83,5.7,7.8,3.3,0.8,3.5,No,Single,4.3,1.2,3,3,5.3,92,96
27,Female,2,3.64,1.8,92,7.1,2.9,1.5,1.8,5.8,No,Single,4.9,2.1,12,4,5.2,83,82
26,Male,2,4,5.1,100,6.3,6.5,3.2,3,2.6,Yes,Single,4.2,1.1,15,2,3.3,97,100
21,Female,1,3.72,2.6,93,6.8,4.5,3,0,1.5,No,In a Relationship,3.4,1.7,10,1,4.4,100,85
21,Female,3,4,3.6,100,7.6,4.9,2.9,2.2,5.1,Yes,Single,2.8,0,5,0,5,100,100
20,Male,2,3.79,4.9,100,6.6,4.2,1.8,0,1.9,Yes,Single,4.8,0,10,3,4.4,100,92
20,Female,1,3.61,2.8,82,5.7,5.6,0.8,0.3,5.6,No,In a Relationship,2.2,0.4,1,3,2.8,100,91
23,Male,3,3.25,3.4,91,6.9,9.9,5.3,0.4,4.2,Yes,Single,5.7,1.5,14,4,4.1,95,82
28,Female,3,3.3,3.5,82,5.9,7.7,3.7,0.6,5.9,No,In a Relationship,3.4,0.4,16,1,2.9,99,82
21,Female,4,3.98,4.5,87,6.7,7.3,4.3,0.6,1,No,In a Relationship,5.1,1.9,10,1,2.5,100,100
27,Male,4,4,4.4,100,8.6,5.9,2.7,1.9,4.9,No,Single,5.3,1.6,11,1,4.9,100,99
23,Male,4,4,3.2,100,6.7,7.1,2.6,1.2,1.5,Yes,In a Relationship,3.5,0.7,18,1,2.6,100,92
26,Male,4,4,3.6,100,9.1,7.3,3.5,0.2,0,Yes,In a Relationship,2.2,1.4,20,5,2.2,100,100
19,Female,3,3.65,2.9,100,8.7,3,0,0,4.8,Yes,Single,3.4,0.8,16,5,2,89,100
26,Male,3,3.33,1.3,66,6.3,5.9,1.1,2.4,3,Yes,Single,2.2,1.5,7,5,1.3,91,87
25,Female,4,3.61,3.9,91,5.7,5.6,1.6,2.7,4.9,No,Single,2.9,0.7,18,5,4.7,100,95
26,Female,2,4,6.3,100,6.9,5.4,2.1,1.5,3.2,No,Single,4.5,1.6,15,4,5,100,96
23,Male,4,3.86,2.2,87,8.4,3.9,1.5,0,3,No,In a Relationship,3.7,2.6,13,1,6.5,98,91
22,Female,4,3.51,2.3,100,6.4,5.6,3.3,0.8,6,No,Single,1.5,0,14,2,2.7,99,72
23,Female,3,3.63,2.2,89,8.1,5.5,2.9,0.6,3.2,No,In a Relationship,3.3,0.5,17,1,6.3,100,100
20,Male,2,3.95,4.6,98,8.5,8.4,4.9,0.8,2,No,Single,5.4,0.5,3,2,6,100,100
28,Male,3,3.51,4.2,86,6.1,10.5,6.5,3.2,2.8,No,In a Relationship,7.9,1.5,11,0,4.4,89,89
26,Male,3,3.78,3.3,93,6.2,2.2,0.9,2.4,3.3,No,In a Relationship,2.3,2,6,2,4.8,97,85
26,Male,4,2.87,2.1,73,7.9,3.7,3,2.5,0,Yes,In a Relationship,5.5,0,14,4,3.2,95,81
21,Female,3,4,3.6,100,7.2,4.9,3,2.9,4,No,Single,3.2,1,8,2,3.8,100,94
27,Male,3,2.82,1.2,79,6.2,5.3,2.8,1,5.7,Yes,In a Relationship,4.9,1.2,27,3,4.5,80,82
20,Male,1,4,3.7,95,6.6,5.6,1.2,1.1,2.9,No,Single,2.5,2.1,16,2,0.4,92,100
25,Female,4,4,4.8,100,6.9,4.1,1.4,1.6,2.2,Yes,Single,3.5,0.3,6,2,4.1,100,94
27,Female,2,2.96,1.6,81,5.1,6.5,3.2,0.8,3.8,No,In a Relationship,5.1,1.9,17,3,1.6,87,82
27,Male,3,3.5,1.2,98,7.9,4.9,1.4,0.7,6.5,No,Single,3.4,1.5,10,3,0.2,87,100
26,Female,2,4,5.9,100,6.4,4.8,3,2.6,3.9,No,In a Relationship,4.8,3,12,1,4.2,100,100
20,Female,1,2.63,2.6,82,3.7,7.2,2.4,2.3,3.4,Yes,In a Relationship,4.6,3.4,11,2,4.7,100,86
24,Male,4,4,5.2,98,7,5.2,3,0,2.2,No,In a Relationship,3.8,2,3,2,1.6,100,95
18,Female,3,3.55,3.3,80,6.1,6.3,1.4,1.3,0.9,Yes,In a Relationship,6,0.9,9,1,3.3,100,98
22,Female,2,4,3.3,96,9,5.8,3,3,3,No,Single,3.7,1.7,6,0,1.7,97,96
20,Male,2,3.61,4.2,93,6.3,4.1,1.5,2.5,3.1,No,In a Relationship,3.3,1.8,1,1,2.6,100,99
19,Male,3,3.27,2.2,82,5.7,4.7,3,1.6,0,No,In a Relationship,5.7,1.7,9,3,2.7,84,86
21,Female,4,3.33,3.7,94,7.6,8,4.8,3.5,1.5,No,In a Relationship,5.6,1.6,11,2,1.8,98,94
22,Male,2,3.92,2.9,92,6.2,8.9,3.2,1,5.3,No,Single,2.7,1.7,5,2,5.4,100,99
24,Male,3,2.78,1.5,67,6.1,6.8,3.3,1.2,2.5,No,In a Relationship,5.2,2.2,17,0,3.9,92,79
23,Male,3,4,4,88,7.6,7.3,4,0,0,Yes,Single,3.4,3.4,14,3,3.4,100,88
21,Male,2,4,3.1,89,5.8,2.9,0.7,1.5,6.2,No,Single,2.4,0,13,2,7,100,97
26,Male,4,3.27,3.3,85,5.3,9.1,5.4,3.9,1.2,No,In a Relationship,5.1,2.5,15,1,2.1,84,89
22,Female,3,3.46,1.7,89,9.1,4.4,1.2,1.5,2.1,No,Single,2.7,1.3,15,1,5.8,98,95
26,Female,1,4,5.9,100,7.7,7,4.1,1.8,5.1,No,In a Relationship,3.5,0.4,13,1,1.1,100,100
28,Male,3,4,4.8,81,6.7,7.5,3.9,1.3,1.5,No,Single,4.7,0,20,2,6.9,100,100
22,Male,3,4,4.9,100,7,2.2,1.4,2.1,0,No,Single,2.2,1.5,2,1,4.8,100,95
18,Female,3,3.79,3,96,7.6,7.2,4.3,0.6,3.4,No,Single,4.3,1.2,15,0,2.6,100,100
26,Male,4,3.42,0.9,68,8.2,5.1,3.5,3.8,4.6,No,Single,2.5,0.1,10,1,5.4,93,88
21,Male,4,3.98,6.4,100,6.1,8.6,5.6,2.9,2.1,No,In a Relationship,8,1.2,19,1,5.7,100,96
19,Female,1,3.86,3.4,100,7.4,5.2,3.1,2.4,2.8,Yes,Single,3.7,2.2,14,4,1.9,100,100
26,Female,1,3.48,2.4,79,6.4,4.8,2.6,3,0.6,No,Single,4.4,2.8,11,3,5.2,98,87
20,Female,4,3.5,4.1,93,6.8,3.4,2,1.5,1,No,In a Relationship,4.9,1.3,19,1,5.5,100,90
21,Female,4,4,5.3,100,7.2,4.5,0.2,0.6,2.4,Yes,Single,4.4,1.3,11,1,4.2,100,76
21,Male,4,3.73,3.5,98,7,4.5,2.3,2,4.3,Yes,In a Relationship,2.4,1.8,14,2,4.4,100,100
27,Male,3,4,5.4,100,7.9,4.7,2.4,3.1,3.2,No,Single,4.1,2.4,9,1,5.8,100,95
20,Female,1,4,5.1,100,7.6,8,3.2,1.1,5,Yes,Single,4.6,1.4,13,4,3.5,100,100
27,Male,1,3.22,1.9,89,5.2,4.4,0.7,1.1,6.3,Yes,In a Relationship,3.4,1.6,22,1,2.4,88,84
27,Female,2,2.9,2.5,68,5.4,3,2.4,1.7,4.8,No,In a Relationship,4.3,0.8,16,3,5.5,82,77
18,Female,1,3.97,4.9,100,6.6,8.4,3.7,0,0,No,In a Relationship,4.7,1,14,1,3.6,100,98
21,Male,4,3.22,0.5,80,9.2,8.8,3.8,0.2,2.4,No,Single,3.5,0.6,5,1,3.7,80,93
22,Male,3,4,3.3,100,6,4.9,0,0.8,4.8,No,In a Relationship,2.8,0.2,24,2,5,100,100
19,Male,4,2.96,1.4,70,6.8,7.7,3.9,3,2.8,Yes,In a Relationship,4.2,0,6,1,5.9,90,85
20,Male,3,3.04,2.8,79,6.4,4.1,2.4,2,0,No,In a Relationship,5.6,0.3,12,2,3.6,99,90
28,Female,3,3.2,3.1,81,6.3,5.4,2.5,0.1,1.9,No,In a Relationship,3.5,0.3,14,1,2.9,98,92
18,Male,3,4,3,99,7.2,1.3,0,1.9,0,Yes,In a Relationship,4.3,1.5,15,2,4.3,100,100
19,Male,3,3.51,2.7,94,8.7,7,5,1.6,2.4,Yes,In a Relationship,5.8,1.6,8,3,1.3,100,95
25,Female,3,3.48,1.9,83,7.5,4.8,3.1,0.8,1.6,No,Single,4.7,0.8,15,2,1.1,81,88
25,Male,3,4,6.9,100,6,2.7,0.5,0.7,2.3,No,In a Relationship,1.9,0.4,6,0,2.5,100,99
20,Female,3,4,6.3,100,10,6.6,3.4,4.6,5.4,No,Single,3.4,3.4,20,1,0,100,100
21,Male,1,3.17,1.8,73,7.1,5.8,3.3,0,0.3,Yes,In a Relationship,4.1,0.8,6,3,7.5,85,89
22,Male,3,4,5.9,99,6.3,7,4.6,0.8,1.6,No,In a Relationship,4.8,0.6,9,4,4.3,100,100
23,Female,1,3.89,2.9,90,8.7,5,2.3,2.6,0.7,No,In a Relationship,4.1,0,15,0,2.8,100,100
23,Male,2,3.43,3.7,87,6.4,7.6,2.8,0.4,5.1,No,Single,5,1.7,11,1,7.6,97,100
21,Female,4,4,3.4,89,9,7.4,1.8,0.8,5.3,No,Single,1,3,20,3,5.1,100,100
24,Male,1,3.53,2.5,94,6,6.2,3.7,0,3.7,No,In a Relationship,4.7,1,18,0,6.1,91,90
20,Male,3,4,5,94,8.7,5,1.6,1.8,3.6,Yes,In a Relationship,4.9,0.9,14,1,2.4,100,100
21,Female,1,4,3.7,93,7.2,3.5,1.5,2,0.6,No,Single,2.9,1.5,8,2,0.5,100,85
27,Male,1,3.49,2.8,89,8.5,6.6,2.7,0.1,3.4,Yes,Single,3.2,1.5,11,1,1.7,100,95
25,Male,1,3.84,1.5,97,9.3,3.4,1,3.4,0.8,No,Single,2.4,0,5,3,6.5,89,94
18,Male,3,3.19,2.2,79,5.6,7.3,5.2,0.2,3.1,No,In a Relationship,6.2,1.8,8,1,7.2,83,90
19,Male,3,3.11,1,70,8.5,11.1,5.7,2.1,2.3,Yes,In a Relationship,3.6,3.1,11,1,3.8,76,90
21,Male,3,3.64,3.5,85,5.3,3.5,2.1,0,1.8,Yes,In a Relationship,3.1,1.3,16,2,4.2,92,90
22,Female,2,3.25,1.7,91,5.7,1,0.7,2.2,3.1,Yes,In a Relationship,4.5,1.1,14,0,4.6,100,88
20,Female,3,3.42,3.1,81,6,7.2,3.3,2.2,4.4,Yes,In a Relationship,4.6,2,11,4,3.1,87,97
27,Male,1,4,5.6,100,7.6,4.7,2.1,0.6,6.6,No,Single,1.7,1.9,8,2,8,100,100
23,Male,1,4,5.3,100,7,6.8,4.6,2,4.1,No,In a Relationship,4.5,1.4,16,2,0,100,93
28,Male,3,4,3.5,99,6.8,7.9,1.6,1.9,7.6,No,Single,1.5,2,9,1,7,100,100
19,Male,2,3.75,3.4,100,7.2,7.5,3.6,1.2,3.4,No,Single,5.2,2,15,1,4.4,100,99
28,Male,2,4,6.3,100,7.7,5.9,3,2.6,6.6,No,Single,3.5,0,15,0,4.3,100,99
21,Male,4,4,4.3,100,7.8,4,1.8,0.3,3.9,No,In a Relationship,2.5,0.1,17,1,7.9,100,97
20,Female,2,3.93,3,100,8.3,6.7,3.2,3.1,3.5,Yes,Single,3.1,0,8,3,5.9,100,92
28,Male,4,3.64,1.4,93,9.2,5,4.1,2.2,2.7,No,In a Relationship,3.4,0,10,1,1.8,100,90
24,Female,1,4,4.1,100,7,5.3,2.9,0,3.6,Yes,Single,2.9,2,12,0,4.5,100,92
24,Female,2,3.95,4.7,100,6.4,5.9,2.9,2.2,3.9,Yes,Single,5.5,2,10,3,6.3,97,99
19,Male,3,2.98,2.6,84,7.7,4.8,1.5,1.2,0.2,No,In a Relationship,5,1.6,9,2,2.9,91,80
25,Female,2,3.5,3.9,71,5.6,7.3,4.5,0.7,4.4,No,Single,4.6,2.9,9,4,1.4,97,84
21,Male,1,3.04,3,86,6.2,6.6,4.4,2.5,0,Yes,Single,5.3,0.9,6,2,3.9,93,99
25,Female,4,3.78,3.2,100,8.2,6.3,2.2,2.9,4.4,No,In a Relationship,2,0.5,8,2,2.4,100,90
22,Female,2,3.11,0.5,61,6.9,3.6,2.6,0,4.2,Yes,Single,3.6,1.3,15,0,5.4,85,80
25,Male,4,3.62,3.2,87,5.6,7.6,4.9,1.4,5.8,No,In a Relationship,5.3,2.3,16,2,4,100,96
20,Female,2,4,5,100,5.2,3.5,1.1,1.3,1.3,Yes,In a Relationship,5.5,0.6,13,0,4.9,100,100
18,Male,2,3.62,2.6,89,7.1,7.9,3.7,0.8,1,No,In a Relationship,3.9,3.1,11,1,2.2,97,94
21,Male,1,4,3.6,93,8.4,4.4,2,1.8,5.2,Yes,In a Relationship,1.1,1.1,11,0,2.2,100,95
18,Male,1,3.52,2.4,77,8.4,9,5.5,2.9,0.9,No,Single,4.1,1.7,19,1,5.3,88,80
25,Female,2,3.7,4,96,7.1,6.3,2.9,0,0.7,No,In a Relationship,5.1,1.4,16,0,4.1,100,96
19,Female,1,3.76,3.2,82,9.4,5.5,4.7,0.5,3.4,No,In a Relationship,3.9,0.8,1,5,3,100,100
20,Female,4,3.28,2.1,93,6.9,4.6,1.7,0.6,2.9,No,Single,4.7,2.1,8,2,5.1,100,80
22,Male,4,4,5.5,100,6.8,1.8,0.9,2.2,3.3,Yes,In a Relationship,3.4,0,9,1,4.3,100,99
26,Female,3,3.53,4.9,88,3.9,5.8,2.4,0.8,4.1,No,Single,6.4,0.9,20,1,3.6,99,80
22,Female,4,3.44,2.6,80,6.5,5.3,3.2,2.5,4.1,Yes,Single,2.6,2,15,5,4.1,98,95
18,Male,4,4,4.2,100,8,6.4,2,2.7,2.8,No,In a Relationship,1,0,5,1,6.7,100,100
22,Female,4,4,4.3,98,8.9,6.7,3.9,1.2,3.1,Yes,Single,5.2,0.5,15,0,1.4,100,95
26,Female,4,3.84,4.5,100,6,4.6,2.5,1.7,2.9,No,In a Relationship,3.5,0.7,26,1,3.9,100,99
18,Female,1,3.9,1,74,7.6,4.4,0,1.3,3.1,Yes,In a Relationship,2.9,0.9,16,2,5,87,97
20,Female,4,3.93,5,100,8.3,5.6,3.6,4.1,0.2,No,Single,4.6,0.6,8,2,2.1,100,100
23,Female,1,3.94,2.6,89,7,5.6,1.5,0.3,4.5,No,In a Relationship,3.6,0.2,20,2,3.8,100,100
27,Male,2,3.53,3,100,4.3,5.9,2.3,0,5.1,No,Single,3.9,1.1,14,0,5.9,100,96
26,Female,3,4,7.5,100,7.3,7.7,5.1,0,4.3,Yes,In a Relationship,3.7,2,9,3,0.7,100,100
28,Female,3,4,4,98,7.9,6.9,5.5,1.8,4.1,No,In a Relationship,3.6,1.6,12,2,5.3,100,100
24,Female,2,3.32,2.9,92,5.9,6.4,1.9,1.8,1,No,In a Relationship,5.1,2.2,11,1,4.7,92,93
18,Male,4,3.1,0.5,83,6.7,7.3,3.7,0,0.2,No,Single,5.9,1,8,2,5.3,91,88
20,Male,2,4,5.6,100,5.6,4.1,2,0.5,4.7,No,Single,3.6,2.5,6,1,5.6,100,100
24,Female,2,2.26,1.5,70,3.9,5.7,2.4,2.8,3.1,Yes,In a Relationship,4.4,0,9,0,7.1,73,88
22,Female,3,3.53,2,78,8.2,6.1,1.9,2.6,3.3,Yes,Single,3.8,2.5,12,1,5.2,98,96
20,Male,3,3.85,3,83,7,3.3,0.2,1.2,3.4,No,In a Relationship,1.5,2.3,16,0,2.7,100,100
20,Male,3,4,5.6,100,8.9,6.2,2.9,0.9,3.5,Yes,Single,5.3,0,6,1,3.1,100,100
19,Female,3,4,4.7,100,8,7.4,3.2,0.9,4.3,Yes,Single,4.1,1.7,5,3,0,100,100
19,Female,4,4,3.3,100,6.6,6.6,1.8,2,2.8,No,In a Relationship,3.7,1.1,13,1,5.5,96,95
24,Female,4,3.81,4,91,6.9,7.3,4.4,2,0,Yes,In a Relationship,6.2,1.1,10,5,2.4,100,100
22,Female,3,3.3,2.6,90,7.7,3.5,2.1,2.5,4.4,Yes,In a Relationship,3.9,1.3,10,0,4.2,92,87
24,Female,1,3.65,3.7,100,8.2,3.2,1.8,2.4,4.2,No,In a Relationship,3.2,0.6,7,1,5.1,100,100
25,Female,2,3.67,3.6,87,7.4,5.8,3.6,0.5,0.4,No,In a Relationship,2.9,2.1,8,1,4.1,100,85
20,Female,4,4,5,91,8.3,2.4,0.5,1.6,0.7,No,Single,3.6,1.2,6,1,4.5,100,89
21,Female,4,4,5,100,6.6,5.2,4.2,2.1,4.8,No,In a Relationship,5.9,0.1,3,2,2.6,100,100
27,Female,1,3.6,4.2,87,5.8,7.4,2.2,0.8,5.2,No,Single,3.3,1.2,14,3,5.8,100,95
21,Male,1,3.1,3,84,6.9,7.9,4.3,1.5,0,Yes,Single,6.3,0.7,14,5,4.4,100,98
19,Female,4,3.95,4.6,100,7.2,7.1,4.7,0.6,3.9,No,In a Relationship,5.4,1.8,20,4,3.1,100,100
20,Male,2,3.33,3.4,84,5.6,6.8,3.8,0.4,2.6,Yes,In a Relationship,5.3,0,15,0,4.4,100,94
24,Male,1,2.95,1.9,90,5.4,2.5,1.6,0,3.1,No,In a Relationship,4.3,3.2,12,3,2.4,79,90
24,Male,4,3.81,2.9,100,7.5,5.3,0.9,0,3.3,Yes,In a Relationship,3.6,1.3,14,3,1.3,95,99
24,Male,4,3.55,3.6,91,6.5,1.3,0.6,1,1.5,Yes,In a Relationship,4.1,0,10,5,4.4,100,98
28,Female,3,3.56,4.9,100,6.8,8.1,4.5,0.7,4.3,Yes,In a Relationship,6.5,1,8,0,3.8,100,96
26,Male,4,3.34,3.2,90,6.6,3.4,2.6,2.7,1.6,Yes,In a Relationship,5.4,0.7,15,2,4.3,99,83
23,Female,4,3.16,1.7,88,8.8,4.4,1.9,0.5,4.5,No,Single,3.5,0.4,14,3,4.9,100,74
18,Male,1,3.86,3.6,92,8.5,7.1,2.6,1.3,4.9,Yes,Single,4.1,1.6,6,1,4.3,100,97
18,Male,3,3.14,3.7,83,5.5,5.4,4.4,1.8,1.3,Yes,Single,6.3,3.4,12,5,0,93,86
26,Male,2,3.65,3.8,86,6.4,6.8,4,0.4,1.3,No,Single,3,3.1,8,3,7.1,100,78
21,Female,4,4,4.9,100,8,7.3,3.5,1,3.2,No,Single,3.8,1.4,17,2,3.2,100,100
21,Female,2,4,5,99,7.7,7.4,3.8,0,6,Yes,In a Relationship,3,0.4,10,3,6.1,100,94
24,Female,2,3.14,2.6,66,7,6.2,3.1,2.9,1.8,No,In a Relationship,4.8,1.5,21,6,2.2,89,83
23,Female,1,3.7,2.6,84,5.6,6.9,3.3,1.9,2.2,No,Single,4.4,1.9,18,1,7.9,92,90
21,Female,2,3.26,1.9,77,6.2,5.4,3.1,5.1,3.6,No,In a Relationship,4.9,1.4,7,3,3.1,92,87
24,Female,3,4,4.5,93,6.4,8.1,2.8,1.3,4.3,No,Single,3.6,1.9,9,1,2.3,100,100
22,Female,2,4,5.7,100,7.3,5,3.9,2.3,4.1,No,Single,5.9,1.6,15,0,3.4,100,100
19,Male,4,3.64,3,92,9,7.7,3.3,2.7,3.1,No,Single,5.2,1.5,12,1,5.6,100,100
19,Male,4,3.57,3.1,88,6.2,4.7,1.5,1.7,2.4,No,In a Relationship,2.5,0,11,3,8.1,88,92
22,Female,3,4,5.7,100,5.8,7.3,3.6,0,3.7,No,Single,5,1.1,12,0,0,100,89
20,Female,1,4,4.3,93,6.9,7.2,3.2,4.3,0,No,In a Relationship,4.4,3.1,11,4,8.1,100,94
19,Female,3,3.9,4.2,89,8.2,7.4,3.7,1.2,6.7,No,Single,3.5,1.7,17,5,4,100,86
28,Male,4,2.77,1.7,93,5.3,4.6,2.6,1,2.6,No,In a Relationship,5.3,2.4,11,3,4.9,93,85
25,Female,2,4,4.5,97,8.7,6.7,4,1.7,3.4,No,Single,2.6,3.2,14,4,3.9,100,95
21,Female,3,2.65,2.1,85,6.8,4,2.7,3.7,7.2,No,In a Relationship,2.3,0,14,1,5.8,81,85
19,Male,4,3.21,1.8,98,6.1,6.5,3.9,2.6,1.5,No,In a Relationship,4.3,3.8,18,3,4,88,90
22,Female,4,3.38,3,84,5.1,5.5,2.1,2.7,7.7,Yes,In a Relationship,3,2.2,12,0,3.4,99,78
25,Female,1,3.65,2.6,93,7.8,5.9,2.2,1.2,4.5,No,In a Relationship,2.7,2.4,13,0,4.3,100,97
19,Male,4,3.72,3.2,100,6.8,7.2,3.7,3.5,3.9,Yes,In a Relationship,5.1,0.5,14,0,5.8,100,95
19,Male,3,3.49,1.3,66,7.2,3.2,2.3,1.2,4.3,Yes,Single,3.8,1.9,9,3,4.9,92,87
23,Male,2,3.53,4.9,100,5.9,8.4,6.1,0,1.3,No,In a Relationship,5.2,0.4,11,3,4.6,100,91
18,Female,1,4,5.2,100,6.6,5.8,3.6,1.4,0,Yes,Single,4.8,1.3,7,4,3.1,100,100
20,Female,3,2.47,0.6,67,6.4,4.2,2.8,1.5,0.6,Yes,In a Relationship,2.4,1.5,15,0,2.2,71,69
19,Male,3,4,5,100,6.9,6,4,0.2,5.2,Yes,Single,6.2,1,20,0,7.2,100,100
20,Male,1,3.37,2.3,81,6.2,5.1,2.1,0.7,1.1,No,In a Relationship,4.5,2.4,2,0,5.3,95,84
28,Male,3,4,4.8,100,5.2,8.9,4.2,0.6,0,No,Single,6.9,0.7,17,2,2,100,100
19,Male,2,3.74,3.4,95,10,6,4.1,3.1,2.8,No,Single,4.4,0,12,0,4.2,100,100
18,Female,1,3.38,3.5,91,5.4,6.3,4.7,0.9,4.1,Yes,Single,5.1,1,18,3,3,95,96
22,Male,3,3.53,3.2,88,7.2,4.4,2.1,2.3,3.1,Yes,Single,1.3,2.5,13,4,6.2,95,100
20,Male,1,4,5.3,100,4.9,4.4,1,2.5,4.2,No,Single,3.3,3.7,17,2,4.1,100,100
27,Female,2,2.77,1.6,74,4.6,6.4,1.9,2.7,5.3,No,In a Relationship,4.4,2.5,11,3,6.4,83,74
26,Female,2,4,4.4,89,7.1,5.3,2.4,2.4,4.1,No,Single,3.7,2.3,12,1,2.6,100,100
20,Female,2,4,5.2,100,7.2,6.6,5.3,1.9,2.7,Yes,Single,6.1,0.8,17,2,1.9,100,97
26,Female,3,3.6,4.6,100,8.5,7.6,6.1,0,1.9,No,Single,5.1,3.5,24,4,3.7,100,100
27,Female,2,4,7,100,7.5,6.5,3.3,0,4.5,No,Single,5.6,1.9,9,3,5.8,100,92
23,Male,4,3.53,2.7,81,6.8,7,2.8,0.4,3.6,No,Single,3,1.9,13,1,2.2,94,95
22,Male,2,3.64,4.9,100,5.9,7.5,2.3,0.7,1.3,No,In a Relationship,5.1,1.8,8,2,5,100,91
23,Female,4,3.44,3.3,96,8.8,5.6,4,0.6,5.6,Yes,In a Relationship,2.4,0,11,1,6.1,93,100
21,Male,4,3.57,5.4,100,8.1,9.3,6.1,1.7,3.5,No,In a Relationship,5.8,1.6,9,2,1.7,100,95
20,Male,2,2.97,3.5,93,5.5,7.3,5.5,1.7,4.3,No,In a Relationship,4.7,0,7,4,1.1,94,91
25,Male,4,3.66,2.9,83,7,6.4,4.5,0,2.2,No,In a Relationship,3.2,2,15,1,5.1,95,98
20,Female,1,3.73,5.5,100,7.2,6.3,4.5,2.6,5.3,Yes,In a Relationship,2.7,1.5,13,2,4.9,100,90
22,Female,3,3.38,2.8,80,6.6,6.6,4,1.9,0,Yes,In a Relationship,4.8,0.6,8,0,5.2,99,92
19,Male,4,3.55,1.4,80,7.9,4.6,2.7,1.1,6.4,Yes,Single,4.6,2.3,6,3,1.7,85,100
23,Female,2,3.77,2.7,84,8,7.7,1.7,1.5,0,No,In a Relationship,4.6,0.8,16,1,4.2,95,98
20,Female,3,3.56,4.4,90,6.8,5.2,2.8,3,0.2,No,Single,5.1,0.9,10,1,3.3,100,85
26,Female,4,4,5.6,100,6.7,7.6,3.4,1.6,3.5,Yes,In a Relationship,4.2,1.7,23,3,5.5,100,96
18,Female,2,4,3.7,100,8.8,2.8,0.6,2.2,1.9,No,Single,1.7,1.2,12,1,6,99,100
26,Female,1,4,5.5,100,8.1,8.3,2.6,0,2.3,No,In a Relationship,2.8,1.4,12,1,6.1,100,100
24,Male,4,3.73,1.5,76,7.1,5,1.6,1.3,1.9,No,In a Relationship,3.2,2.2,11,0,4.9,88,99
22,Female,3,3.44,2.8,86,5,8.3,4.3,0.9,1.4,Yes,In a Relationship,5,0.5,5,1,5.1,100,86
23,Female,1,3.66,3.1,90,7.4,4.3,2,0.8,3.6,Yes,Single,2.8,0.4,5,1,5.1,100,94
26,Male,4,3.81,3.3,88,7.8,7.5,3.3,1.3,2.9,No,Single,3.1,1,19,2,1.2,83,92
18,Male,1,3.72,3.6,94,3.7,5.1,1.7,1.9,4.8,No,Single,4.4,1.1,19,3,0,100,90
18,Female,3,4,4.5,91,7.3,7.7,5.2,1.8,3.2,No,Single,4.1,1.8,7,3,7.3,100,100
27,Male,1,3.56,2.8,100,6.5,1.9,0.2,1.9,2.2,Yes,In a Relationship,4.5,3.1,14,1,6.5,100,91
27,Male,3,4,3.7,96,6.7,6.2,3.5,0,4.5,No,In a Relationship,5.3,1.2,19,3,7.8,100,92
26,Male,3,3.43,3.4,83,5.9,3.5,0.9,1.9,0,No,In a Relationship,4.9,1.2,5,1,2.4,100,99
20,Female,2,3.35,2.1,83,6.8,6,2,2.2,0,Yes,Single,4.9,0.5,12,3,4.2,90,100
23,Female,1,3.57,3.3,89,8.7,5.8,3.1,0,0,No,Single,2.6,0.4,9,1,5.9,95,94
23,Male,2,2.87,3.3,77,6.5,3.9,3.2,2.3,2.3,No,Single,6.8,1.9,13,3,5.8,86,75
25,Male,1,3.63,3.3,100,8.2,6.9,3.1,2.9,3.8,No,Single,3.3,1.2,18,1,2.2,100,96
25,Female,1,3.63,3.5,99,6,7.6,3,1.7,0,Yes,Single,5.9,2.4,14,3,3.4,100,88
25,Male,2,4,3.6,92,7.9,2.8,1.8,1.2,3,Yes,In a Relationship,4.2,2.3,15,0,2.2,100,95
26,Female,3,3.72,2.9,95,7,7.8,2.6,1.5,2.3,No,Single,3.1,2.1,1,4,2.2,95,97
27,Female,3,4,5.4,100,7.4,7.5,2.8,0.2,3.3,No,Single,3.2,0,15,2,2.4,100,100
22,Female,4,3.29,1.7,80,7,5.3,3.1,1,0,No,Single,5.2,1.9,12,5,3.4,87,90
25,Female,1,3.59,2.4,95,7.8,4.4,2.7,1.9,8.2,No,Single,1.2,0.3,23,2,3.6,92,90
20,Male,2,4,7.7,100,3.9,8.2,3.9,3.3,3.1,No,Single,5.5,0,15,0,5.1,100,100
27,Male,4,3.31,1.9,87,5.3,4.3,2.9,2.6,0.6,Yes,Single,2.8,1.4,10,0,0,96,95
21,Male,1,2.96,1.5,70,7.5,5.3,3.1,0,3.3,No,Single,4,2.6,21,2,6.3,100,95
26,Male,1,3.85,4.6,98,4.5,3.6,2.2,0.2,6,Yes,Single,5.5,1.9,12,4,1,100,98
18,Female,2,2.86,0.5,76,6.4,4.2,1.2,0.8,0.4,Yes,In a Relationship,4.2,0.3,13,2,0.8,83,87
22,Female,2,3.62,3.1,80,6.9,7.8,3,2.1,0,No,In a Relationship,3.3,4,5,3,3.7,92,83
27,Female,3,4,6.7,100,6,8,4.6,1.6,2.8,No,In a Relationship,4.6,2,9,3,5,100,100
26,Female,1,2.95,1.2,61,6.2,7.7,3.5,5.2,2.9,No,Single,5.3,0.4,8,0,0.4,84,74
27,Female,3,2.71,0.5,75,7.3,4.2,1.6,2.4,4.4,No,In a Relationship,3.4,0,11,1,3.2,84,78
26,Female,4,3.04,1.3,74,8.2,7.1,4,2.1,6,No,Single,4,1,6,1,2.9,90,82
25,Male,4,3.99,4.8,90,5.8,3.8,2.3,2.2,4.6,No,In a Relationship,3.8,0,3,1,2,100,100
27,Male,1,3.81,5.2,100,6.3,6.8,3.9,1.7,0.2,No,Single,4.5,0.2,13,1,6.3,100,91
25,Female,4,3.41,2.7,90,6.1,4.3,2.2,3,0.9,No,Single,4.7,0,5,3,2.6,100,100
19,Male,3,3.3,4.5,87,4.1,6.1,3.3,1.2,1.4,Yes,In a Relationship,5.7,0.4,16,1,2.7,100,82
20,Female,4,3.97,5.6,100,7.2,4.7,2,0,4.6,No,In a Relationship,4.4,0.7,22,3,4.7,100,86
25,Female,4,4,6.2,100,8.1,4.7,2.1,2.1,4.2,No,Single,2.7,0.3,13,1,4,100,99
18,Female,1,4,3.1,85,8.2,6,0.5,2.9,5.5,Yes,In a Relationship,2.3,3.5,13,1,4.4,100,100
24,Female,3,2.69,0.5,70,6,8.7,3.6,1.7,4.1,Yes,In a Relationship,4.4,1,1,0,5,88,90
22,Female,2,3.39,2.3,93,5.5,8.1,3.4,1.1,1.7,No,In a Relationship,7.4,2.5,15,2,4.1,91,100
25,Male,2,3.86,2.9,99,7,8.6,3.4,4.9,2.6,No,In a Relationship,3.6,1.8,12,1,4.5,100,100
28,Male,1,3.59,3.1,92,8,7.9,3.2,0,0.1,No,In a Relationship,4.1,1,14,2,5.6,99,100
23,Female,4,4,3.2,90,7.2,4.7,1.7,1.5,4.3,Yes,In a Relationship,2.3,0.7,6,3,1.7,100,100
21,Male,3,3.84,5.2,100,7.3,7.1,4.2,2.4,1.7,Yes,In a Relationship,6.1,2.6,11,3,4,100,99
18,Female,2,4,5.4,100,8.4,7.6,4.3,1.4,5.4,No,Single,5.1,0.2,18,2,3.8,100,92
26,Female,4,3.26,3.2,90,6.1,4.3,1.6,1.6,4.2,No,Single,3.4,0.6,8,2,0.5,89,83
26,Male,1,3.93,5.1,100,6.7,5.4,3.6,1.1,6.9,No,Single,4.9,0.6,10,1,3.1,100,97
28,Female,1,3.6,4,95,9,7.5,4.1,2.3,3.8,Yes,In a Relationship,4.1,1.3,17,2,3.5,100,94
19,Female,1,3.91,3.6,100,6.8,3.2,2.1,1.8,3.8,No,In a Relationship,4.4,0.3,15,2,2.2,100,100
26,Male,4,4,4.9,100,5.5,5.6,2.4,1.9,2.6,Yes,Single,3.5,2.1,17,1,4.4,100,100
25,Female,1,3.82,3.6,92,6.2,5.4,3.6,0.6,2.2,No,Single,5,2.3,8,0,3.6,97,94
19,Male,1,4,6.6,100,5.9,3.4,0.5,2.1,2.5,No,Single,5.5,0.5,11,2,5.2,100,100
28,Female,3,3.05,1.3,90,7.4,4.4,1.2,0,5,Yes,Single,4.4,1.7,8,2,3.1,84,94
19,Female,4,4,2.7,95,5.9,3.9,1.3,2.3,0.3,No,Single,5.2,0.4,7,4,1.3,100,94
27,Female,2,4,3.3,99,7.3,1.1,0.1,4.9,3.1,No,Single,3.8,1.4,7,2,3.9,100,97
21,Female,1,3.3,4.2,100,6.1,6,4.4,2.1,0,No,In a Relationship,8.1,2.4,12,0,5.5,95,76
22,Male,1,4,5.4,100,4.5,3.5,0,1.5,3.7,No,In a Relationship,4.5,1.3,20,1,5.7,100,100
19,Male,4,3.34,3.5,82,7.4,5.6,3.3,2.3,2.1,Yes,In a Relationship,3.6,1.1,18,4,5.3,100,97
26,Female,4,2.62,1.4,68,7.2,7.7,4,1.6,4,No,Single,5.5,3.5,15,1,1.1,81,86
19,Female,1,4,4.8,100,7.6,5.4,2.4,3.7,1.5,No,Single,3.9,1.6,7,1,3.3,100,96
18,Female,1,3.87,4.6,87,6.2,4.6,1.8,3.1,2.5,Yes,Single,4.5,0.4,7,3,3.6,100,100
19,Female,2,3.05,0.6,79,6.1,6.5,3.1,1.3,4.3,Yes,Single,4.4,0.3,11,0,7.2,87,88
25,Male,4,3.34,3.5,92,7.5,5,2.8,0.3,3.3,No,In a Relationship,3.1,3.5,14,4,6.4,100,79
18,Female,1,3.09,1.1,78,8.8,7.8,4.3,1.8,6.1,Yes,Single,3.7,0.5,15,4,3.9,83,85
24,Female,3,3.64,2.5,84,7,2.5,0,1.8,2,No,Single,4.1,0.5,13,0,4.1,82,89
28,Female,1,4,2.1,92,7.5,7.4,1.4,2,1.9,No,In a Relationship,4.3,1.2,12,2,4.9,100,94
19,Female,2,3.74,4.7,98,6.6,5.2,3.6,2.9,5.5,No,Single,4.5,1.9,13,1,0.2,100,85
28,Female,4,3.6,3.7,88,5.1,5.5,2.9,3.9,2.3,Yes,In a Relationship,4.7,0,9,3,4.1,97,96
23,Female,2,3.76,1.6,91,8.2,6.5,3.9,1,2.2,Yes,Single,2.6,0.9,5,4,5.5,94,87
24,Male,2,4,4.8,100,8.1,4.6,3.2,0,3.8,No,Single,3.6,0,11,2,5.2,96,100
21,Male,3,3.67,1.3,86,7.9,6.5,2.6,0.2,2.7,Yes,In a Relationship,4.3,1,13,0,4.4,100,87
26,Female,1,4,4,99,6.8,4.8,2.3,0.6,2.4,No,Single,1.9,2,11,1,7.6,100,93
21,Female,1,3.01,2.3,75,7.7,6.4,6.3,2.9,1.6,No,Single,5.4,0.9,4,3,2.7,100,77
28,Female,1,3.35,3,85,8.1,8.9,5.1,0,5.7,No,Single,4,3.2,11,3,6.4,92,97
28,Female,4,4,4.3,98,8.9,5.7,3.5,1.7,2.7,Yes,In a Relationship,2.8,0.4,9,1,3.1,100,100
27,Female,1,3.9,4.3,100,8.2,5.8,2.9,0,1.9,No,In a Relationship,4.7,1.4,19,1,3.4,100,98
26,Female,4,4,5.5,100,7.1,7.4,3.6,1.3,2.4,Yes,Single,5.4,2.5,15,1,2.3,100,99
19,Male,4,3.39,3.4,87,5.4,6.6,4,0.9,3.7,No,Single,6.8,2.2,1,2,3.1,84,98
23,Male,2,3.69,4,100,7.2,6,3.4,0,5.9,No,Single,3.6,3.8,12,0,3.3,100,100
18,Female,3,3.78,2.8,100,7.3,7.7,1.7,2.3,2.7,No,Single,4.9,1.5,6,1,4.1,98,96
18,Male,4,3.4,3.8,85,7.9,5.9,5.5,0.3,1.3,Yes,In a Relationship,4.4,0.3,5,1,2.6,100,80
25,Male,4,4,4.2,100,8.6,4.7,3.2,1.8,6.8,No,Single,2.5,1.3,1,0,3,93,100
18,Male,2,3.98,3.4,80,6.9,7.5,5.8,3.9,3.3,No,Single,5.9,0.4,16,1,3.6,92,99
19,Male,2,3.55,0.8,83,9.5,8.2,3.1,0.3,2.8,No,In a Relationship,2.7,1.3,17,3,1.6,97,84
26,Female,1,3.39,4,100,4.9,4.6,2.4,2.2,3.1,No,Single,4.5,2.4,5,3,6,98,75
28,Male,4,3.71,4,90,7.5,8.2,4.9,0.5,0.5,Yes,In a Relationship,6.1,1.9,18,2,1.9,100,89
21,Female,1,3.17,2.5,89,6,5.7,3.3,0,2.9,No,In a Relationship,4.6,1.1,23,0,2.2,89,100
23,Male,1,3.14,1.6,88,4.7,6.7,3,3.6,4.5,Yes,In a Relationship,3.7,0.5,11,2,4.3,86,79
18,Male,3,4,5.7,100,6.8,4,1,1.7,5.4,No,Single,2.4,1.5,7,1,3.6,100,100
26,Male,1,3.56,4.2,96,5.3,7.1,3.8,2,2.3,No,In a Relationship,4.9,1.7,12,0,4,100,100
20,Female,3,3.84,3.2,100,6.8,6.6,2.1,0,3.4,No,In a Relationship,4.4,0,18,1,7.8,100,91
24,Female,3,3.46,1.8,75,7,5.6,2.1,0.6,5.5,Yes,Single,3,0.2,19,2,0,98,88
24,Male,1,3.54,2.3,80,8.3,4.2,2.1,0.9,3.1,No,Single,1,0.9,12,1,2.9,100,92
18,Female,3,4,5.5,92,5.2,6.9,3.5,1.4,4.4,No,In a Relationship,5.5,0,7,2,4.1,100,100
20,Female,4,3.69,3.7,100,8.1,6.4,0.5,2.6,3.8,Yes,Single,3.3,0,13,2,1.8,100,92
26,Female,1,3.68,2.7,80,7.1,6.2,2.5,2.1,1.7,Yes,In a Relationship,3.1,0.2,12,1,2.3,97,83
25,Male,1,4,4.3,100,8.2,7.5,4.3,0.9,1.2,No,In a Relationship,3.5,1.6,13,1,4.1,100,100
22,Female,1,3.82,2.3,98,6.5,2.3,0.9,0.5,5.1,No,Single,4.4,1.3,10,0,5.3,100,98
21,Male,3,4,5.8,100,5.4,7,3.1,1,0,No,Single,5.1,0.8,13,2,1.8,100,91
20,Female,4,4,5.5,100,5.5,5.9,1.9,1.3,1.7,Yes,Single,5.2,0.3,3,6,6.7,100,100
27,Female,3,3.43,2.8,91,5.4,5.6,2.2,0.9,0.2,Yes,In a Relationship,4.3,1.6,14,0,7.8,90,96
28,Female,2,3.49,2.6,83,7.6,8.4,5.3,1.2,5.1,No,In a Relationship,5.1,1.5,18,3,6.5,87,100
22,Female,4,3.28,0.5,62,8.8,6.7,0.3,3,5.7,No,In a Relationship,1,2.4,11,4,4.4,83,77
25,Male,3,3.01,1.3,86,6.3,7.9,3.9,0.8,1.6,Yes,Single,5.5,0,13,1,3.2,88,83
23,Female,4,3.82,1.5,86,7.8,6.6,2.1,0.4,8.5,No,In a Relationship,2.8,0,4,1,7.3,94,98
24,Male,2,3.99,3.7,89,5.2,5.1,2,2,5.8,No,Single,1.8,2.1,15,0,5.4,100,100
20,Male,2,3.31,3,90,7.2,3.9,1.1,0.5,3.4,No,In a Relationship,3.4,1.7,17,3,5.7,96,100
18,Female,2,3.09,1.5,84,7.8,7.7,3.9,1.2,6,Yes,Single,2.9,2.1,20,0,4.9,99,94
28,Male,4,3.19,3.1,87,5.3,5.3,2.5,0,1.7,Yes,In a Relationship,5.9,0.3,1,2,2.8,99,84
28,Female,2,4,4.3,100,6.8,5.2,2.3,1.6,2.4,No,Single,4.3,0.8,15,5,5.1,100,95
24,Female,3,4,4.3,100,7.9,6.6,3,1.2,3.9,No,Single,3.4,0,3,3,4.2,100,100
21,Male,1,2.34,0.7,60,3.5,4.9,2.5,0.3,1.6,No,Single,7,0,14,1,4.1,83,61
20,Male,2,4,3.3,97,8.6,3.3,0,0.8,0.4,No,In a Relationship,1,1.3,9,2,1.9,100,100
20,Male,1,3.68,1.4,79,7.4,5.2,2.1,1.1,1.1,Yes,In a Relationship,6,2.6,15,7,5.3,93,97
24,Female,4,3.66,4.9,96,7.9,8.3,4.1,3.9,2.6,No,Single,6.2,1,14,0,6,100,100
22,Male,3,4,4.7,100,6.5,2.8,0.5,0.9,3.9,No,In a Relationship,2.8,0.5,12,3,3.7,100,93
25,Female,4,2.98,2.2,87,4.9,1.8,1.2,3.9,2.3,No,Single,5.2,0.1,10,0,5.3,96,81
22,Female,2,2.95,2.4,100,7.6,4.8,2.2,1.9,0,Yes,In a Relationship,4.7,2.3,13,3,5.5,100,100
23,Male,2,3.9,2.8,84,6.9,5.2,1.7,0,3.9,Yes,In a Relationship,1,1.3,17,3,4.6,100,94
23,Female,3,3.06,0.5,79,7,7,2.8,1.8,5.5,No,Single,3.5,1.3,13,2,0,84,91
21,Female,1,4,4,100,8.3,3.4,1.2,1.9,1.7,No,In a Relationship,2,0,16,2,5.9,100,85
23,Male,1,4,3.1,100,7.9,5.9,2.2,3,6.3,No,In a Relationship,1.5,0.3,5,0,5.8,100,97
22,Male,3,3.74,5,100,9.3,7.1,2.7,1.1,4.7,No,Single,2.6,1.9,12,0,3.3,100,97
20,Male,3,3.36,1.9,78,7.2,7.7,3.8,2.9,0.9,No,In a Relationship,4.6,0.7,10,0,4.7,90,93
20,Female,1,2.89,2.6,93,6.2,6.8,4.7,2.7,1.7,Yes,In a Relationship,6.6,0.5,16,4,4.7,90,90
20,Female,4,3.46,1.2,76,6.8,4.6,2.4,0,2.4,Yes,Single,3.3,3.7,15,2,3.7,78,92
23,Male,1,2.8,2,78,7.5,9.1,5.6,0.1,2.6,No,Single,4.7,1.3,9,2,3.3,84,86
24,Male,2,3.04,1.7,79,8.2,7.5,2.5,0,0,Yes,Single,5.5,1,13,4,3.4,90,88
25,Female,4,3.59,5,100,5.2,7,4,2.7,1.5,Yes,In a Relationship,5.3,1.1,11,2,8,100,91
19,Male,4,2.99,2.5,60,7,8.5,5.7,0,1.9,Yes,In a Relationship,4.9,0.5,14,1,5.3,82,79
28,Male,3,3.87,3.7,91,8.9,4.4,3,3,6.8,No,Single,3.6,1.1,14,0,6.7,100,100
25,Female,2,3.43,2.9,84,6.7,3.3,0.7,3.3,3.5,Yes,Single,3.8,3.1,12,2,0,100,91
23,Male,4,3.04,1.6,94,8.1,5,2.9,4.3,1.4,No,In a Relationship,4.1,1.6,5,3,2.2,100,84
28,Male,2,3.76,3.2,96,7.6,4.9,1.9,2.3,2.1,Yes,Single,4.6,0,19,2,4.5,100,100
20,Female,3,3.76,4.4,100,8.1,3.6,2.4,2.5,3.9,No,In a Relationship,2.1,0.8,17,2,2.1,100,95
21,Male,2,3.03,1.7,71,6,8.4,5.8,1.5,2.2,No,Single,5.2,1.3,12,1,0.2,100,90
18,Female,4,3.93,4.7,92,6,2.8,1,0,1.8,No,Single,5.9,0,15,3,0,100,93
27,Male,1,3.47,2.2,94,7,7.4,3.3,0,1.9,Yes,Single,1.5,0.7,15,1,3.7,94,82
20,Male,1,3.9,2.8,84,5.2,3.5,1.5,0.8,4,No,Single,3.3,0.2,9,2,3.7,86,93
26,Female,4,3.76,4.3,100,6.7,4.6,2.3,2.3,0.2,No,In a Relationship,3.4,0.8,18,1,4.2,96,92
27,Female,2,3.35,2.5,79,7.3,7.2,3.9,0.9,0.8,Yes,Single,4.9,1.3,2,3,0,84,87
21,Female,2,4,3.6,96,9.1,5.8,3.3,0.8,1.1,No,In a Relationship,4.5,1.9,3,2,6.2,100,97
23,Female,4,3.56,3,84,7.5,8.3,2.5,3.8,0.8,Yes,In a Relationship,5.3,0,8,2,6.8,94,95
23,Female,4,3.54,3.7,96,7.8,5.9,1.8,0.6,1.4,Yes,Single,3.3,1.1,14,3,2,100,93
26,Male,1,2.91,0.5,82,8.4,6.3,3.3,0,4.8,Yes,In a Relationship,2.5,0.9,13,0,2,91,86
28,Female,3,2.18,0.8,67,5.8,8.8,5.4,2.8,5.1,Yes,In a Relationship,3.7,1,12,0,5.1,80,64
20,Female,2,4,4.4,100,6.8,1.6,1.4,2.8,3.5,Yes,In a Relationship,3.5,0.4,12,4,5.6,100,100
27,Female,3,4,5.1,100,9.9,10.2,5.7,2.8,3.4,Yes,Single,6.3,1.2,10,0,6.6,100,100
20,Female,2,3.21,2.1,92,6.9,8.2,4.6,0.7,1.7,Yes,Single,4.5,1.7,6,3,5.2,97,96
20,Female,1,3.33,3.1,82,8.3,7.8,4.9,0.8,0,No,In a Relationship,5,0,5,1,2,98,93
19,Male,3,3.91,3.9,96,8.2,7,3.3,3.5,3.3,No,In a Relationship,3.9,2.9,6,4,3,100,99
18,Female,4,3.53,4.5,94,5.2,8.4,4.6,1.1,3.6,No,Single,4.9,2.1,7,0,3.6,100,82
18,Female,4,2.58,0.5,68,7.4,3.8,1.3,1.8,1.7,No,In a Relationship,5,0,5,1,4.9,83,94
20,Female,2,3.68,2.2,87,7.2,5.3,1.8,3.5,0.8,No,In a Relationship,5.2,2.6,5,3,2.8,93,87
22,Female,4,3.31,3,88,7.4,8.2,3.9,0.6,0.5,No,Single,5.7,2.7,11,0,3,90,87
25,Male,1,3.99,4.6,99,6.1,6.7,3.2,0.7,3.3,No,In a Relationship,5.4,0.7,17,1,4.6,100,100
24,Female,1,4,7.2,100,5.7,5.3,2.6,1.1,3.2,No,Single,3.7,1.4,14,2,2.2,100,100
26,Male,3,3.67,3.2,90,6.4,3.4,0,1.9,5.4,No,In a Relationship,1.5,1.3,7,1,2.3,100,100
23,Male,2,3.26,1.4,66,6.9,6.8,2.1,0,1.4,No,Single,3.5,0,9,2,3.8,90,87
21,Male,3,4,4.1,100,8.4,4.9,1,0,2.4,No,Single,3.3,2.2,21,5,4.5,100,97
19,Male,3,4,5.5,100,9.2,5.1,3.5,0.9,3,No,Single,3.3,0,10,1,3.3,100,100
19,Male,1,4,3.7,98,8.7,6.2,2.5,2.4,1.9,No,In a Relationship,4.1,1.5,7,2,3.1,100,98
20,Male,4,3.84,2.1,81,8,5.4,1.9,2.1,4.7,No,In a Relationship,3.1,2.8,11,3,8.2,96,89
20,Male,1,3.81,4.9,80,5.8,11.2,6.8,1.1,5.5,No,In a Relationship,4.3,0,9,0,6.3,100,83
20,Male,1,3.84,4.5,99,6.5,7.4,4.4,2.2,0.8,No,In a Relationship,6.6,0.9,8,1,6.2,100,100
27,Female,4,3.5,2,85,7.3,7,4.4,0,2.1,No,Single,4.3,2.3,12,0,6.4,89,99
22,Male,3,3.67,4.1,98,6.2,7.5,6.1,1.6,5.6,No,Single,5.9,1.6,18,1,6.5,100,92
28,Male,3,3.94,5,99,7.7,6.2,4,1.5,3.6,Yes,Single,3.3,2,5,3,5.7,100,100
23,Female,3,4,5.3,100,7.9,6,1.6,3.2,3.2,No,Single,2.4,0.5,14,2,3.6,100,100
28,Female,2,4,3.4,99,7.6,4.7,1.5,2,3.7,Yes,In a Relationship,2.3,0.3,17,3,1.4,99,84
26,Female,3,3.33,3,97,8.2,7.1,4.2,0,4.3,No,Single,2.5,1,14,1,5.5,97,81
21,Female,4,4,5.3,95,5.9,4.6,0,0,3.8,No,In a Relationship,1.8,1.5,17,3,2.5,100,99
25,Female,1,2.97,1.7,71,8.1,7,2.7,2,3.4,No,Single,3.9,1.8,15,1,6.6,92,82
25,Female,1,4,4.2,100,6.2,2.1,0,0,3,No,Single,2.3,1.6,9,2,4.6,100,100
22,Female,4,2.44,1.4,62,5.9,7.3,2.9,1.4,5.7,No,In a Relationship,4.3,2.2,21,2,4,79,74
28,Female,4,4,5.1,100,7.6,5.1,4.1,0.8,2.5,Yes,Single,4.6,1.3,15,2,2.2,100,100
26,Female,2,3.94,3.1,100,8.5,6.8,3.2,1.4,3,No,In a Relationship,4.6,0.2,23,3,4.9,100,98
28,Male,2,4,5.4,100,7.6,7.6,4.2,0.6,6.1,No,In a Relationship,2.8,0,3,3,2.8,100,100
20,Female,2,3.74,4.2,84,7,10.1,5.7,2.7,3.7,Yes,In a Relationship,6.2,2,24,1,1.5,100,93
26,Female,2,3.15,1.7,74,7.4,6.1,2.6,1,2.9,Yes,Single,3,2.2,16,0,3.6,83,84
25,Male,4,4,5.6,99,7.2,9.7,7,2.1,4.3,No,Single,2.7,3.2,14,2,1.2,100,100
19,Male,2,3.92,5.8,100,5.6,5.9,3.1,2.1,3.5,Yes,In a Relationship,4.8,3.6,7,0,5.6,100,89
21,Male,1,3.68,4.8,100,5.5,10.4,4.2,0,1.5,Yes,In a Relationship,4.6,2.2,16,1,3.9,100,100
25,Male,1,3.02,2.4,89,6.9,5,1.9,1.9,3.5,No,In a Relationship,5.1,1.6,18,0,2,89,82
22,Female,4,3.15,3,72,7.1,8.9,5.2,0.8,1.4,No,In a Relationship,5.6,0.8,3,4,4.7,82,83
27,Female,2,3.33,3.7,92,7,5,4.4,2,6.7,No,In a Relationship,3.9,0.3,15,1,2.2,100,89
19,Female,2,3.58,2.4,81,7.8,7,5,0.1,3.5,No,In a Relationship,4.8,1.3,9,3,5.9,100,100
24,Male,2,4,6,100,6.7,6.5,2.9,1.1,1.1,Yes,In a Relationship,4.1,1.1,15,3,3.1,100,100
24,Female,2,4,3.7,86,7.7,2,0.9,2,2.2,No,In a Relationship,4.9,3.1,7,3,5.5,100,100
28,Female,1,3.35,0.5,72,6.8,7.2,3.5,1.9,4.5,No,In a Relationship,3.6,1.8,18,2,5.3,80,98
22,Female,4,4,4,94,9.2,2.4,0.3,0.3,0.8,No,In a Relationship,3.2,1,12,4,5.1,100,92
20,Female,1,3.8,3,70,7.1,4.1,2.3,1.9,8.4,No,Single,1.9,0.3,16,0,6.4,100,93
27,Female,3,3.88,3.4,99,9.8,5.2,3.1,2,0.1,Yes,In a Relationship,3.8,1.7,17,1,0,100,100
19,Female,4,3.03,2.9,98,7.4,11.2,6.4,0,4.9,Yes,In a Relationship,3.8,1.3,13,1,6.1,81,83
25,Male,1,3.92,4.7,93,6.7,6.7,3.3,0,2,Yes,In a Relationship,4.8,0.7,8,1,5.3,99,100
23,Male,4,4,5.2,98,5.9,4.9,3,2.3,1.4,No,In a Relationship,4.9,0.5,15,2,2.7,100,96
21,Female,1,3.25,3.9,100,5.3,6.6,2.7,0,4.1,No,Single,5,1.7,12,2,6.1,98,92
21,Female,4,3.9,3,100,5.8,4.8,0.8,1.6,2.1,No,In a Relationship,4.3,0.8,13,1,4.6,100,100
24,Female,4,3.65,3.4,91,5.9,5.4,2.9,1.3,6.2,No,Single,3.9,0.9,10,1,2.3,100,89
25,Female,3,3.51,3.5,88,7.5,7.2,3,0.8,0.2,No,Single,6.6,0.7,3,4,0,100,97
20,Female,3,3.51,2.3,97,6.4,5.5,1.3,3.5,4.1,No,Single,3.4,4,12,3,7,84,98
20,Male,2,4,4.4,93,7.2,5,1,0.2,2.4,No,Single,3.4,1.4,9,1,3.4,100,100
24,Female,2,4,4.2,98,8.5,4.3,2.1,0.4,3.6,No,Single,3.1,0.4,14,0,1.5,100,99
25,Female,4,4,5.8,100,6.9,4.5,2.9,2.3,4,No,Single,4.1,0,12,3,5.3,100,93
18,Female,1,4,5.4,100,9.5,3.1,2.1,1.9,0,Yes,In a Relationship,3.2,0,9,3,0.5,100,100
24,Male,3,3.83,2.5,89,5.6,3.4,1.2,1.7,3.5,No,Single,3.5,0.9,23,0,0,100,98
24,Female,2,4,4.7,100,6.8,5.8,3.2,1.9,5.2,No,In a Relationship,4.6,2.9,10,2,6.4,100,100
28,Female,2,3.16,2.1,94,6.4,6.3,3.6,0.8,3.9,No,Single,4.4,3.5,12,1,4.1,98,100
21,Male,1,4,4.5,99,8.1,5.9,3,0.1,2.3,No,In a Relationship,5,1,21,3,4,100,96
21,Female,4,3.32,2.7,80,4.3,7.1,2,3.5,0.2,Yes,In a Relationship,3.4,1.6,7,3,3.9,94,98
26,Female,2,3.38,2,83,5.3,6.3,3.7,0,4,Yes,In a Relationship,6.3,1,16,2,2.9,96,92
26,Male,3,3.63,3.9,91,6.9,5.4,2.5,0,6.8,Yes,Single,4.1,1.7,8,4,2.9,100,100
23,Male,2,3.45,0.5,77,8.9,1.8,1,0.6,4.3,No,In a Relationship,2.4,1,11,1,7,87,96
27,Male,1,2.66,0.9,75,7.3,10.1,4.4,2.5,5.3,Yes,In a Relationship,4.1,0.6,14,0,0.4,96,90
27,Male,2,3.23,3.2,90,5.4,4.7,3.3,0,4.9,Yes,In a Relationship,5.1,0.5,18,1,3.1,95,87
26,Female,4,3.51,3.6,76,5.6,4.8,2.6,0.4,2.2,No,Single,3.6,1.9,7,2,2.1,81,90
18,Male,4,3.61,2.9,88,9,4.2,0.4,2.7,3.2,No,In a Relationship,2.4,2.5,13,3,2.1,94,95
20,Female,3,2.6,1.1,62,6.3,5,1.7,0,4.7,No,Single,3.7,0.8,8,1,5.4,78,78
19,Female,1,2.94,2.3,63,5.9,10.8,5.8,1.7,0,No,In a Relationship,4.2,1.9,15,4,5.3,93,90
26,Female,1,4,4.1,96,8.8,4.4,0.5,1.5,4.3,Yes,In a Relationship,2.6,1.4,17,4,8.4,100,100
19,Female,3,4,4.4,100,8.2,5.3,2.4,1.6,5.5,No,Single,1.6,0.8,15,3,6.1,100,100
22,Female,1,4,3.5,95,8.5,7.1,2.8,2.3,2.9,Yes,In a Relationship,4.6,1.9,8,1,4.9,100,100
19,Male,1,3.75,5.2,84,5.9,7.7,3.3,0,4.6,Yes,In a Relationship,5.7,2.5,6,1,0.6,100,92
28,Male,3,3.57,4.1,90,5.2,2.8,0.6,2.7,1.9,Yes,Single,5.6,0.4,11,3,3.9,100,100
28,Male,3,3.45,2.4,73,7.2,7.3,3.1,0,3.1,No,Single,3.8,0.9,6,4,2.4,100,81
20,Female,4,3.82,3.1,94,7.4,3,0.3,0.9,2.5,No,Single,2.7,2.7,15,5,3.3,92,99
27,Male,3,3.41,1.4,74,7.4,5.8,2.9,1,3.9,Yes,Single,1.8,1.2,19,2,8,77,92
24,Female,1,3.42,3.3,100,8.8,5,1.8,2,2.8,Yes,Single,3.8,0.4,8,3,2.5,100,98
25,Male,2,4,5.2,100,4.9,4,1.5,0,0,Yes,In a Relationship,3.4,1.4,15,2,5.9,100,100
20,Male,3,4,4.5,94,8,6.6,4.1,3.6,1.6,Yes,In a Relationship,3.1,1.2,8,1,6.1,100,100
18,Female,3,4,5.6,100,5.7,6.6,2.4,1.1,6.9,No,In a Relationship,3.3,2.3,18,0,6.4,100,100
26,Male,2,3.82,3,85,8,4.7,3.5,2.5,4.1,No,In a Relationship,2.7,1.2,17,2,6.9,100,93
22,Male,2,4,5.5,100,6.4,5.3,3.6,0,0,No,Single,4.2,1.2,12,2,4.5,100,100
21,Female,2,3.32,3.2,82,6,8.5,4.7,0.8,5.4,No,Single,4.7,1.1,16,0,2.5,89,90
21,Female,1,4,5.7,100,6.3,3.9,1,0,0.7,No,Single,4.9,1.4,16,2,2.3,98,91
18,Male,3,3.22,3.5,93,5.3,8.4,4.2,2.6,4.8,No,Single,5.4,2.7,6,2,2.2,86,89
23,Male,1,3.89,4.6,95,7,6.2,2.8,0.2,5.6,No,Single,3.7,1.9,14,2,3.6,100,100
27,Male,2,4,5.7,93,6.1,3.6,2.2,0,3.2,No,Single,5.3,0.2,9,0,2.6,100,88
28,Male,4,4,3.2,92,7.9,4.2,1.1,2.2,1,No,In a Relationship,3.6,1.5,13,4,3.6,100,100
24,Female,1,4,3.8,100,7.8,7.3,3.7,0,1.6,No,In a Relationship,3.9,1.5,10,4,3.6,100,100
24,Male,1,4,5.4,99,9,4.7,1.4,1.2,4.3,No,In a Relationship,1.8,1.6,12,2,4.9,100,96
28,Male,3,3.83,3.3,93,7.4,6,3.6,3.8,0.7,No,In a Relationship,5.3,0,17,2,3.8,100,95
26,Female,3,3.16,1.5,81,7.6,8.4,5.7,0.2,1.8,No,Single,4.2,1.3,6,1,1.9,88,76
28,Male,2,4,6.7,100,8.7,6.6,4.3,0.3,4,No,Single,4.2,0.6,3,1,5.2,100,100
22,Male,2,3.21,2.8,88,6.2,6.3,4.9,2.7,1.7,No,In a Relationship,5,0,10,2,5.9,96,92
18,Female,2,3.62,3.7,95,5.2,2.9,1.7,0,5.8,No,In a Relationship,2.9,2.4,18,2,3.8,100,100
21,Female,4,3.82,5.2,100,7.2,7.4,3.9,3.4,0.9,No,In a Relationship,4,0.9,8,3,3.4,100,99
23,Male,4,3.21,2.6,77,5.3,3.1,1.1,2.9,0,No,In a Relationship,5.6,0.9,9,5,0,90,78
28,Male,4,3.6,2,81,9.9,6.1,2.4,2.2,1.4,Yes,Single,2.4,2.1,18,2,0.7,100,96
19,Male,2,3.5,3.9,80,8.7,7.7,5.4,0.2,3.6,Yes,Single,4.1,2.2,19,3,10.9,91,99
25,Male,3,3.49,0.8,82,9.6,3.3,1.9,1.4,4.7,Yes,In a Relationship,2,1,15,2,5.3,95,90
21,Male,2,3.72,3.1,90,7.1,7,4.5,1.1,2.2,No,Single,5.9,1.2,14,5,3.8,90,100
19,Male,3,3.55,3.9,95,7.7,9.8,4.3,1.6,2.4,No,Single,6.1,0.2,17,1,2.9,100,94
20,Male,1,3.37,3.1,88,6.4,7.3,4.4,1.9,2.9,No,Single,5.8,0.3,10,1,4.2,100,93
20,Female,3,3.38,1.2,89,8.1,4.7,0.9,0.8,6.5,Yes,Single,1.8,2.5,15,5,3.9,96,100
21,Female,3,4,5.9,94,5.5,6.8,3.6,0.8,3.8,No,In a Relationship,5.1,1.2,8,1,2.2,100,95
18,Male,4,3.62,3.7,89,3.9,3.9,2.6,2.4,2,Yes,In a Relationship,4.4,2.2,20,5,7,96,95
23,Female,1,3.91,5.6,100,6.1,9.1,4.4,4.5,7.1,No,Single,4.4,1,17,1,4.7,100,87
24,Female,4,3.83,3.1,88,5.3,3,0.3,0,3,No,Single,1.9,1.6,15,2,4.8,100,97
26,Female,3,2.69,2.2,69,8.8,4.8,3.4,2.5,0,No,In a Relationship,4.5,0,10,4,3.4,60,80
18,Female,1,4,3.9,91,9.2,5.5,3.1,2.2,0.2,Yes,Single,3.9,2.1,15,1,2.4,100,98
23,Male,2,3.48,3.2,89,5.3,2.8,0,2.1,4.1,No,In a Relationship,3.8,1.2,12,0,4.7,100,97
26,Male,3,3.23,1.7,87,8.6,5.4,1.5,1.8,0,No,In a Relationship,3.6,0.7,9,3,2.3,94,83
28,Male,4,4,5.7,100,8.1,2.3,0.1,0.8,4,No,In a Relationship,3.2,1.8,15,2,4.9,100,99
25,Male,3,3.36,2.6,100,5.1,7.8,1.7,1.7,1.4,Yes,In a Relationship,3.9,2.2,2,1,5.9,82,100
28,Male,1,2.49,0.7,78,6.5,5.5,3.6,1.1,5.4,No,In a Relationship,4.8,0.8,16,2,5,87,91
26,Male,3,4,5.5,100,6.3,6.8,3.1,2.2,3.3,Yes,Single,4.8,0,7,0,2.5,100,97
20,Female,2,3.56,2.7,89,7.9,3.7,3.1,2.1,0,No,In a Relationship,5.6,2.9,16,0,3.9,97,100
23,Female,3,3.74,2.6,97,5.5,4.1,1.2,0,4.8,No,Single,4.8,1,5,2,5.5,97,100
20,Male,2,3.14,0.9,82,6.9,7.9,4.5,1.7,5.7,Yes,In a Relationship,3.3,0,10,2,7.2,92,84
23,Male,1,4,6.1,100,6.2,4.5,2.8,1.8,0.4,No,In a Relationship,5.4,0.8,14,0,7.2,100,100
18,Male,1,3.8,1.6,94,7.6,7.7,2.9,2.9,1.4,No,Single,3.1,1.6,16,3,4.4,84,100
22,Male,2,3.84,3.6,83,6.7,7.7,4.2,1.5,4,Yes,In a Relationship,5.7,1.1,9,3,2.3,100,88
25,Female,3,4,4.9,100,6.4,3.9,1.3,1,4.4,Yes,Single,2.5,1.1,7,1,2.7,100,92
22,Female,2,4,4.1,100,6.7,6.6,3.1,2.7,7.7,No,In a Relationship,3,0.8,17,4,4.2,100,100
19,Male,2,3.79,3.4,100,9.4,5.7,3.4,0.5,4.8,Yes,In a Relationship,3.3,0.8,22,0,6.6,100,100
22,Female,4,2.93,0.9,74,6.5,6.5,2,0,7.8,No,In a Relationship,3.7,0,7,3,5.2,75,83
21,Female,1,3.07,2.3,81,5.8,8,3.8,2.3,3,No,In a Relationship,5.3,0,1,3,3.8,97,80
27,Male,2,3.6,3.8,96,7.7,6.9,3.5,3.2,3.8,No,Single,4.7,1.6,20,2,4.1,100,100
26,Male,4,3.79,2.3,98,6.8,6.3,2.6,1,1.9,No,Single,4.3,2.4,11,4,5.5,99,96
25,Male,2,3.65,3.8,98,5.3,3.8,2.6,0.5,2,No,Single,5,0.9,7,2,5.4,100,97
20,Female,4,4,4.5,100,9.7,8.4,3.6,3.1,3.3,Yes,In a Relationship,1.6,2.6,12,2,1.7,100,92
20,Male,3,3.54,4.9,86,6.6,6.9,4,2.2,1.8,Yes,Single,6,2.3,22,3,5.7,100,96
20,Male,3,3.43,1.7,73,6.5,7.1,2.9,1.1,0,No,In a Relationship,4.6,1.1,15,2,7.4,94,90
22,Male,3,4,6.8,100,7.2,8.4,4.5,1.8,1.7,No,In a Relationship,4.5,1.8,16,4,2.8,100,97
26,Female,2,4,4.7,100,9.1,8,3.8,0.2,5.2,No,In a Relationship,5.2,1.7,13,2,2.8,100,88
28,Male,1,4,3.5,100,5,1.8,0.1,1.9,3.1,No,In a Relationship,1,0.7,14,2,4.1,100,100
23,Female,3,4,5.1,100,7.3,2.6,0.7,0,3.2,No,Single,3.2,0,20,0,6.5,100,94
24,Female,4,4,7,100,9.5,10.3,4.6,0.4,1.5,No,Single,2,1.3,7,1,6.1,100,100
21,Male,4,3.26,1.3,67,7.2,3.6,2.4,1.3,3.7,No,Single,4,1.9,16,1,4.2,87,84
20,Male,1,3.29,3.2,83,5.5,4.7,3,1.7,6.3,Yes,Single,3.3,0.6,12,2,3.4,92,96
22,Female,2,2.45,0.5,73,6.3,7.6,4.5,1,5.8,No,Single,1.5,3.2,12,0,3.2,75,84
23,Male,2,3.88,3.8,100,7.2,5.9,2.8,2.8,3.7,Yes,Single,4.9,2.2,6,3,0,100,91
24,Female,4,3.43,4,98,8.6,5.3,2.9,1.7,1.3,No,In a Relationship,2.6,0,14,3,5.6,96,100
20,Male,2,3.42,3.4,100,6.6,5.2,1.5,0.9,6.5,Yes,Single,3.9,1,15,2,5.8,100,93
24,Female,2,3.81,2.5,97,8,7.5,3.4,1.2,5.1,No,Single,2.6,0.4,11,2,6.6,98,100
20,Male,1,2.58,0.5,74,5.3,6.7,3.7,2.3,0,Yes,Single,5.2,0.8,19,3,0,80,65
27,Female,4,3.94,4.1,100,5.3,4.6,1.9,2,0,No,In a Relationship,2.6,1.9,12,3,6.1,100,96
20,Male,4,4,5.7,100,6.4,4.4,1.4,1.1,0.1,No,Single,4.7,0.9,1,5,3.8,100,99
21,Female,4,3.43,2.6,94,8.7,9.1,6.7,3.4,2,No,Single,4.7,0.6,15,2,4,93,99
24,Female,1,4,4.2,88,7.1,3.7,2.7,0.3,4.8,Yes,In a Relationship,3.3,1.3,6,4,1.6,100,97
20,Female,4,3.05,1.1,69,7.3,5.2,1.8,3.5,4.8,No,In a Relationship,3.1,2,19,2,1.6,90,97
22,Female,4,4,4.2,100,7.3,7.8,3.9,0,3.7,No,Single,2.6,1.9,21,2,6.1,100,88
26,Male,1,3.37,2.9,94,8.3,5.5,2.7,0,2.7,Yes,In a Relationship,4.3,1.8,17,3,8.3,87,86
18,Female,3,3.9,2.4,77,6.3,1.5,1.2,0,7.7,No,Single,2.2,2.6,12,1,5.7,93,89
18,Female,3,3.1,2.4,74,7.8,5.8,3.5,3.1,3.1,No,Single,6.3,1.1,15,2,6.7,94,77
19,Female,4,3.2,2.9,77,6,5.6,1.5,0.7,2.8,No,In a Relationship,3.5,0.8,8,1,4.5,93,86
20,Female,4,4,4.1,100,9.4,6.5,5.2,1.1,2,Yes,Single,4,1,15,1,7.2,100,88
20,Female,2,2.91,1.5,75,6,7.3,3.5,0,7.4,No,In a Relationship,2.5,0.4,8,2,3.8,81,75
28,Male,3,3.32,2.9,83,5.9,4.9,2.4,0.8,4.4,No,Single,2.4,0.4,21,2,5.2,100,76
18,Female,1,3.17,3.4,100,7.7,6,3,1.2,0.9,No,Single,5.2,1.9,7,2,3.2,100,97
19,Male,3,3.15,1.9,81,7.1,6.4,4.2,2.3,0.7,No,In a Relationship,6.1,2,4,1,4,93,82
26,Female,2,4,6.2,100,7.4,4.7,3.1,2,0,No,In a Relationship,4.1,0,11,3,4.5,100,99
19,Female,3,3.23,2.2,86,7.3,10.7,6,0.6,2.8,No,In a Relationship,5.4,2.1,15,1,1,80,92
27,Male,4,3.1,2.5,85,5.7,8.5,4.5,0,0,No,Single,7,0.8,24,2,6.9,98,85
19,Male,1,3.76,2,90,8.9,7.3,3.5,1.2,0.7,Yes,Single,4.4,0.6,8,0,5.6,100,82
22,Female,4,4,6.2,100,8.1,5.5,1.4,3.8,5.1,No,In a Relationship,3.2,0.9,12,2,6.1,100,100
28,Male,2,3.95,4.3,95,8.6,6.2,2.6,1.9,4.8,No,Single,3.2,0,12,4,4,100,96
21,Male,4,2.89,2.1,72,6.4,7.6,3.5,0.1,6,No,In a Relationship,3.3,1,7,4,7.4,78,96
23,Male,4,4,5.2,100,7.5,3.8,1.6,0,0.1,No,Single,4.4,3.1,7,1,4.9,100,100
27,Male,4,3.38,3.8,92,7.2,9.4,4.7,0.2,1,Yes,In a Relationship,7,0,3,2,5.3,98,93
19,Female,4,4,3.9,100,8.4,5.8,1.3,1.1,1.7,No,In a Relationship,2.7,1.8,20,1,4.7,100,96
24,Male,4,3.82,3,91,8.4,5.3,1.8,3.1,6.3,Yes,In a Relationship,3.4,2.2,8,1,5.1,95,97
22,Female,2,3.78,2.4,97,7.2,4.7,2,0,3.1,Yes,Single,3.8,1.8,2,2,3.2,100,100
27,Female,1,3.3,4,80,5.2,5.4,3.9,1.9,6.6,Yes,In a Relationship,3.8,2.7,10,3,9.4,93,100
20,Female,1,3.72,2.7,97,9.1,4.9,1.6,0.2,4.3,No,Single,3.5,2.2,18,5,3.7,98,100
24,Male,4,4,6.2,100,7.7,5.1,0.1,2.4,2.8,No,Single,3.6,1.9,15,3,5,100,83
25,Female,3,2.56,1.6,73,6.3,6,4.4,1.8,4.1,No,Single,5.3,2.2,15,1,3.6,91,76
21,Female,2,4,5.8,100,7.5,6.3,2.1,4.3,0,No,In a Relationship,6,2.2,20,0,1.6,100,93
23,Female,3,3.74,3.3,88,5.2,3.6,1.2,1.7,0,Yes,Single,6.5,0.9,17,2,6.9,86,99
27,Male,4,4,3.9,92,8.3,4.2,1.7,3.6,3.5,Yes,In a Relationship,3.1,1.8,1,1,4.1,100,92
25,Female,3,3.15,4.7,84,5.2,7,5.4,0.4,3,No,In a Relationship,5.6,0.9,10,4,1.2,88,89
25,Female,3,3.61,2.6,96,6.7,3.9,1.8,1.1,6.9,No,In a Relationship,1.6,0,14,0,2.5,100,88
25,Male,4,4,4.8,92,7.3,6.4,2.6,0,0.2,No,Single,6,3,13,2,7.2,100,100
18,Female,4,3.09,0.5,81,8.2,6,2.1,1.7,3.7,No,Single,3.2,0.6,15,4,3.9,87,91
28,Male,4,3.93,2.4,96,7.1,4.3,1,1.2,4.4,No,In a Relationship,2.4,2.3,25,1,2.9,100,98
26,Male,1,3.59,2.1,93,7.8,4.1,1.7,2,3.7,No,Single,2.3,1.7,7,1,3.9,87,100
27,Male,2,3.76,1.6,83,7,2.5,0.8,1.3,5.2,Yes,In a Relationship,1.9,0.3,1,2,5.1,100,100
25,Male,2,3.08,3.2,79,7,7.3,4.2,3.3,1.7,No,In a Relationship,6.6,0.4,1,0,10.3,92,87
24,Male,2,3.73,4.1,85,7.1,5.6,3,1.2,4.7,No,Single,4.7,1.6,17,2,0.3,100,100
22,Male,3,3.58,4.6,83,6.8,9.8,6.5,2.2,4.1,No,Single,3.9,1.6,11,1,2.2,98,100
21,Female,4,3.84,3.9,85,5,4.3,1.7,3.6,5.3,No,In a Relationship,2.4,0.8,5,2,5.9,100,98
26,Male,3,4,2.5,89,6.1,4.1,1.5,3.8,2,No,Single,4.2,0,11,1,1.2,100,96
20,Female,2,3.11,4.1,82,7.3,8.3,5.1,2,0.6,No,Single,4.3,2,10,0,6.1,89,94
26,Female,2,3.9,3.7,89,6.7,7.8,4.4,1.7,1.7,No,In a Relationship,4.8,0,10,2,8.4,100,100
24,Female,2,4,4.9,100,6.8,7.9,3.4,2,0.9,No,In a Relationship,6.4,1.5,2,2,4,100,92
18,Female,1,4,4.7,100,6.6,3.7,1.1,3.6,1.9,Yes,Single,4.8,2.3,15,2,8.1,100,96
28,Female,3,3.32,3.5,84,6,9.1,5.4,1.6,2.3,Yes,Single,3.9,0,16,2,3.8,96,99
20,Female,1,3.24,2.2,93,6.4,7.9,2.7,1.7,1.2,No,In a Relationship,3.6,1.4,13,1,6,88,92
18,Female,3,3.68,2.5,90,6.6,5.9,2.2,0.4,3,No,In a Relationship,4.2,0.8,12,1,4.1,100,98
23,Female,2,3.48,2.7,90,7,8.9,4.5,0.5,0.6,No,Single,6.4,1.4,13,1,5.3,100,91
23,Male,4,3.33,3,87,7.5,5.1,2.8,2.2,2.9,No,Single,3.1,2.2,12,1,7,83,100
19,Male,3,4,3.9,100,6.8,3.2,1.1,0.3,2,No,Single,4,0,3,2,2.6,100,94
25,Female,3,3.91,4.6,100,5.8,5.7,2.9,1.9,2.8,No,In a Relationship,4.1,1,8,2,3.1,100,100
25,Female,1,3.11,3.4,93,5.3,4.5,1.6,1.1,3.8,No,Single,5.8,1,13,0,9.4,97,97
20,Male,1,4,3.5,100,10,4.3,0,0.7,2.2,No,In a Relationship,2.7,0,8,0,6.1,100,100
20,Male,2,3.49,3.7,96,5.6,3.6,1.5,0.4,1.4,No,In a Relationship,4.2,1.8,16,0,1.5,100,95
19,Male,4,3.8,2.7,100,6.4,4.9,2,4.6,1.7,Yes,In a Relationship,2.7,2.8,5,2,3.4,97,100
27,Female,1,4,2.1,93,7.6,5.4,1.1,2.2,5,No,Single,1.7,1.9,24,1,0,100,100
22,Male,3,3.15,0.9,87,7.4,7,3.7,0,5.6,No,In a Relationship,1.2,1.3,22,2,0.7,100,87
25,Female,1,3.52,2.5,74,7.6,4.6,1.6,4.7,2,Yes,Single,3.9,2.1,11,1,5.2,98,95
20,Female,4,3.53,4.2,96,6.5,6.8,3.5,1.7,2.7,No,Single,5.3,0.6,5,0,1.5,100,96
21,Male,4,4,2.4,96,7.3,2.6,1,0.6,0,No,In a Relationship,4.6,0.3,9,1,3.1,100,100
28,Female,2,3.75,3.1,91,7.1,5.8,4.2,1.2,2.6,No,In a Relationship,4.1,1.7,18,1,2.9,100,95
22,Male,2,3.95,4.2,100,6.6,2,0.9,3.6,0.1,Yes,Single,5.3,1.4,10,1,6,100,100
25,Male,2,3.84,4.3,100,7.3,3.2,0,0.6,2,Yes,In a Relationship,4.6,1.5,14,1,7.3,99,100
22,Male,4,3.37,1.9,90,8.3,8.8,4.7,1,5.2,Yes,Single,3.3,0.3,12,3,3.1,93,86
23,Male,1,4,5,93,7,5.4,1.5,2.2,0,Yes,Single,5.3,0,15,2,8,100,95
21,Female,1,3.98,5.2,98,7,9.8,5.4,1.2,1.2,No,Single,5.6,0.2,15,1,0.2,100,93
27,Male,3,3.25,1.8,83,8.3,8.3,3.6,3.3,1.2,No,In a Relationship,3.8,0.3,11,2,4.2,92,92
24,Male,1,3.4,2.3,80,8.2,7.2,4,0.5,0,Yes,Single,6,0,19,1,1.3,99,96
26,Female,4,4,5.3,100,8.9,7.3,4.4,0.6,4.7,No,Single,2.5,1.7,15,0,1.2,100,100
22,Female,2,3.49,3.3,71,4.9,7.8,3,1,3.6,No,Single,3.3,0,18,2,4.6,86,95
24,Female,3,2.95,0.5,63,8.1,5.2,3,1.2,6.6,No,Single,2.6,0,11,0,5.3,68,86
25,Male,3,3.2,1.4,86,7.7,6.3,4.7,2,1,No,Single,4.8,0.9,11,4,2.4,89,80
27,Female,2,3.43,3.1,89,5.9,5.6,3,1.2,0,No,In a Relationship,3.5,0.3,25,3,4.9,86,93
19,Male,4,3.59,1.8,81,7.3,4.2,1.7,0.6,4.9,No,Single,3.6,0,12,2,0.9,100,96
25,Male,3,3.32,2.9,97,8.3,6.8,3.7,2.2,2.3,Yes,Single,3.3,0,18,2,5.5,96,100
24,Female,1,3.97,3.5,100,6,2,0,0.5,2.1,No,Single,2.2,1.7,5,3,3.6,100,100
24,Female,4,3.95,5.7,100,7.5,8.2,4.8,2.6,6,Yes,In a Relationship,4.7,0.9,14,0,3.6,100,100
25,Male,2,3.44,3.1,73,8,7.1,4.8,0,3.3,Yes,In a Relationship,4,0,10,1,3.4,86,93
20,Female,1,4,5.1,100,5.7,9.1,4.6,1.8,4.8,No,In a Relationship,5.9,2.7,20,4,5.3,100,100
24,Male,1,3.75,5.6,95,6.8,6.1,4.5,1.4,1.8,No,In a Relationship,5.5,0.5,9,1,0,100,83
27,Male,1,4,5.7,100,7.4,5.5,2.7,2,1.5,No,Single,4,1.7,10,2,3.2,100,100
25,Male,1,3.76,3.9,99,6,5.2,2.6,2.2,2.3,Yes,Single,5.6,1.1,15,1,3,100,100
20,Female,1,2.75,0.6,87,5.9,4.3,1,1.5,4.3,No,Single,3.9,1.3,7,1,5.1,75,76
24,Male,2,3.83,4.2,96,6.8,9.5,5.4,4.2,3.1,Yes,In a Relationship,5.1,1.2,13,1,6.1,100,91
21,Male,3,4,5.1,100,8,5.4,2.1,2.3,3.9,No,In a Relationship,3.8,0,9,2,3.3,100,100
18,Male,3,3.63,3.4,86,7.8,6.1,3.3,3.9,0,No,Single,5.1,3.4,13,1,3,100,100
24,Female,2,4,6.1,95,6,7,3.2,1.9,0,Yes,Single,4.1,0.4,12,1,1,100,89
27,Male,2,4,4.8,100,7.8,4.8,0.8,0.7,0,Yes,Single,5.9,2,21,2,8.3,100,100
25,Female,2,3.33,4.4,100,6,3.5,0.2,0,2.2,Yes,Single,3.6,0.4,14,1,4.4,100,98
27,Female,1,3.87,5.1,100,5.1,6.3,2.8,2,0.2,No,In a Relationship,5.4,0.1,5,1,10.7,100,96
28,Female,2,4,4,100,6.6,5.9,2.1,2.3,6.4,Yes,Single,1.5,2.6,7,3,6.3,100,100
26,Female,1,2.83,0.5,69,8.3,3.7,2.7,0,3,No,Single,3.7,2.8,10,3,1.2,84,67
22,Female,3,3.06,2.8,93,7.8,7,4.4,1.6,3.4,No,Single,4.5,1.7,9,2,6.3,100,97
18,Male,3,4,5.3,100,7,6.6,3.1,0,0.8,No,In a Relationship,3.5,2,19,2,2.9,100,95
22,Female,1,3.14,2.3,92,6.5,6.6,3.9,2.6,0.8,Yes,In a Relationship,4.1,0,9,2,4.3,83,93
22,Male,1,3.75,3.2,87,6.5,6.2,3.5,2.4,6.1,No,In a Relationship,3,1.9,12,1,4.4,100,92
21,Female,2,3.45,1.9,82,7.1,5.7,2.3,0,6.6,No,Single,2.8,1.8,15,1,2,90,76
18,Female,2,3.81,6.2,100,5.7,4.8,1.3,0,3.8,Yes,In a Relationship,4,1.6,26,0,2.9,100,86
20,Male,2,3.93,6,92,6.6,6.8,3.2,0,0,No,In a Relationship,4.7,2.8,11,2,5.9,100,97
26,Male,4,3.26,2.2,82,6.7,4.9,2.9,2,2.1,No,In a Relationship,4.7,0,20,1,3.1,95,90
22,Female,1,3.37,3.7,75,5.4,5.5,4.2,2,3.6,No,In a Relationship,5.7,1,10,0,8.1,100,92
24,Female,1,3.13,2.5,84,6,6.6,2.6,2.6,2.5,Yes,In a Relationship,5,2.7,17,1,3.4,76,86
19,Male,3,4,4.4,98,7.5,4.5,2.4,0.1,0,Yes,Single,4.7,0.1,8,5,2.5,100,87
28,Female,1,4,4.3,100,7,4.5,2.5,0.9,6.7,No,Single,3.5,1.8,16,3,2.7,100,90
26,Male,2,4,4.7,100,6.6,3.3,1.4,0.5,1.3,No,In a Relationship,4.3,0.7,10,2,3.4,100,96
23,Female,3,3.35,4,88,5.9,9.4,5,0.3,0.3,No,In a Relationship,5.7,1.3,17,1,4,98,90
19,Female,1,4,7.9,100,8.9,7.8,4.5,0.3,2.9,No,Single,3.4,0.1,16,1,4.5,100,100
28,Male,2,3.55,2,85,6,4.4,1,0,5.4,No,Single,3.1,3.5,15,3,6.5,99,91
28,Male,3,2.86,0.9,83,7.3,7.8,4,2,4,No,Single,4.9,0.1,14,2,2.5,100,79
25,Male,1,3.29,2.9,85,6.4,2.9,0,3.4,0.4,No,Single,4.3,1.1,10,2,2.7,100,82
21,Female,4,2.77,1.1,61,7,8.5,4.3,2.6,0,No,Single,5.8,0.9,16,4,4.9,81,82
24,Female,2,2.91,1.3,66,7.5,3.4,1.8,1,0,No,In a Relationship,3.6,2.3,4,2,7.8,76,84
27,Male,2,3.07,2,66,5.4,5,3.3,1.4,2.4,No,Single,4.7,1.3,25,3,4.2,95,81
23,Female,2,3.9,2.1,89,7,1.6,0,2,2.1,Yes,In a Relationship,2.9,0,15,1,4.3,100,93
19,Female,3,3.87,2.1,78,8.4,4.5,1,1.7,4,No,Single,2.1,0.6,15,2,4.1,83,93
21,Male,4,3.93,4.3,98,9.1,7.1,3.5,0.3,1.6,No,Single,4.8,0,14,4,4.3,98,100
25,Female,4,3.65,2.7,93,6.8,4.1,1.7,2.1,4.9,No,Single,1.5,1.3,8,5,4.3,100,89
20,Female,4,3.59,3.2,77,7.1,4.2,1.5,2.2,4.3,No,Single,5.3,3,9,2,3.5,90,80
20,Female,3,4,4.8,100,9.7,9.4,4.9,0.3,1.5,Yes,In a Relationship,6.3,1,13,1,0.6,100,97
28,Female,3,3.81,2.4,93,8.4,8.3,6.1,1.7,3.8,Yes,In a Relationship,4.8,1.5,10,0,3.8,100,99
22,Female,2,3.62,3.1,100,6.3,7.6,4.2,1.2,5.7,No,In a Relationship,4.7,2.3,6,1,3.3,100,91
28,Female,2,3.78,4,100,6.3,3.4,1.2,2.1,1.1,No,In a Relationship,4.9,0.5,12,3,7.9,100,100
27,Male,3,2.57,0.6,89,8.1,9.7,5.4,0.6,2.6,No,Single,4,2.3,14,1,5.4,89,73
18,Male,3,2.7,0.5,76,5.8,4.3,0.5,4,2.5,No,In a Relationship,4.2,3.1,12,2,5.9,85,80
21,Female,1,3.81,4,100,8.3,3.6,2.3,0,2.3,No,Single,4.9,0,17,1,4.8,100,97
21,Female,2,4,4.2,96,7.4,5.6,2.9,3.9,4.6,No,Single,1.8,2.3,13,2,2.6,100,100
19,Female,2,4,6.6,100,7.6,6.2,5.7,0.4,4.8,Yes,In a Relationship,3.2,0,20,2,1.9,100,100
22,Male,1,3.37,3.7,92,6.7,8.3,4.2,2.2,3.8,No,In a Relationship,5.3,0.4,24,1,3.7,100,90
19,Female,2,4,4.7,88,6.2,7.6,2.1,0.1,3.7,No,Single,3.7,2.3,11,2,1.5,100,91
19,Male,3,3.49,3.2,85,8.8,1.8,1.4,0.5,1.9,No,In a Relationship,2.7,1.5,6,1,8.2,99,92
23,Female,4,3.81,3.9,100,6.7,5.6,4.3,0.3,3.7,No,Single,4.3,0.7,6,2,1.7,100,88
21,Female,2,4,6,100,6.5,5.2,2,0.8,0.4,Yes,In a Relationship,3.3,3.4,12,2,7.1,100,90
22,Female,4,2.88,0.5,82,6.9,6.1,3.1,0.3,8,No,Single,2.8,0.9,16,0,3.6,82,78
28,Female,1,4,4.1,97,7.2,3.2,0.7,4.3,5.7,Yes,Single,1.3,2.3,10,4,2.6,100,95
20,Female,3,4,6.7,100,5.8,4.6,3.7,2.8,4.9,Yes,In a Relationship,5.8,0.9,12,1,5.9,100,100
26,Female,3,3.69,3.9,92,6.3,6.9,3.5,1.1,3.8,Yes,Single,4.6,1.7,9,1,4.6,100,100
28,Male,3,4,6,100,6.3,5,0.9,2.8,3.8,Yes,In a Relationship,3.5,1.7,10,3,2.1,100,100
21,Female,1,3.67,2.6,97,8,10.7,4.3,4.4,0,No,Single,5.6,1.3,13,1,3.5,100,97
27,Female,3,3.49,3.5,91,5.9,8.2,3.6,2.9,0.5,No,In a Relationship,8.1,0,17,0,4.2,95,90
18,Male,3,3.35,3.6,92,4.9,5.3,3.9,3.5,0.7,No,Single,4.7,1.5,17,2,3.6,94,95
23,Male,1,1.94,0.5,67,4.6,5.2,2.2,3.1,3.1,No,In a Relationship,2.8,0.6,1,3,3.9,66,70
23,Female,4,3.35,1.7,88,5.2,6.8,3.1,3.4,2.4,No,In a Relationship,4.9,0.7,15,3,2.3,94,84
19,Male,1,4,1.9,96,8.6,5.1,2.9,2.8,4.6,Yes,Single,1.4,1.8,15,1,5.6,100,95
24,Female,1,3.65,4.7,95,7,6.5,2.6,0.2,1.1,No,Single,4,1.7,12,5,0,100,92
23,Male,1,4,4.8,100,7.6,6.9,3.1,3.5,5.1,Yes,Single,4.4,0.4,10,2,5.4,100,100
18,Female,4,3.69,4,86,7.6,9.2,4.7,1.6,1.4,No,In a Relationship,6.5,1.4,15,4,4.7,100,95
23,Female,4,3.61,4.7,100,7.1,8.4,4.4,1.9,2.2,No,In a Relationship,3.3,1.2,13,0,3.9,100,100
26,Female,2,3.81,3.3,92,6.9,4.3,1,0,4.8,Yes,In a Relationship,2.1,0.3,11,3,3.6,97,94
25,Male,1,4,5.3,99,8.3,6.5,4.3,0.5,4,Yes,In a Relationship,4.4,0.4,23,1,5.8,100,100
25,Female,4,3.21,3.5,73,7.2,6,4.6,3.1,0.5,Yes,In a Relationship,6,0.4,15,4,6.2,100,88
18,Male,3,4,3.6,100,8.7,5.9,2.6,2.8,5.1,No,In a Relationship,3.8,1.2,9,1,4.7,99,91
25,Male,1,3.49,3.1,91,7.7,6.1,3.6,2.5,3.2,Yes,Single,5.6,0.9,16,2,1.8,100,96
28,Female,2,3.65,4.5,99,6.3,6.1,3.5,0,0,No,Single,5.9,1.4,14,0,4.8,100,93
25,Male,3,4,2.9,97,6.4,5.8,1.5,1.8,1.3,Yes,In a Relationship,4,0.3,14,2,3.3,98,100
25,Female,1,4,5,97,6.1,6.8,2.2,1.4,2.2,Yes,Single,5.4,1,16,0,6.2,100,100
27,Female,4,3.01,1.8,74,8.5,5.4,3.9,2.4,0.7,No,Single,4.5,1.1,10,5,4.2,96,81
21,Male,3,3.7,1.9,86,6.5,4.8,2.1,1.3,5.7,Yes,In a Relationship,3.7,1.5,13,1,6.5,100,92
19,Female,3,3.76,4.5,100,6,6.8,4.3,0.5,2.3,No,Single,4.7,2.7,8,0,4.3,100,100
18,Female,2,3.7,3.4,93,7.4,8.2,4.8,0.7,3.9,No,Single,4.7,2.3,16,3,6.9,100,98
23,Male,2,3.86,2.8,97,6.9,4.8,4.5,0,3.4,Yes,Single,3.1,1.1,12,4,3.1,100,91
18,Female,1,3.89,4.8,100,7.4,7,5.8,1.1,4.4,Yes,In a Relationship,5.9,0,8,3,2.5,100,100
23,Female,2,4,2.6,95,9.3,5.6,2.7,1.3,6.3,Yes,Single,1.6,0.7,12,1,4.6,100,90
20,Male,2,4,3.2,99,8.1,7,3.1,0,4.4,No,Single,2.6,2.1,13,2,4.1,100,100
21,Male,4,4,5.6,100,7,6.4,3.3,0.8,6.5,Yes,In a Relationship,1.2,1.1,17,3,3.6,98,100
18,Male,1,4,5.8,96,5.3,6.5,2.7,4.9,4.4,No,Single,3.5,0,18,1,6.8,100,96
21,Female,1,3.93,5.9,100,6.4,6.8,3.6,0.4,3.3,No,In a Relationship,3.6,1,17,4,3.2,100,100
25,Female,1,4,3.1,100,7.9,4.7,0.2,2.8,3.6,No,In a Relationship,2.8,0.7,15,2,2.3,100,95
19,Male,2,4,5.3,95,5.6,7.9,3.1,1.5,0,No,In a Relationship,4,2.5,16,1,4.3,100,98
27,Male,3,3.89,2.1,81,9.6,2.8,0.7,1.8,2.1,No,Single,2.1,0.6,11,2,2.1,100,90
22,Male,1,3.54,2.1,80,7,5.5,1.4,2.7,2.7,No,In a Relationship,2.9,1.6,7,2,3.4,100,99
27,Male,3,3.24,0.5,81,7.1,7.5,3.9,0,3.9,No,In a Relationship,2.5,1.9,9,3,4.3,80,92
22,Female,3,4,6,100,6.2,8.5,2.5,2.3,2.9,Yes,In a Relationship,4.5,0,12,5,7.4,100,97
25,Male,3,3.7,2.2,82,7.6,5.8,3.8,0.2,3.7,No,In a Relationship,3.9,0.5,11,2,1.4,95,91
22,Male,3,3.5,3.3,82,5.6,5.4,2.5,2.4,0.4,Yes,In a Relationship,5,0.8,11,1,4.9,99,99
22,Male,1,3.32,2.1,87,9.6,6.3,4.5,2,0,No,In a Relationship,5.3,1.3,13,2,4.9,99,96
18,Male,3,4,4.5,100,8.6,4.2,2.4,0,0.6,Yes,Single,3.8,0.6,17,0,2.9,100,91
19,Male,2,3.87,2.9,100,8.2,3.5,0,3.5,6.1,No,Single,1.6,0,13,1,6.6,100,99
27,Female,3,2.71,1.5,95,5.3,6.3,3.1,2.5,0.5,Yes,In a Relationship,6.2,0.2,10,3,5.8,96,73
27,Male,1,4,4.2,100,7.2,3.6,0,1.7,1.4,No,In a Relationship,2.9,2.1,6,0,2.6,100,100
28,Female,3,3.83,1.3,79,8.5,4.2,0.6,4.4,3.2,No,In a Relationship,2.1,3.3,11,0,2,100,100
27,Male,3,3.43,2.2,77,7.7,4.2,1.5,0.5,0,Yes,Single,4.6,1.5,2,2,6.4,100,83
27,Male,2,3.04,0.5,68,5.8,4,1.3,1.2,1.3,Yes,Single,3.4,2.3,17,0,2.1,85,94
27,Male,1,3.2,1.4,75,6.2,3.8,2,2.9,4.4,No,Single,4.9,1.6,12,2,3.8,80,78
28,Male,4,3.56,3.8,100,6.5,3.4,1.2,2.7,2.1,Yes,Single,3.9,1.9,21,3,5.5,100,97
19,Male,3,3.01,0.6,70,6.3,3.6,0.7,2.2,6.4,No,In a Relationship,4.4,1.9,19,1,4.6,94,86
20,Male,3,2.86,1.3,69,8.8,8.3,5.1,0.4,0,No,Single,4.9,1.9,15,2,2.5,76,74
18,Female,4,3.6,3.5,95,4.7,5.7,1.8,2,2.3,Yes,Single,5.6,1.6,9,0,6.1,100,92
25,Female,3,4,2.7,90,7.8,3.7,0,5.3,2.1,No,Single,1.2,1.3,10,2,5.7,100,100
26,Male,2,4,6.5,100,5.4,7.2,2.3,3,3,No,In a Relationship,5.7,0.8,20,3,4.9,100,86
23,Male,2,4,6.3,100,5.8,2.9,1.1,2.4,0.5,Yes,Single,5,1.7,14,2,2.1,100,100
28,Male,3,2.96,2.2,78,4.6,4.2,1.5,5.9,1.8,No,In a Relationship,4,1.5,5,0,5.8,92,86
26,Female,1,4,4.3,90,6.3,5.8,3.9,3,4.6,No,Single,5.3,0.3,10,6,7.5,100,88
23,Male,1,4,4.6,100,8.8,6.6,2.1,2.3,2.5,Yes,In a Relationship,2,2.4,19,6,2.9,100,92
24,Male,4,3.95,2.6,89,7.3,3.5,1.1,1.1,0.9,No,In a Relationship,3.2,2.2,18,1,1.8,100,100
23,Female,1,2.71,1.3,64,5.6,7.9,3.5,0.9,7.2,Yes,In a Relationship,3.1,1.4,14,1,3.4,72,85
24,Male,3,3.63,3.5,81,8.2,9.2,4.5,0,3.1,Yes,Single,5.2,2.4,19,1,4.1,100,96
23,Male,1,3.89,3.2,90,8.5,7.1,3.6,1.4,4.2,Yes,Single,4.9,1.9,6,1,1.9,92,92
20,Male,3,3.31,2.8,82,7.1,3.4,0,0.8,4.5,No,In a Relationship,2.2,0.8,9,4,0.4,100,90
23,Female,2,4,4.2,100,9.4,4.1,1.1,1.3,2.9,No,Single,1.3,0,11,0,0,100,100
28,Male,3,3.93,2.4,89,8,5.5,2.9,1.8,1.4,Yes,Single,3.1,0,9,1,0.8,100,99
20,Female,3,3.89,1.8,74,7.8,4.9,2.4,0.8,3.4,No,Single,3.6,2.5,16,1,2.5,100,100
21,Male,1,3.58,3.7,100,6,5.1,2.3,2.7,1.6,No,Single,4.5,1.2,16,0,1,100,100
24,Male,3,4,4.1,100,7.8,6.5,1.3,1.3,3.7,No,Single,2.7,0.8,15,0,3.2,100,94
24,Female,1,3.12,1.7,94,7.3,2.4,0.7,0.9,2.7,No,Single,2.4,0.5,7,4,4,99,87
21,Female,2,3.76,4.9,100,7.6,9,5.8,2.5,5.1,Yes,Single,6.3,1.3,21,3,8.4,100,100
21,Male,3,2.67,0.8,76,6.2,6.7,2.8,1.6,0.7,No,Single,4.2,2.1,14,2,6.7,97,84
28,Female,2,3.63,2.6,87,7.2,6.5,3.8,0.1,4.4,No,Single,3.3,0.4,4,2,6.3,96,100
22,Male,4,3.96,3.1,91,6,6.3,2.8,0,4.2,Yes,In a Relationship,5.3,1.3,6,0,3.8,100,100
24,Female,2,2.75,2.5,76,4.4,4.1,2.9,1,2.5,No,In a Relationship,4.8,3.9,8,3,4.4,96,87
21,Female,2,4,2.7,90,8.2,7.3,2.7,3.6,4.5,Yes,Single,3.8,3,20,4,2.2,96,100
25,Female,2,4,6.3,100,5.2,5.5,1.1,2.2,3.8,Yes,In a Relationship,3,0,8,2,3.1,100,96
20,Female,4,3.63,2.2,94,7.1,3.4,0.5,2.3,4.3,Yes,In a Relationship,3.4,0,7,3,4.1,100,96
24,Female,1,4,7.2,100,7.4,5.3,3.4,1.2,4.2,Yes,Single,4.7,3,17,0,7.5,100,95
18,Male,1,4,4.2,100,7.4,7.1,3.1,2,3.1,No,In a Relationship,2.9,2.1,16,4,1.3,94,100
21,Female,4,3.91,3.6,99,6.7,5.8,4.2,2.6,1.8,No,Single,4.4,1.3,9,1,4.6,100,86
28,Male,2,3.94,4.2,91,7.3,5.7,3.9,1.3,1.8,No,Single,3.7,1.7,15,1,5.8,97,97
20,Male,2,4,7.3,100,7.6,4.5,1.6,0,2.6,Yes,Single,2.9,0.9,11,1,1.4,100,100
21,Male,4,3.3,2,66,7.9,9.3,4.5,0.5,4.7,No,Single,5.7,0.5,15,3,2.5,74,80
20,Female,2,3.06,1.8,84,9.1,7.7,3.9,0.5,4.3,No,Single,3.8,1.9,10,0,4.7,100,100
20,Male,1,3,2.4,72,7.3,6,3.8,4.8,5,Yes,In a Relationship,5.9,1.1,15,0,7.2,82,78
20,Female,3,3.3,3.5,82,7.1,7.2,6.2,1.9,5.2,No,Single,6.4,2.1,12,2,4.4,90,81
20,Female,3,2.4,0.9,66,5.9,8.9,5.9,1.2,2.6,No,Single,6.9,0.7,9,2,3.2,72,89
28,Female,3,3.6,3.5,87,7.5,7.1,3.8,0,6.9,No,In a Relationship,5,1.9,17,3,3.2,96,91
25,Female,2,4,6,100,7.8,6.5,3.6,2.6,2.8,Yes,In a Relationship,5.3,1.5,12,3,5.5,100,95
26,Male,1,3.51,3.7,94,6.8,9.6,4.4,2.1,2,Yes,In a Relationship,6.7,0,17,3,3.4,98,85
18,Male,1,3.65,3.1,93,7.7,4.7,1.9,1.7,3.7,Yes,Single,3.9,2.7,15,3,5.5,100,100
19,Female,2,3.69,2.6,89,6.6,2.2,1.9,2.1,4,Yes,Single,4.3,0,12,0,5.6,95,100
25,Female,2,4,4.8,87,7.8,6.3,3.8,0,1.5,Yes,In a Relationship,5.1,2.5,18,2,5.5,100,94
20,Male,2,3.77,2.3,88,8.1,5,1.5,1.5,2.7,Yes,In a Relationship,2.8,1.7,13,1,5,100,100
19,Female,3,4,6.3,95,8.1,7.2,3.7,1.6,2.1,Yes,In a Relationship,5.1,1.8,14,3,4.5,100,96
26,Female,1,4,6.4,100,7.1,5.8,3,2.5,3.3,Yes,In a Relationship,5.3,0.7,11,2,3.6,100,94
25,Male,1,3.88,3.9,100,5.8,4.1,1.5,2.8,4.6,Yes,Single,3,0.8,10,2,8,100,100
21,Male,4,3.62,3.5,99,6.3,3.4,2.8,0,2.5,Yes,In a Relationship,3.6,1.2,13,3,1.6,91,94
22,Male,1,3.42,5,89,7.7,7.9,4.8,1.2,4.1,No,Single,3.9,0,8,0,4.5,97,92
23,Male,4,4,5.1,100,9.9,5.5,2.9,2.7,0.2,No,In a Relationship,5,1.8,13,2,6.2,100,100
27,Male,4,3.74,2.3,82,6.6,6.2,2.9,3.7,4.8,Yes,In a Relationship,3.7,0.8,13,0,6.4,100,94
18,Male,4,3.71,2.7,91,7.5,6.9,3.3,0.1,2.1,No,In a Relationship,3.2,0,7,0,9.1,100,88
23,Male,4,3.16,1.5,83,6.3,8,3.5,1.4,2.1,No,In a Relationship,3.7,3.1,18,1,9.7,76,90
23,Male,3,3.98,4.1,100,5.8,4.2,2.3,2.4,3.8,Yes,Single,3.2,1.5,19,1,0.1,100,84
25,Female,1,3.55,4.5,90,6.2,4.7,3.3,2.3,3.9,Yes,Single,3.7,1.5,19,1,4.4,100,94
27,Female,3,3.44,1.5,79,4.5,3.5,1.2,0,2.8,Yes,Single,2.9,0.5,11,1,3.2,97,92
28,Male,4,4,2.8,79,8.6,3.7,1.6,0.1,1.2,Yes,In a Relationship,4,1.5,13,3,2.9,100,89
28,Male,1,2.85,1.5,79,4.3,3.8,1.8,0,2,No,In a Relationship,4.6,1.9,10,1,1.5,93,90
20,Male,3,3.32,2.2,86,6.7,8.2,3.5,0.9,3.2,Yes,In a Relationship,4.9,0,16,0,2.5,97,86
23,Female,3,3.71,4.3,95,5.6,6.2,3,0.4,4,Yes,In a Relationship,2.1,1.8,11,3,4.2,99,96
21,Female,2,3.37,2.4,89,5.9,8,2.6,0,1.4,Yes,In a Relationship,5.8,0.1,13,2,3.9,95,89
20,Female,4,3.77,3,84,8.7,6.8,3.8,2.1,1.7,Yes,Single,4.1,0,14,0,4.9,100,100
26,Female,3,2.81,1.1,65,7.2,5,3.4,1.1,3.5,No,In a Relationship,4.6,0.3,7,1,4.8,76,71
27,Male,2,3.74,3.8,86,5.8,4.4,2.4,2.3,2.8,Yes,In a Relationship,5.9,3.3,12,0,7.4,100,94
22,Male,2,3.6,3.4,97,6.3,5.4,1.2,2,3.3,Yes,Single,4,2,17,1,1,100,91
24,Male,2,3.72,2.4,96,6.1,3.2,1.6,2.6,0,Yes,In a Relationship,6.6,1.2,30,1,4.4,100,100
23,Male,1,4,3.2,88,6.9,4.3,0.6,1.1,2.4,No,In a Relationship,1.5,2.9,3,1,1.6,100,97
23,Male,1,3.41,3.8,90,7.2,5.6,3,1.5,4.7,No,Single,3.4,0.3,9,1,4,100,84
18,Male,4,3.89,2.3,93,9.3,3.4,1.5,1.3,1.8,No,Single,1.2,0.2,9,2,1.1,99,94
23,Male,1,3.39,1.3,100,4.7,6.8,2.1,2.7,4,No,Single,4.7,0.3,6,3,0,92,100
21,Female,4,4,6.2,100,7,4.9,2.6,2.4,0.6,No,In a Relationship,4.5,3.1,22,2,6.9,100,100
24,Female,4,3.43,2.6,90,6.6,6.4,4.4,2.1,0,Yes,In a Relationship,4.4,2.1,12,1,3.2,100,87
28,Male,4,3.51,3.4,90,8.1,7.1,4.2,0,3.8,Yes,In a Relationship,6.3,0.4,11,1,6.7,100,89
23,Male,4,3.9,5,100,7.4,5.1,2.7,4.1,2.9,No,Single,3.6,0.5,15,0,4.8,100,100
21,Female,3,4,8.8,100,7.7,10.4,4.7,0.9,2.3,No,In a Relationship,2.5,1.5,9,1,5.1,100,89
25,Male,2,3.42,1.6,84,7.4,4.3,0,1.1,4.7,Yes,Single,3.2,0.1,16,0,4.4,95,96
18,Male,4,3.63,4.2,97,5.9,7.9,5.6,3.7,2.4,Yes,Single,6.4,1,9,3,5.8,97,97
25,Female,4,3.53,2.4,79,8.5,6.2,3.8,1.6,1.7,No,In a Relationship,3.7,0.2,19,3,3.9,93,84
25,Female,2,3.3,2.7,90,8,3.6,3,1,1.5,Yes,In a Relationship,4.9,1.1,13,0,5.7,100,94
28,Female,1,3.46,2.4,83,8.1,4.7,1.5,2.4,1.1,No,Single,2.6,2,19,2,5.5,90,85
22,Male,2,3.51,1.8,82,8.5,4.2,2.1,0.2,3.9,Yes,In a Relationship,2.7,2.9,15,0,5.5,93,80
18,Male,2,3.83,3.4,79,7.5,6.8,3.7,0,2.4,No,In a Relationship,4.8,0,1,2,6,100,92
21,Male,4,3.16,1.3,98,8.8,4.3,3.7,0.5,5.3,Yes,In a Relationship,4.3,1.8,6,5,3.2,79,89
27,Female,4,4,4.9,100,7.5,6.8,3.8,3.8,0,No,In a Relationship,4.7,1.9,20,0,4,100,100
18,Male,1,3.79,3.6,93,6.7,6.7,1.7,0.4,4.8,No,Single,2.9,1,10,1,2.5,100,89
25,Female,3,3.87,4.1,100,7,4.5,1.4,1,3.7,Yes,In a Relationship,3.3,0.6,3,3,3.9,100,85
20,Male,4,3.43,2.8,87,7,5.2,3.1,1.7,2.8,No,Single,2.2,0.6,10,1,4.7,97,81
19,Female,2,3.51,2.9,89,6.4,7,4,2.2,0.4,No,In a Relationship,5,0,10,2,1.1,92,93
19,Female,3,4,3.9,100,9,5.7,2.8,2,0,No,Single,2,2,18,3,2.4,100,93
27,Male,1,3.01,1.8,89,7.4,10.6,5,0.3,4.5,Yes,In a Relationship,3.7,0.4,8,2,3.3,87,79
28,Female,2,3.55,3,80,7.1,5.4,2.8,3.5,3.5,No,Single,2.5,0,11,3,4.2,96,89
20,Male,4,3.17,2.2,85,7.5,4.4,2.8,1.4,3.4,Yes,Single,4.3,1.5,18,1,3.1,96,85
20,Female,1,4,2.2,98,10,6.8,3.8,3,2.8,No,In a Relationship,2.7,1.5,10,3,1.7,98,100
28,Female,1,2.2,0.5,57,5.6,7.8,4.6,0,4.7,Yes,Single,6.2,2,8,1,3,61,79
21,Male,4,4,5.5,100,6,4.5,0.8,2.1,1.8,Yes,In a Relationship,2,3,14,4,6.8,100,97
23,Male,1,3.22,2.5,84,5.3,5,1.1,2.3,2.3,Yes,Single,3.9,1.2,16,2,2.1,96,88
18,Female,3,4,5.2,100,6.7,7.6,2.3,0.5,2.6,Yes,In a Relationship,4.1,0.9,12,0,1.5,99,100
28,Male,2,4,5.1,100,7.3,9.8,7.5,2.4,2.6,No,Single,6.4,0.8,15,1,6.4,97,100
27,Female,4,3.13,1.6,88,6.4,4.6,2.4,0,5.7,No,Single,5.7,0.9,9,0,4,84,100
23,Male,3,3.07,1.9,82,6.4,3.4,2.6,0.2,0.5,No,In a Relationship,2.7,0.5,2,1,4.8,100,88
26,Male,3,4,7.3,100,7.2,7.5,3.7,2.4,0,No,Single,4.2,0.8,16,1,0.4,100,98
25,Male,2,4,6.1,100,6.4,6.2,4.3,0,0.1,No,Single,7.5,0.5,7,3,4.9,100,91
26,Female,1,3.71,3.5,85,7.4,7.2,3.1,2.4,4.4,No,Single,2.8,0.2,9,7,3,100,100
24,Female,4,3.42,3.9,89,8.3,6.9,4.5,0.1,2.8,Yes,In a Relationship,4.8,2.9,13,1,4.1,88,95
27,Female,3,4,2.6,97,7.8,6.1,1,2.5,0,Yes,Single,2.7,2.6,17,1,3.6,89,95
24,Male,2,4,4.1,90,8.1,3,1.7,0,3.2,Yes,In a Relationship,1.8,0,12,1,5.2,100,100
22,Male,3,3.28,2.4,80,8.3,8.7,4.5,1.1,2.4,Yes,In a Relationship,3.6,1.5,9,1,7.8,94,85
22,Female,3,2.82,0.5,80,7.3,6.9,2.8,2.2,4.1,No,In a Relationship,5.7,1.1,19,1,2.1,100,79
19,Male,2,3.52,1.5,88,6.8,4.5,0.9,3.9,4.6,No,In a Relationship,1.9,1.3,10,2,6.5,100,96
28,Male,2,3.92,3.5,89,6.1,2.5,0.8,0.5,8,No,Single,2.3,0,11,1,5.4,100,100
21,Female,4,2.99,1.8,75,6.5,5.2,1.6,0,0.6,Yes,In a Relationship,4,0,4,2,1.4,90,95
21,Male,3,3.74,3.4,100,6.4,6,2.8,0,0,Yes,Single,5.8,1.1,13,1,1.8,100,82
22,Male,3,3.4,1.9,85,7.9,4.3,3.5,2.3,4.2,No,Single,4.9,0.8,19,1,4.4,87,94
24,Female,1,3.5,2.3,80,7.4,7.2,2.3,4,5,No,In a Relationship,3.4,0.7,5,3,0.8,90,91
22,Female,1,4,4.8,100,7.8,6,3.4,0.6,0.4,No,Single,1.4,1,8,2,3.7,100,100
26,Male,2,4,3.9,100,5.6,6.9,2.1,2.7,0.5,No,Single,3.9,1.8,12,1,4.2,100,100
26,Male,4,3.48,3.5,86,8.7,7.5,4.6,1.6,3.7,Yes,Single,2.9,2.1,15,2,2.9,100,90
28,Male,4,3.49,4.8,86,6.5,10.8,6.6,2.1,6.4,Yes,In a Relationship,6.2,0.2,14,1,4.2,98,75
23,Male,3,3.84,4.2,98,5.7,4.2,2.2,1.2,1.2,Yes,Single,3.7,0.3,12,2,3.8,100,100
24,Female,4,3.77,5.7,95,6.5,6.8,3.5,0.1,3.2,No,Single,6.2,1.4,9,2,3.8,100,100
28,Female,4,3.91,2.8,87,10,6.6,3.4,3.2,0,No,In a Relationship,4.3,2.4,19,4,5.1,94,100
21,Male,3,3.48,2.9,84,6.5,5.6,3,0.9,2.6,No,Single,5.5,1,1,2,2.5,92,90
22,Male,1,3.08,1.5,55,6.6,5.8,3.8,0.5,2.8,Yes,In a Relationship,6.9,1.3,18,0,3.9,77,72
25,Female,2,3.35,2.9,88,6.8,2.8,3.5,1.8,5.9,No,Single,2.9,0,22,0,0.8,92,92
26,Male,4,4,4.9,100,6.8,4.1,2.1,1.3,1.6,Yes,In a Relationship,2.5,0,16,1,1.3,100,98
19,Male,2,4,5.4,100,6.1,8.6,4.8,4.2,4.4,No,Single,5.1,3.5,9,1,3.3,100,100
22,Male,2,3.94,4.9,100,7.2,4.4,3.1,1.6,1.5,No,In a Relationship,5.4,1.5,13,1,3.1,100,96
23,Male,1,3.45,0.8,70,8.3,3.8,2.2,1.5,3.2,No,In a Relationship,2.7,0.2,6,1,5.7,89,99
26,Male,4,3.74,5.1,94,7.4,7.8,6.5,2.8,7.2,Yes,Single,4.6,0,7,0,2.5,97,95
21,Female,1,3.22,0.7,86,5.7,5.9,2.6,1.6,6.6,Yes,Single,4.9,2.6,15,0,1.4,94,80
25,Female,3,3.81,4.8,100,6.6,5.1,3.2,2.3,6.9,Yes,Single,4.7,0.3,15,1,7.3,100,96
18,Female,1,3.9,2.9,95,6.3,7.6,3.1,2,3.8,No,In a Relationship,3.7,0.3,14,5,3.6,100,98
24,Male,4,3.95,4.6,97,7.1,6.5,2.6,2.8,2.6,No,Single,4.3,0.5,6,3,3.8,100,96
26,Male,1,3.06,1.5,79,8.6,6.7,3.5,2.9,3.6,Yes,In a Relationship,2.7,1.3,24,7,3,90,84
23,Male,1,4,5.3,100,6.8,4.9,1.5,0.4,3.9,Yes,In a Relationship,2,1.8,15,6,6.7,100,100
22,Male,2,3.11,1.3,83,6.9,5.8,3.7,0.1,3.8,No,Single,5.7,0.9,11,2,5.9,87,87
20,Female,2,4,2.5,92,9.1,2.3,0.2,0,1.6,No,Single,1,0.2,12,1,4.9,94,100
18,Female,1,3.46,2,93,8.1,4.8,0.9,2,1.5,No,In a Relationship,3.4,3.5,9,1,5.6,96,98
20,Male,2,2.73,0.9,71,7.7,9.6,5.5,3.4,1.8,No,Single,4.8,0.7,8,5,5,90,79
22,Female,3,3.97,3.6,92,9.3,4.7,0.9,0,5.1,No,In a Relationship,2.6,1.2,24,1,2.5,100,89
27,Male,3,4,6.2,100,7.6,2.4,0,3.9,5.4,Yes,Single,1.6,0,8,0,2.9,100,100
25,Male,4,4,7.5,100,4.6,3.5,1,2.7,9.4,No,Single,4.1,1.8,9,2,8,100,100
24,Female,3,3.65,3.6,90,8,7.3,5.4,0,3.9,Yes,Single,4.4,2.3,10,1,2.7,100,90
21,Female,2,3.92,5.2,100,5.1,4,0.1,1,1.4,No,Single,5.4,0.3,8,2,6,100,96
21,Female,2,4,3.8,100,7.5,2,1.4,0.3,2,No,Single,3.8,0,12,1,2.3,100,100
21,Female,4,3.57,4.2,100,4.9,1,0.6,3.1,2.7,No,Single,2.9,0.8,10,1,5.9,100,100
18,Female,1,3.72,3,78,6.4,3,2.4,2.5,6,No,Single,4.1,3.1,11,2,1.1,100,100
24,Male,1,3.78,3.8,93,6.6,2.5,2.1,1.1,4.5,No,Single,4,0.6,10,0,3.4,100,100
28,Male,1,4,4.3,100,6.1,6.7,2.1,1.5,0.3,Yes,Single,4.5,3.7,11,2,1,100,100
20,Male,2,3.37,2.6,82,6.6,9.5,5.6,2.5,2.9,No,Single,4.6,0.6,4,3,4.4,88,86
22,Male,4,4,3.4,100,8.2,2.6,1,1.2,0.1,No,Single,4.4,0,10,1,3.5,100,100
19,Female,4,3.69,3.4,90,6.1,5.5,2.6,0.4,4.2,Yes,Single,3.1,0.7,11,3,1,91,100
21,Male,2,4,4.7,100,7.7,8.1,3.3,1.4,1.6,No,Single,3.4,0,11,3,4.2,100,100
22,Female,1,2.63,1.9,82,5.8,4.9,1.3,1.9,1.8,No,Single,4.7,0.5,11,0,0.5,74,76
28,Female,1,3.69,3.4,97,6.8,9,3.5,0.1,0,No,In a Relationship,4.8,1.6,17,6,3,100,83
26,Female,2,4,6.4,100,7.4,5.1,2.2,1.1,4.5,Yes,In a Relationship,1.4,0.7,9,0,2.7,100,99
20,Male,4,3.93,5.2,100,5.8,5.6,3.4,1.4,5.4,No,In a Relationship,3.3,2.3,17,4,2.3,100,93
19,Male,2,4,5.5,100,5.4,4.3,2.6,1.5,1.6,Yes,In a Relationship,5.2,0.7,22,0,3.1,100,100
19,Female,4,3.35,3.5,95,7.6,3,0,3.1,2.7,Yes,In a Relationship,2.5,0,9,1,3.6,100,90
22,Female,4,3.47,4,99,8.3,8.9,4.8,2.2,2,No,Single,4.5,1.3,14,1,5.5,100,100
23,Female,4,3.65,5,100,6.9,9,5.9,2.1,2.6,Yes,Single,5.7,1.1,13,2,3.1,100,100
25,Female,3,4,5.8,92,6.5,5.1,2.5,0.1,1.4,No,Single,4.9,1.2,12,1,4.1,100,86
23,Female,1,3.01,0.6,76,7.2,6,1.5,0.9,0.8,No,Single,4,0,4,1,2.8,89,86
18,Female,4,3.06,1.5,86,7.1,8.7,5.1,1.9,5.7,No,In a Relationship,1.1,1.5,16,0,8.6,91,91
23,Female,4,3.98,5.5,100,7.3,8.5,5.6,1.4,0,No,Single,5.6,2.6,10,0,1.8,100,100
25,Female,2,3.64,3.1,90,4,4.6,2.5,2.6,4,No,In a Relationship,4.3,0,18,3,5,100,79
19,Female,2,3.38,2.5,94,5.7,5.2,2.5,2.4,3.6,No,In a Relationship,4.3,0,12,1,1,97,100
24,Female,1,3.12,1.6,77,6,6.3,2.7,0,6.3,No,In a Relationship,4.8,0,18,2,2.5,86,83
19,Female,1,4,2.7,97,7.2,2.4,0.3,1.8,2.5,No,In a Relationship,2,1.2,15,0,1.7,100,87
18,Male,1,2.61,1.4,81,7.2,3.9,2.4,2.1,2.3,No,Single,4.1,0,16,0,4.3,78,83
21,Female,1,3.97,6.6,100,7.8,7.8,5.4,0,1.4,No,Single,5.6,1.5,15,0,4.2,100,99
27,Male,1,3.83,3.5,100,7.3,5.4,2.5,2,3.7,No,Single,3.4,1.6,11,4,6.6,100,95
20,Male,4,4,3.4,100,5.4,5.8,1.2,5.1,1.6,No,Single,3,1.6,10,0,2.9,100,100
25,Female,1,4,4.4,98,8.7,5.1,3.5,0.8,0.7,No,In a Relationship,3,3.8,14,1,3,100,100
25,Female,1,4,4.9,100,8.5,5.1,1.8,0.9,1.5,Yes,In a Relationship,3.4,0,15,3,5.9,100,92
19,Male,3,3.92,4.9,100,5.5,5.4,2.7,1.8,1.1,No,Single,4.3,0,12,2,3.2,100,100
20,Female,1,4,5.1,100,7.4,3.6,0.9,2.8,1,No,In a Relationship,1.6,2.5,16,3,3.5,100,100
21,Male,4,3.64,2.6,87,6.3,6,1.2,2.7,3.2,No,Single,2.8,1.7,8,1,4.5,95,99
22,Female,4,3.85,3.1,94,7.2,7,3.9,0.4,2.6,No,In a Relationship,3.2,2.3,13,2,2.3,100,91
23,Female,2,3.84,4.7,100,8.3,4.9,3,1.9,4.1,No,In a Relationship,4.2,0,18,2,9,100,100
21,Male,1,4,2.7,100,9.6,5.7,1.6,1,3.3,No,Single,1.1,0,13,2,5.3,100,100
25,Female,2,3.57,3.5,90,7.9,7,3,0.7,0.6,No,Single,5.7,2.2,11,2,6.7,100,99
18,Female,2,3.91,4.1,100,7.4,3.7,1.9,2.6,0,No,Single,6.3,1,17,1,4,95,90
28,Male,1,3.95,4.7,83,6.6,3.2,1.6,4.6,0.9,No,Single,3.4,2.5,20,1,5.1,100,85
20,Male,2,3.03,0.8,66,7.2,8,4.5,1.2,4.5,No,Single,3.8,0.8,15,4,2,83,72
20,Female,2,3.68,4.6,91,8.6,7,4,0.7,4.5,Yes,Single,4.6,1,4,2,2.1,100,100
21,Male,1,3.65,3.1,93,6.9,5.2,2.8,0.1,5,No,Single,4.8,3.5,8,2,4,100,88
24,Male,1,4,4.6,100,5.9,7.3,3,3,4.7,Yes,In a Relationship,3.7,0.2,17,5,4.2,100,100
20,Male,3,4,4.7,97,5.1,5.1,2.8,4.3,5.2,No,Single,3.9,1.9,10,1,3.7,100,100
25,Female,1,4,5.9,100,7.6,7,3.5,0,3.8,Yes,In a Relationship,3.5,0,12,0,2.3,100,100
26,Female,3,4,5.5,100,7.3,6,1.6,1.1,6.6,No,In a Relationship,1.9,0.3,9,2,4.3,100,87
26,Male,1,3.93,5.5,91,6.2,6.7,4.1,0,3.6,Yes,Single,5.7,1.9,16,3,5.1,100,93
25,Female,4,4,5.7,100,8.2,4.1,3.3,2.3,7,Yes,Single,3.2,0,15,1,4.5,100,100
26,Female,3,3.98,3.9,100,6.5,4.9,2.4,0.6,1.7,Yes,Single,3.6,2.1,9,2,3.3,100,98
22,Female,3,4,3.5,95,6.8,5.3,2.1,0.2,1.7,Yes,In a Relationship,4.2,1,16,3,4.4,94,100
27,Female,4,3.73,4.8,100,7,8.3,4.1,0.7,2.6,No,Single,4.3,0.2,17,6,2.5,100,95
23,Female,3,3.86,4.6,100,6.6,5,2.6,0,2.9,Yes,In a Relationship,6.7,1.1,15,2,5.3,97,100
27,Male,2,3.54,3,95,7.3,6.9,1.8,3.1,2.4,No,In a Relationship,3.4,0.6,13,2,2,93,98
27,Female,4,4,4.1,98,8.4,3.6,2.2,2.5,4.1,Yes,In a Relationship,3.9,0.5,30,1,9.7,100,98
25,Female,3,2.96,3.4,77,5.6,7.2,4,3.3,2.8,No,Single,5.5,0.7,5,1,1,79,85
27,Male,3,3.76,2.2,88,7.6,3.1,0.4,0.8,1.8,No,In a Relationship,3,0,11,1,5.5,82,93
25,Female,1,4,5.4,100,7.2,6.9,2.3,2,2.2,Yes,In a Relationship,4.4,0,12,2,5.2,100,100
27,Male,4,2.83,3.6,92,7.2,5.6,4.4,2.1,5.4,No,Single,4.4,0,18,3,2.9,100,94
24,Male,3,4,6.6,100,8,6,2.5,2.2,3.6,Yes,In a Relationship,6,1.7,11,0,1.9,100,100
18,Female,4,2.93,1.1,68,7.1,5.9,3.2,0.9,0,No,In a Relationship,4.7,1.6,18,1,4.2,60,82
20,Female,2,3.75,2.7,90,7.6,9.2,4.4,2.3,6,Yes,Single,1.3,0.4,9,3,2.9,97,83
25,Female,3,3.31,3.5,83,7.9,6.1,4.1,2.6,3.9,Yes,In a Relationship,6.3,1.1,14,3,3.9,97,74
26,Female,1,4,5.2,100,6.4,5.6,2.1,1.8,4.3,No,Single,3.2,2.6,16,1,1.5,100,91
27,Female,2,3.87,4.1,95,7.4,4.6,2.6,1.8,4.9,Yes,In a Relationship,3.6,0.6,9,4,4,100,100
21,Female,1,3.78,4,91,6.7,7.4,4.2,3.8,5,No,Single,3.8,0.9,16,3,3.6,100,100
18,Female,4,3.03,1.8,83,6.8,6.8,4.2,2.5,1.2,Yes,In a Relationship,4.5,3.1,19,1,2.5,91,92
26,Female,3,3.46,1.8,73,6.6,5.2,2.7,0.5,0.9,Yes,Single,3.5,1.6,12,2,5.8,74,100
26,Female,3,3.8,4,98,7.6,3.3,2.7,1.1,7.8,No,Single,1,2.1,7,5,7.3,100,89
26,Female,1,3.26,1.5,66,7.1,6.7,3.2,3.6,1.6,Yes,Single,3.8,1.9,11,3,3.5,92,85
23,Male,3,3.4,2.7,83,7.5,6.6,4.9,5,3.8,No,Single,5.1,1.7,12,2,7.5,98,97
19,Female,4,3.88,4.3,99,7,6.1,4.4,0.8,6.3,No,Single,2.4,0.5,17,3,6.8,95,99
27,Female,3,2.91,2,83,5.1,4.9,3.8,2.2,2.1,No,In a Relationship,5.8,0.2,8,1,7.1,84,76
28,Female,2,4,5.9,100,7,2.9,1.2,2,2.3,No,In a Relationship,5.9,1.9,15,1,2.5,100,100
21,Female,1,3.99,5.3,100,7.1,6,2.4,2.1,4.9,No,In a Relationship,3.8,1.7,15,3,1.3,100,98
25,Female,3,3.18,1.1,74,7.3,6,2.5,0.5,3.4,No,Single,2.4,1.4,15,1,2.9,87,85
25,Male,4,3.34,2.1,63,6.3,8.7,4.9,2.3,4,No,In a Relationship,5.4,1.5,18,3,4.8,75,82
19,Male,3,2.28,0.5,78,5.6,4.2,2.4,0.5,2.8,No,Single,5.4,0.4,13,1,4.8,79,73
26,Male,3,3.19,2.3,78,7.7,8,4.7,0,1.9,No,Single,6.1,0,9,2,7.6,95,93
21,Female,4,3.88,4.6,90,6.7,4.2,1.9,2.6,2.3,No,In a Relationship,4.1,0.5,12,2,2.8,100,100
22,Male,2,4,2.9,100,7.2,6.2,2.1,3.9,5.4,No,Single,3.8,0.9,12,2,4.6,100,100
18,Male,2,3.35,4.2,95,6.7,7,3.5,1,2.4,Yes,Single,5.4,0.6,10,2,1,95,89
22,Female,3,2.83,1.2,76,7,7.4,5.2,1.5,3.9,No,Single,5.5,2.8,5,2,5.3,74,86
21,Male,4,4,4.7,100,6.5,6.7,2.5,0.3,1.1,Yes,Single,4.8,2.7,13,3,5.7,100,100
21,Male,2,3.27,2.7,90,5.8,3.6,0,1.7,7.1,Yes,In a Relationship,1.9,2.1,13,3,1.1,88,100
22,Female,2,4,3.5,96,7.6,1.8,0.5,1.3,3.6,Yes,In a Relationship,3.8,2.4,12,1,8.1,100,93
19,Female,4,3.69,3.4,85,6.3,4.2,3.2,0.4,3.7,Yes,In a Relationship,3.8,0,12,1,1.3,100,93
20,Female,2,3.63,1.6,100,7.2,2,0.6,0.7,4.9,Yes,In a Relationship,5.3,1.9,8,1,6.3,98,96
24,Female,4,3.61,1.8,73,7.5,6.5,1.5,0,2,No,In a Relationship,2.9,1.2,1,0,6.8,97,86
20,Female,2,3.75,5,99,6.3,4.6,2.8,0,5.4,No,In a Relationship,4.6,0.7,11,3,3.8,100,94
20,Female,2,4,4.1,93,5.6,5.3,0,0,0,No,Single,2.8,0.9,5,3,5.4,93,91
24,Male,2,4,5.1,100,9.9,3.9,2.2,0.6,1.8,No,Single,2.6,0.9,14,3,1.7,100,100
21,Female,4,3.57,4,95,6.4,2.7,1.1,1.1,1.4,Yes,Single,3.3,0.8,7,2,1.5,84,93
21,Female,1,4,3.7,96,7.7,4.7,0.6,2,0,No,Single,2.2,0.6,12,2,4.9,100,95
28,Female,3,2.77,0.9,87,9.3,5.7,1.6,2.8,1.9,Yes,Single,2.4,0,11,5,6.3,77,78
25,Female,2,3.99,3.1,100,7.9,4.9,1.2,0,2.9,No,Single,3.5,0,8,2,3.2,100,100
28,Male,3,3.61,3.5,84,6.6,7.3,3.5,2.8,0.8,No,In a Relationship,4.7,1.6,17,2,5.2,98,100
19,Female,2,4,6.4,97,6.9,6.6,4.6,1.1,0.5,No,In a Relationship,6.5,0,6,1,5.9,100,98
19,Female,1,3.77,4.5,99,6,6.3,2.3,2.3,3.1,Yes,Single,3.3,3.1,1,1,0.7,100,99
19,Male,1,4,5.8,100,8.1,5.2,1.9,2.3,2.8,No,Single,4.1,0.6,6,3,0,100,100
28,Female,4,4,4.4,100,7.7,4.8,2.2,1.8,2.5,No,Single,3.1,0,20,2,4.2,100,100
18,Female,1,3.62,2.4,92,6.4,4.2,1.1,2,0.5,No,Single,5.2,1.7,11,3,4.4,83,83
24,Male,2,3.91,3.7,91,5.7,5.2,0.9,2.4,2.2,No,In a Relationship,4.7,1.1,17,3,2.4,100,96
19,Female,1,3.81,3.9,100,5.4,3.8,0.3,4.8,1.7,No,Single,4.9,0.3,12,1,0,94,95
21,Female,1,3.8,2.1,94,8.2,1.2,0.8,5.2,3.2,No,Single,2.6,0.6,18,5,4.4,100,100
18,Male,3,3.34,2.9,80,7.1,9.3,5.2,1.1,1.9,Yes,In a Relationship,6.5,1.1,8,4,1.6,97,92
20,Female,1,4,3.2,87,7.3,5.8,1.8,3.4,2.9,No,In a Relationship,1.9,2.3,13,1,3.5,100,96
24,Male,3,4,5.9,100,6,2.5,0,1.6,0.4,No,Single,4.3,0,16,2,3,100,100
26,Male,1,2.68,0.5,75,5.2,5,1.9,2.3,0.2,Yes,Single,5,1.5,6,4,3.4,89,81
26,Female,3,4,5.3,100,8.2,3.5,0.4,0.6,4.1,No,In a Relationship,3.3,2.8,7,3,7.5,100,93
24,Female,2,3.15,2.1,83,7.1,3.5,2.9,3,4.5,No,In a Relationship,3.7,0.4,11,2,5,91,84
20,Male,4,3.19,1.4,87,8.1,5.2,2.7,2.3,2.2,Yes,Single,2.8,1.9,14,3,5.4,80,91
28,Male,1,4,5.3,100,6.5,5.5,2.9,3.1,3.1,No,Single,3.2,1.9,8,0,3.2,100,95
20,Male,2,3.99,4.6,100,6.7,5.5,2.7,0.6,2.1,Yes,Single,4.3,3.1,18,1,6.1,100,100
26,Female,1,4,5.4,100,7.9,4.6,2.2,0,5.2,No,Single,2.8,1.4,17,4,3.5,100,97
18,Male,4,3.88,4.7,83,7.9,4.4,0.6,4.1,2.6,No,Single,3.8,1.9,12,4,3.9,100,88
25,Female,3,4,6.6,100,8,4.7,2.7,0.6,2,No,Single,4.8,2.3,14,2,3.9,100,100
18,Female,3,3.63,4.3,76,6.6,8.4,4.3,1.4,4.9,Yes,Single,4.5,1.8,16,1,3.5,90,94
26,Male,4,3.81,3.3,87,7.7,9.2,5.5,4,1.5,No,Single,5.2,0.3,16,3,3.9,100,100
25,Female,1,3.7,4,100,8.3,7,2.4,0.2,3.3,No,In a Relationship,4.5,0.5,15,2,3.2,100,100
18,Female,1,4,5.4,100,6.9,7.7,2.6,2.3,0.9,No,In a Relationship,4.2,1.5,9,2,6.2,100,95
20,Female,2,3.43,2.3,74,6.4,8.7,3.6,4.2,4.3,Yes,In a Relationship,4.1,2.1,4,0,5,100,89
24,Female,1,3.66,2.5,91,8.6,6.6,5,1.9,4.6,Yes,Single,2.7,1.5,13,0,3.5,100,92
19,Female,4,3.28,3,90,6.2,5.5,2.1,4.3,0.4,No,In a Relationship,5.5,0.2,18,4,1.4,93,99
21,Female,1,2.65,0.5,73,7.8,5.9,3.8,1.6,0.1,No,Single,4.7,1,19,2,5.6,100,82
27,Female,4,3.79,3.7,100,6.9,8.5,1.6,2.9,3.6,No,In a Relationship,4.6,0,14,0,5.4,98,100
26,Female,3,2.71,0.7,56,4.8,7,3.3,1.3,6.9,No,In a Relationship,3.1,1.8,10,3,1.3,74,80
27,Male,4,4,3.6,88,8.4,9,4.3,0.5,4.8,No,Single,3.3,3.2,17,1,8.3,100,100
19,Female,3,3.78,4.8,100,3.7,4.4,0.9,1.8,2.6,No,In a Relationship,5.5,1.7,7,2,4.6,100,95
24,Male,4,3.07,2.8,95,4.6,1.8,2,0,1.3,No,In a Relationship,5.3,0,9,1,0,100,83
26,Female,4,4,6,100,7.6,6.3,4.2,0.3,0.6,Yes,In a Relationship,3.7,1.3,5,0,4.6,100,100
27,Male,2,2.93,1.3,74,7.6,5.9,3.7,1.3,4.4,Yes,In a Relationship,4.9,1.2,17,4,4.1,82,81
28,Female,1,4,5.3,100,6.2,6.9,4.4,2,4.8,No,Single,3.3,0.7,4,2,8.1,100,100
22,Female,1,3.6,4.5,96,7.2,7.5,4.1,3.8,1.7,No,Single,5.6,0,14,0,7.3,100,99
19,Female,4,2.53,0.9,75,4,5.9,2.3,1.1,2.5,No,Single,4,1.7,24,0,2.8,82,75
20,Female,4,4,7.6,100,7.8,5.9,6.1,0.5,3.1,No,Single,6.3,2.1,14,2,5.4,100,100
25,Male,3,3.83,3.4,98,7.3,5.7,3,1.9,6.6,Yes,In a Relationship,3.4,0.3,7,3,4.3,92,100
25,Female,2,3.58,2.2,80,6.9,2.4,0,0.7,3.1,Yes,Single,3.3,0.3,10,2,6,96,99
25,Female,1,3.05,1.4,80,7,7.1,2.4,0,1,No,In a Relationship,4.2,0.9,4,2,3,100,77
18,Female,3,3.81,3.2,94,7.6,5.8,2.1,0.6,0.7,Yes,Single,4.1,2.9,8,0,0,100,100
20,Female,3,3.26,3.3,96,7,6.8,4,0.1,1.2,No,Single,5,0.9,8,2,3,90,100
21,Male,2,3.57,3.7,100,4.8,5.4,2.1,2.5,5.5,No,In a Relationship,4.8,0.4,8,0,8.7,100,100
22,Female,1,3.83,3.1,100,9.6,5.4,4.4,0.6,4,Yes,Single,3.5,0.8,13,1,6.2,100,100
20,Male,2,4,4.4,95,8.4,7.4,3.6,2.5,2.3,No,In a Relationship,5.5,1.8,1,1,5,100,100
26,Male,2,3.8,2.9,94,5.5,3.8,1.3,0.6,0,No,Single,3.9,0,6,2,4.8,100,93
21,Female,1,2.88,0.6,72,6.6,4.6,2.6,1.9,1.3,Yes,In a Relationship,5.3,1,15,2,2.9,74,94
26,Female,4,3.36,3.3,91,6.7,6.2,1.6,2.2,3.7,No,Single,4.1,0.9,22,1,5.4,100,84
24,Male,2,2.99,0.5,70,8.3,6.4,3.1,0.6,3.7,Yes,In a Relationship,4.8,1.1,14,0,4,98,79
21,Male,3,3.45,4,89,4.4,3.8,1.6,0.2,3.7,No,Single,4.5,0.5,8,0,3.4,98,100
18,Female,1,2.44,2,72,6.4,5.2,2.9,2.5,0.3,No,Single,5.2,0,16,1,4.1,84,73
25,Male,4,3.73,3.7,81,4.9,5.8,2.4,0.4,3.4,No,In a Relationship,4.9,2.1,17,3,6.4,100,97
27,Female,3,4,5.5,100,6.7,5.9,2.6,0,1,No,Single,3.3,0,8,2,2.7,100,100
21,Female,4,2.75,2.1,73,6.4,8.9,5.9,0.4,3,No,In a Relationship,5.9,2.8,8,0,8.8,78,73
26,Female,2,4,5.1,100,7.1,3.9,2.3,0.6,1.5,Yes,Single,7.4,1.5,20,1,2.8,100,97
25,Female,4,3.61,2.8,85,6.3,1.7,0,2.9,5.1,No,Single,4.4,1.9,7,1,2.2,97,84
27,Male,3,4,6.1,100,6.1,6.4,4.3,0,3.7,Yes,Single,4.1,1.3,21,1,4.2,100,100
26,Female,4,3.71,3,82,7.7,7.1,4.3,3.4,2.7,Yes,Single,2.7,2.4,15,3,4.4,100,89
20,Male,4,3.91,2.2,80,7.5,3,0,0.5,5.8,No,Single,2.3,1.7,18,4,6.5,81,100
19,Female,2,4,4.5,100,7.7,4.5,1.7,1.8,2.3,Yes,Single,4.6,2.5,17,4,3.4,100,100
19,Male,3,3.23,2.8,88,6.8,6.4,3.5,2.6,0.2,No,In a Relationship,4.9,2,17,2,5.5,90,87
26,Female,2,3.42,2.2,78,6.3,8.9,3.6,1.2,5.1,Yes,In a Relationship,6.1,2.3,6,1,1.3,88,96
28,Female,1,3.92,2.8,86,6.9,6.8,2.8,0.2,3.5,Yes,In a Relationship,3.2,0.5,16,1,5.6,100,70
25,Male,2,4,3.4,91,7.6,7.2,2.8,3.8,2.4,Yes,Single,4.2,0.8,18,2,4.9,92,100
19,Male,4,4,5.5,100,4.4,5,1.4,1.1,1.7,No,Single,4.6,1.2,11,0,5.6,100,100
25,Male,2,2.82,0.6,67,7.5,3.1,0,1,4,No,In a Relationship,3.3,1.2,2,4,5.3,77,79
27,Male,3,2.98,3.5,73,7.4,9.4,5.9,4.1,4.6,No,In a Relationship,5.6,1.8,5,1,3,98,71
26,Male,3,4,4.4,100,7.1,4.6,1.3,0.9,1.5,Yes,In a Relationship,4.9,0.5,4,1,0,100,100
20,Female,4,3.74,3.8,80,6.8,7.1,3.1,0,4.1,No,Single,3.9,1.2,10,3,5.9,94,96
26,Male,3,3.93,5.5,86,3.9,4.4,2.6,3.6,3.5,No,In a Relationship,6.2,1.8,5,1,1.7,100,100
19,Male,2,3.15,3.4,96,6.5,8,4.1,0.1,1.3,No,In a Relationship,5.4,0,9,2,2.4,99,92
22,Female,4,3.98,3.2,96,9.1,6.2,3,4,3,Yes,In a Relationship,4.8,2.3,22,1,6.4,100,100
23,Female,4,4,4.4,100,7,3.8,3,1.8,1.9,No,Single,5.9,3.2,16,1,3.8,100,92
26,Male,2,3.55,3.6,89,6.6,3.1,0,1.4,5.5,No,In a Relationship,2.6,0.3,15,1,1.2,93,99
27,Female,4,4,2.9,100,7,2.9,1.5,0,1.7,No,In a Relationship,3.1,2.7,18,2,3.4,100,100
20,Female,4,3.75,4.3,100,7.4,6.3,3.9,2.2,6,No,In a Relationship,4,1.4,6,1,1.4,100,89
24,Male,3,3.11,2.5,75,7.8,6.6,3.8,0.2,3.3,No,In a Relationship,5.1,0.3,7,2,6.7,98,86
23,Female,2,3.69,2.6,88,6.7,2.6,1.4,2.2,0,No,In a Relationship,2.7,2,13,1,6.7,91,89
27,Female,4,3.97,2.7,90,7.5,3.3,0.4,1.6,0,No,Single,3,3.1,9,1,3.4,100,94
18,Male,2,4,5.5,100,9,6.1,3,3.2,2.6,No,In a Relationship,4.2,0.8,10,0,4.8,100,100
28,Female,3,3.92,0.5,89,8.2,3.9,0,0.4,5.7,Yes,Single,1,0.1,15,0,2.4,89,99
20,Female,1,4,4.1,100,9.8,3.6,1.1,0,5.5,No,In a Relationship,1,0,17,2,3.5,100,97
22,Female,3,3.62,3.6,95,6.2,8.7,5.4,0.7,3.3,No,Single,4.7,1.1,15,1,1.5,100,100
25,Female,4,2.71,1,61,9,7.9,5,2,1.5,No,Single,4.5,1.4,18,3,0.1,77,85
25,Female,1,3.97,4,88,6.1,6,3.5,3.4,2.2,No,Single,4.5,3,1,3,4.2,100,100
24,Female,2,3.55,4.2,94,7.4,4.3,3.3,0.9,3.4,Yes,In a Relationship,3.7,3.1,22,1,5.4,100,100
22,Male,3,4,4.4,100,7.9,2.9,0,1.2,5.2,No,Single,1,0.5,16,4,1.5,100,99
28,Male,2,2.75,0.5,73,6.4,5.6,1.7,1.7,4.1,Yes,In a Relationship,5.4,2,10,4,1.3,66,78
21,Female,1,4,5.5,100,7.1,4.3,2.4,0.4,4.9,No,Single,2.9,0,5,0,4,100,100
25,Male,2,3.52,2.4,91,8.1,4.4,1.7,0,4.3,No,In a Relationship,1.1,1.3,11,0,3,94,91
18,Female,3,4,4.5,100,6.1,5.2,2.3,1.4,4.9,Yes,In a Relationship,4.9,1.1,8,3,2.2,100,100
20,Female,2,3.76,4.6,100,9,9,4.7,2.6,0,No,Single,4,0.3,18,1,6,100,97
26,Male,4,3.55,2.2,70,5.3,5,2,1.1,1.2,Yes,Single,3.5,1.1,15,2,7,96,96
24,Female,1,4,4.5,100,9.3,5.6,2.3,2.6,0.8,No,Single,4.2,2,9,0,4.5,100,94
21,Male,1,3.57,2.9,84,8.2,6.9,3.9,0,0.6,No,In a Relationship,4.1,2.3,5,4,5.5,98,86
19,Male,3,3.11,0.5,82,6.9,3.1,0.7,1.4,3,No,Single,3.4,1.1,11,5,7.6,82,84
18,Male,2,3.98,5.3,100,6.5,3.1,1.5,0,0.1,Yes,Single,3.7,1.1,17,2,3.8,100,100
21,Male,3,3.84,2.3,92,6.4,4.4,1.7,1.9,1.1,No,In a Relationship,3.8,0,15,1,6.9,100,100
28,Male,3,2.94,2.2,98,6.8,6.4,2.9,0.3,2.8,No,In a Relationship,3.2,1.5,5,0,5.5,94,100
23,Female,1,3.65,2.9,96,6.9,5.4,2.3,2.5,0,Yes,In a Relationship,3.3,0.9,9,2,3,83,94
18,Female,3,3.85,3.9,100,8.5,7.1,2.3,0,2,Yes,Single,7,1.1,17,2,2.5,100,99
25,Female,4,4,3.4,93,9.4,5.9,1.8,2.9,4.3,No,Single,1.7,0.7,11,1,4.1,100,97
19,Female,2,4,4.3,100,7.2,5.7,1.2,0,0.5,Yes,In a Relationship,2.4,0.3,12,4,3.6,100,100
19,Male,2,2.51,1.5,81,6,4.3,3.7,0.8,4.6,No,Single,5.6,0.3,21,3,1.7,94,77
21,Female,3,3.26,2.4,87,6.3,7.2,2.3,0.3,1.4,No,Single,4.7,0.5,7,0,4.5,100,81
25,Female,2,3.3,3.3,82,6.8,7,3.7,2.4,3.5,Yes,In a Relationship,4.4,0,18,1,7.8,99,90
20,Female,1,4,6.3,100,5.8,4.6,1.1,1.8,0.8,No,In a Relationship,3.8,1.5,10,1,3.4,100,97
20,Female,2,3.43,3.3,76,5.6,5.9,1.8,2.6,3.9,No,Single,3.6,1.8,10,1,3.2,100,95
27,Female,4,4,5.1,100,9.5,5.5,2.5,2,2.4,No,Single,2.9,1.1,13,1,2.5,100,96
23,Female,2,3.88,3.6,87,7.4,4.3,2.6,0.9,3.9,Yes,Single,4.8,1.4,14,3,5.9,100,92
19,Female,2,2.87,2.8,89,6,8.6,3.9,0.2,1.9,Yes,Single,4.8,1,15,2,4.9,81,88
24,Female,2,3.31,3.1,99,8,4.3,2.2,2.2,4.1,No,Single,4.4,2.3,11,1,5.7,100,87
18,Female,3,3.37,3.2,88,5.6,5.7,3.9,2.2,4.7,Yes,In a Relationship,4.6,1.3,15,2,3.6,99,95
26,Male,3,3.94,4.4,99,5.7,6.1,3.4,0.6,3.2,No,In a Relationship,4.5,1.5,13,2,3.5,100,100
22,Female,3,4,5.6,100,6,5.1,2.6,0.2,2,No,Single,3.5,2,9,3,3,100,96
25,Female,1,3.82,4,100,9,4.4,1.4,1.9,2.5,Yes,In a Relationship,5.1,1.2,6,1,4.7,100,86
27,Male,2,4,5.3,85,6.7,6.8,3.9,3.2,0.5,Yes,Single,5.1,2.6,15,4,5,100,100
26,Female,1,3.01,2.1,86,4.1,6,1.4,1.5,3.4,No,Single,4.4,0.5,14,3,6.4,88,85
27,Male,1,3.64,2.9,96,8.5,6.4,2.8,1.2,4.2,No,Single,5.2,2.9,9,4,3.3,98,87
18,Male,4,3.72,2.4,87,6.6,4.7,2.7,1.1,6.1,No,In a Relationship,4,1,5,1,6.4,100,84
28,Male,3,3.85,4,96,4.8,4.6,2.5,0,5.6,No,Single,4.7,0.5,9,2,5.4,100,100
24,Female,1,3.76,3,87,6.6,4.7,2.2,3,1,No,In a Relationship,4.4,0,2,0,2.4,94,88
20,Male,4,3.89,4.6,85,7.6,4.1,1.6,1.2,3.4,No,In a Relationship,2.5,2.1,17,1,3.3,100,100
25,Female,3,3.93,2.1,84,7.5,2.8,0.4,0.4,2.7,No,In a Relationship,4.2,0.8,11,1,7.3,100,89
21,Female,3,3.7,3.6,79,9.2,6.6,4.9,0,5.4,No,In a Relationship,2.2,1.3,13,0,3.5,100,95
22,Male,2,4,4.5,86,6,5.4,2.1,2.5,1.6,No,In a Relationship,3.4,1.5,10,6,0.8,100,98
27,Female,1,3.39,0.5,81,7.1,5.1,2.6,2.6,4.8,No,Single,2.8,0.7,21,3,3.3,96,80
26,Female,2,4,6.7,100,6.2,4.5,2.6,1.7,1,No,Single,4.9,2.3,16,1,3.3,100,100
19,Male,2,3.05,3.1,85,5.1,8,4.4,2.3,2.8,No,In a Relationship,5.4,1.7,10,4,1.4,100,81
23,Male,2,3.02,0.5,68,8.1,9.7,5.7,1.3,1.2,No,In a Relationship,3.3,0.3,10,1,5.4,74,100
21,Female,3,3.83,3.7,100,7.6,5.7,3,0,0,No,In a Relationship,6.9,0,9,2,3,97,91
22,Female,3,3.9,3.6,95,7.3,7.7,2.6,3.2,1.2,No,In a Relationship,5,2,11,2,6.3,100,100
19,Female,4,3.88,3.4,92,7.5,6.8,1.1,2.6,2.5,No,In a Relationship,2.8,1,14,1,4.5,100,93
28,Male,2,4,5,100,6.2,4.2,0.6,0.3,5.9,Yes,Single,3.3,1.9,14,0,5.1,100,100
19,Female,3,3.78,4.6,100,5.8,2.5,0.1,2.7,0.8,Yes,In a Relationship,4.3,1,11,2,4.5,100,100
19,Male,4,4,3.9,100,7,4.9,1.6,3,1.8,No,In a Relationship,3.5,1.4,19,2,2.5,100,88
18,Male,1,4,4.2,100,8.4,1.5,0,1.6,0.1,No,In a Relationship,3.4,2,2,3,3.6,100,100
27,Male,3,3.72,3.3,82,8.9,6.4,4.4,0.9,5.3,No,Single,4,0,9,3,3.4,96,85
22,Male,2,4,6.2,100,8,4.4,3.4,2.1,2.1,Yes,In a Relationship,5.2,2.9,15,2,3,100,100
23,Female,1,3.19,1.3,89,7,4.6,2.4,1.6,2.3,No,Single,4.1,1.6,19,1,5.8,96,84
21,Female,1,3.47,3.7,82,7.3,6,4.5,0.7,2.3,Yes,In a Relationship,5.1,0,13,4,4.5,98,92
18,Male,3,3.75,3.6,97,7,4.9,1.2,3.1,0,Yes,Single,3.8,2.5,19,4,5.1,100,100
26,Male,4,4,4.7,100,5.8,3.7,1.6,2.6,0.1,No,In a Relationship,4.2,2.2,21,0,8.1,100,98
23,Female,2,3.48,2.2,76,7,3.3,0,1.9,1.1,No,In a Relationship,2.6,1,10,1,5.9,98,81
22,Female,4,2.8,0.9,74,5.4,7.9,4,1.1,4.2,No,Single,4.1,2.6,8,3,4,82,78
20,Female,2,3.51,3.7,87,6.9,6,1.6,3.2,0,No,In a Relationship,3.8,0.6,8,1,5.2,86,93
20,Male,3,4,3.9,97,9,5.4,2.8,0.7,4.1,No,Single,2.9,1.1,5,0,4.4,100,93
21,Female,2,4,5.7,100,8,7.7,4.3,2.2,3.7,No,In a Relationship,5.2,3.5,6,0,2.6,100,100
26,Female,3,2.84,1.6,64,5.9,8.3,4.9,0.7,0,Yes,In a Relationship,5.5,1.7,7,3,2.3,91,74
24,Female,4,4,5.2,97,6.9,7.3,2.8,3.4,2.4,Yes,Single,3.9,2.3,6,1,5.2,100,100
18,Female,4,4,7.1,100,6,7.3,3.4,0.9,5.3,Yes,Single,3.9,2,17,0,2.9,100,96
25,Female,2,3.63,2.9,100,6.9,6,1.4,1.1,0.9,No,In a Relationship,3.9,0,10,1,6,100,100
23,Male,1,2.94,1.6,81,8.2,6.3,5.3,1.2,1.9,No,In a Relationship,6.6,1.5,5,4,2.6,93,90
25,Female,3,3.7,2.9,78,7.8,4.8,2.6,0.4,8.5,Yes,Single,2.2,1.4,10,1,3.1,88,99
28,Male,3,4,3.5,100,10,7.1,2.9,3.9,3.7,Yes,Single,3.5,2.4,13,1,3.1,100,97
23,Male,3,4,4.3,100,8.4,5.9,2.2,2.3,2.5,No,In a Relationship,3.8,2.7,11,1,6.8,100,100
25,Female,2,3.56,2.6,78,7.2,7.4,4.6,1.6,2,Yes,In a Relationship,5,2.5,11,1,4.5,86,91
19,Male,2,4,5.8,100,7.8,5.5,3.1,0.8,3.7,No,Single,2.8,0.7,3,1,6.3,100,99
26,Male,3,3.44,1.8,82,6.8,7.8,3.9,2.2,4.4,No,In a Relationship,4.8,0,17,1,2.9,85,94
19,Female,1,2.84,0.9,58,5.6,3.9,3.3,0.1,0,No,Single,3.4,1.7,10,4,3.8,81,71
19,Male,1,4,5.2,100,8.6,6.5,2.5,0,0,No,In a Relationship,3,1.1,5,1,3.3,100,96
28,Male,2,2.65,0.5,62,8.2,7.3,4.2,0.5,1,No,In a Relationship,4.1,0.1,11,1,0.5,92,74
21,Male,3,3.45,3.2,83,6.7,5.7,3.3,2.5,2.7,No,In a Relationship,4.2,0.5,10,0,0,97,100
24,Female,3,4,8.2,100,7.3,5,1.4,2.6,3.2,No,Single,3.4,1.1,13,0,1.7,100,100
21,Male,3,3.9,3.5,99,8.5,3.8,1.3,1.6,0,No,Single,4.9,1.5,25,1,4.5,100,94
24,Male,2,3.12,1.8,88,8,6,3,1.2,2.6,Yes,Single,4.5,0.6,8,2,1,86,94
24,Female,2,3.15,3.4,68,5.2,7.1,4.2,1.4,2.9,No,Single,5.4,1.2,16,2,2.4,94,82
23,Female,4,3.41,3.4,86,7.3,9.2,5.3,2.4,1.3,No,In a Relationship,5,1.1,10,1,6,100,97
28,Male,4,3.77,3.7,98,6.8,3.3,0.1,0,1.9,Yes,Single,3,1.5,10,3,5.4,100,100
23,Female,3,4,4.5,89,8.3,3.5,2.8,2,1.5,Yes,Single,2.8,0.2,18,2,2.1,100,96
20,Male,4,3.16,1.9,77,8.2,4.8,3.5,2.5,3.9,Yes,Single,1.6,0.5,13,2,4.1,96,82
28,Female,3,4,6,100,8.6,4.9,3.2,2.5,3,No,Single,2.4,2.5,20,3,4.5,100,100
25,Male,4,3.54,3.9,93,5.7,7.8,4.3,1.9,0.7,Yes,Single,6.8,0.9,12,2,4.1,100,94
23,Female,4,3.66,4.6,100,6.1,7.5,3.8,2.2,4.9,No,In a Relationship,3.7,1.7,19,3,2,100,98
26,Female,3,3.64,2.6,76,8.3,6.3,1.3,3.6,0.3,No,In a Relationship,3,0,10,4,3.8,100,96
23,Male,2,4,5.4,100,6.3,3.1,1.3,0.6,0,Yes,Single,5.3,2.4,9,4,4.2,100,100
23,Female,1,3.36,3.1,73,5.2,7.9,3.3,1.4,2.5,Yes,In a Relationship,2.4,2.4,14,0,2.8,93,93
24,Female,4,3.78,3.9,94,7.6,5,4.3,1.3,2.5,Yes,In a Relationship,4,1.5,13,1,3.4,100,95
20,Female,3,3.07,2.1,78,6.3,6,3,3,3.1,Yes,Single,3.3,0.6,5,1,2.7,100,87
18,Male,4,4,2,86,9.1,3.7,0.4,1.1,0.6,No,In a Relationship,3.1,0,13,2,4.3,100,92
27,Female,3,4,4.5,100,7.4,4.5,1.2,0.4,4.8,No,In a Relationship,3.5,3.5,8,3,2.2,100,97
18,Female,1,3.47,2.8,78,7.2,6.4,3.8,0.6,6.4,Yes,Single,4.3,0.8,16,2,5,94,96
20,Female,4,3.15,2.2,84,6.6,5.4,2.3,0,3,Yes,Single,5.5,0,9,2,2.9,83,74
27,Male,1,3.38,2.5,93,8.9,4.5,3,1.2,3.6,No,In a Relationship,3.9,0.6,10,1,3.8,93,100
19,Male,4,3.89,4.5,100,7.4,8.4,4.4,1.4,0,Yes,Single,5.4,1.6,7,0,1.8,100,100
24,Female,3,3.31,2.6,94,6.5,4.3,1,0,2.1,Yes,In a Relationship,6.1,0,17,0,2.1,95,84
23,Female,3,3.91,3.3,94,6,5.6,2.2,0.7,1.6,No,Single,2.3,0.6,14,4,4.1,89,100
20,Female,1,3.55,3.5,92,6.9,4.7,2,1,1.3,No,In a Relationship,6.3,0,23,3,4.3,100,96
22,Female,1,2.65,0.6,69,5.8,5.9,3.3,2.6,1.7,No,In a Relationship,6.7,2.6,18,2,3.6,88,84
23,Male,3,2.57,1.3,72,8.2,7.6,4,0.4,1.9,Yes,In a Relationship,4.2,1.1,10,2,0,100,81
18,Male,1,3.88,4,90,4.8,5.5,0.6,0,0.1,No,Single,3.8,0,4,2,2.9,100,92
27,Male,4,3.49,2.4,74,6.8,4.1,2.8,1.1,2,No,Single,3.7,0.3,9,1,5.9,98,88
19,Female,1,4,5.1,100,7.7,5.4,4.1,2.5,0.9,Yes,Single,4.5,0.6,11,1,2.9,100,100
22,Female,2,4,5,100,7.4,3.3,0,1.2,4.6,No,Single,3.7,1.2,3,0,3.8,100,100
24,Female,2,4,4.6,94,6.1,5.3,2.7,2.1,3.7,No,In a Relationship,1.7,0.3,8,0,6.7,100,95
26,Female,1,4,6.2,100,7.8,4.1,1,0.5,3.7,No,Single,4.9,0.8,17,1,6.7,100,96
23,Male,4,3.75,3.4,100,5.9,4.8,1.8,1.9,5,Yes,Single,3.7,0.6,8,4,4.8,100,100
27,Female,1,3.99,4.5,100,7,3.7,0,2.2,1.3,No,In a Relationship,4.5,0,8,0,6.7,100,100
26,Male,4,3.07,2.6,91,7.8,7.6,4.9,0.3,3.5,Yes,Single,3.3,0.3,15,0,0.2,84,90
19,Female,3,4,7.2,100,7.6,3.9,2.3,0.5,5.1,Yes,Single,4,0.4,9,4,4.8,100,100
23,Male,3,4,6.5,100,6.2,3.7,1.6,0,1.2,No,In a Relationship,4.6,0,12,2,7,100,100
19,Female,1,3.57,3.5,91,8.4,6.1,3.3,2.1,0,Yes,Single,4.9,0,14,1,6,100,100
22,Male,2,3.98,4.1,100,7.1,2.7,1.2,0.5,1.6,No,Single,3,0.6,9,0,2.2,100,100
24,Female,4,4,5.5,100,7.9,4.1,1.1,1.2,4.9,No,In a Relationship,2.3,2.1,16,3,3.4,100,100
19,Female,2,3.55,3.3,83,8.8,8.2,5.1,1.3,1.1,No,Single,3.5,1.1,15,2,0.4,91,100
21,Female,2,3.47,2.5,93,8.3,8.1,5.5,2.1,2.1,Yes,In a Relationship,5.6,0,14,0,8.4,86,88
28,Male,1,4,4.8,100,8.3,5.2,1.9,0.8,1.4,No,In a Relationship,4.9,2.2,20,2,7.2,100,92
27,Male,3,3.79,3.6,97,7.2,5.5,4.4,1.3,2.6,No,Single,5,0.5,16,4,2.7,100,100
19,Female,2,4,3.8,100,8,5.2,3.3,3.1,0.9,Yes,In a Relationship,1.7,2.6,11,3,2.9,100,98
22,Male,1,3.26,2.2,94,7.3,2.3,0.7,3.6,0,No,In a Relationship,5.1,2,8,0,5.8,90,94
25,Male,3,2.71,0.9,77,5.5,5.5,1.4,2.2,2.1,No,Single,4.3,0.9,13,0,0.2,91,84
20,Male,1,4,3.9,92,7.4,10.9,5.1,3.1,2.5,No,In a Relationship,2.3,1,12,1,2.2,100,96
23,Female,3,4,4.9,100,7.3,2.6,0.7,1.9,5.2,Yes,Single,1,0.1,12,2,1.4,100,97
19,Male,4,3.22,3.2,85,7.7,8.9,6.2,1.2,3.1,Yes,Single,4.1,1.9,9,3,2.6,91,90
26,Female,1,4,5.7,100,6.8,4.1,1.9,2.4,0.7,Yes,In a Relationship,4.2,2.8,12,2,4.4,100,97
19,Female,4,2.51,2.4,78,6.1,8.5,5.2,0.8,1.5,Yes,In a Relationship,4.6,0.5,20,0,3.9,76,84
19,Male,3,3.27,1.9,75,7.8,4.6,2.3,0.2,4.4,No,Single,2.4,0.6,15,2,0.2,96,89
18,Male,3,3.62,3.4,80,5.4,7.3,4,0.4,2.2,Yes,Single,6.2,3.2,13,3,7.5,100,100
21,Male,3,3.95,3.4,100,8.8,8.7,4.9,0.1,0.8,Yes,Single,5.9,1.3,18,2,0.5,100,99
19,Male,1,3.84,4.7,100,6.7,6.4,4.9,1.8,3.2,No,In a Relationship,5.9,0,16,0,5.2,100,100
22,Female,2,3.79,2.3,80,7.3,5.2,1.9,1.6,1.4,Yes,In a Relationship,2.3,0,10,1,3.7,97,98
23,Male,2,4,5.6,100,7.7,2.3,1.5,0,4,No,Single,4,2.9,12,1,1.8,100,100
25,Male,4,4,6.5,100,7.7,5.4,2.7,1.2,3.7,No,In a Relationship,3.2,1.7,17,1,4.6,100,100
20,Female,1,3.87,3.4,87,5.3,3.4,0.8,2.6,0.7,No,In a Relationship,6.3,0.1,13,1,3.6,100,95
25,Male,4,4,5.4,100,8,5.9,3.2,3.5,6.6,No,In a Relationship,3.4,1.5,14,1,1.9,100,94
28,Male,3,3.03,1.9,76,7.4,4.2,1.6,2.8,2.8,No,In a Relationship,4.7,0.4,6,2,3.5,88,87
26,Male,3,3.61,5.1,85,6.2,6.8,4.4,0,0,Yes,In a Relationship,6.1,0,9,2,2.2,100,98
27,Male,3,4,5.1,99,6.1,4.6,1.9,1.8,3.8,No,In a Relationship,4.3,0.9,12,2,2.8,100,93
27,Female,4,4,4.8,100,6.6,3.5,0.2,1.3,0,No,In a Relationship,3.4,1.2,18,1,8.4,100,100
25,Male,4,3.25,3.5,83,5.4,8.2,4.9,3.2,5.1,No,In a Relationship,6.3,0,21,1,0.8,100,87
18,Female,2,2.87,0.5,62,9.1,6.2,3.1,0,3.1,No,Single,4.4,0,7,0,5.5,81,88
24,Female,4,3.53,2.5,92,8.8,5.1,2.8,2,2.7,Yes,Single,3.2,0.2,9,1,1.2,100,96
26,Female,3,3.52,2.6,100,7.5,8.7,4.4,3.2,2.8,No,In a Relationship,4.1,1,14,3,4.3,98,100
28,Female,4,3.37,2,82,6.7,8.9,4.1,0,4,No,In a Relationship,3.8,1.3,23,3,3.7,83,100
23,Male,4,3.7,3.7,94,6.8,3.2,1.7,1,1.9,No,In a Relationship,4.7,0,7,4,7.5,100,89
25,Female,2,3.82,2.9,97,7.9,5.3,2.1,0.1,2.8,Yes,Single,3.8,0.6,2,3,4.3,100,92
26,Female,2,3.26,2.3,93,9.1,3.5,1.1,2.4,3.1,No,In a Relationship,2.9,0.7,13,0,4.7,100,95
20,Female,4,3.26,1.9,85,6.3,4.7,0.6,1.9,0,No,Single,3.7,0,5,2,4.1,100,95
19,Female,3,3.52,2.4,80,5.7,6.7,3.7,2.6,4,Yes,Single,6.1,1.4,15,1,3.1,100,90
19,Female,4,4,5.2,100,8.9,6.5,3.4,0.5,4.4,No,Single,1.9,1.8,16,0,4.8,100,100
21,Female,1,2.48,2.5,76,4.9,7.5,3.9,1.2,3.7,No,In a Relationship,5.9,1.5,11,4,5.4,95,73
19,Male,4,2.9,2.7,68,5.8,7.3,4.7,1.2,3.6,No,In a Relationship,6.1,0,10,2,5.3,96,77
19,Male,4,3.64,2.8,100,6.7,9,4,1.9,6,Yes,Single,3.7,1.8,8,2,5.8,100,96
22,Female,1,3.82,4,94,5.1,7.7,4.1,1.9,2.7,No,Single,3.9,1.1,12,1,3.8,89,100
27,Male,4,4,4.2,100,8.3,4.1,0,0,2.8,Yes,Single,2.9,2.2,5,5,2.5,100,95
24,Male,2,3.42,0.5,78,8,5,2.3,1.7,1.5,No,In a Relationship,5,1.7,10,1,4.2,89,96
25,Female,1,3.84,5,90,6.3,7.1,4.2,0,0,No,In a Relationship,7.2,1.5,8,0,4.9,100,97
28,Female,4,4,5.7,100,8.5,5,1,2.2,3.7,No,In a Relationship,3.3,0.9,13,0,2.7,100,100
27,Male,3,3.58,1.9,91,8.7,6.8,2.9,0,1.7,Yes,In a Relationship,3.2,2.2,14,2,6.4,97,92
21,Female,3,3.23,2,89,6.9,5.1,3.6,2.3,0,Yes,In a Relationship,5.7,0.1,19,1,2.2,95,93
26,Female,2,2.98,2.8,90,6.5,6.7,3.5,0.5,2.7,Yes,Single,5.1,0,7,2,5.4,85,86
24,Male,3,3.52,2.4,88,9.7,7,3.4,2.2,2.6,No,Single,3.8,3.9,10,1,7.4,96,94
19,Female,1,3.85,3.8,100,7.9,6.5,3.7,2.7,2.4,Yes,In a Relationship,3.4,0,17,5,2.6,100,100
18,Male,4,2.87,0.6,68,7.3,6.6,3.1,0.2,3.1,No,Single,4.7,0,14,0,2.7,81,68
26,Male,3,3.74,1.8,91,8.6,3.5,0.6,3.1,0,No,Single,3.7,2,9,0,0.8,88,100
21,Female,2,4,5.8,100,7.4,3.9,3.6,0.1,4.8,No,Single,6.3,0,5,1,0.4,100,98
20,Male,2,3.02,2.1,83,6.4,4.6,3.2,1.7,3.7,No,In a Relationship,4.4,1.9,21,5,5.3,92,81
23,Female,1,4,5.4,100,7.1,4.8,0.6,0.4,5.3,No,In a Relationship,4.4,2.4,4,0,6.7,100,100
27,Male,4,3.96,4,100,8.2,7.6,4.9,0,1.7,No,In a Relationship,6.1,2.5,6,2,3.5,100,100
27,Female,1,2.63,0.8,75,4.6,6.8,3.6,1.8,3.7,No,In a Relationship,5.1,1.3,13,2,3.7,80,87
21,Female,1,4,4.5,100,6.7,3.7,0.7,2.7,0,No,In a Relationship,5.2,0,17,1,3.9,100,100
26,Male,2,3.7,3.3,97,8.7,3.6,1.6,1,1.2,No,In a Relationship,2.6,0.3,8,1,5.7,100,98
25,Male,3,3.83,2.8,81,6.4,4.4,2,2.5,0.1,No,In a Relationship,4.3,2.5,15,1,5.8,99,91
20,Female,4,4,3.9,86,8.9,5.4,2,0.1,3.3,No,Single,2.5,0,7,2,1.7,100,100
28,Female,3,3.77,4.2,92,8.7,6.7,3.2,2.2,0.6,No,Single,4,2,16,3,9.4,100,100
22,Female,2,3.94,4.6,100,6.9,6.9,1.3,0,2,Yes,Single,1.7,0,16,1,3,100,95
22,Female,2,3.71,5.3,84,6.3,6.9,4.5,3.1,2.8,No,Single,6.8,1.1,8,0,4.8,100,100
20,Male,4,3.3,4.1,95,6.7,9.4,4.4,0.8,2,Yes,In a Relationship,4.7,0.6,16,2,1.8,100,96
19,Female,1,3.84,1.4,86,10,5.7,3.7,0,0.2,Yes,In a Relationship,4.7,0.8,7,1,5,100,89
24,Male,3,3.47,2.8,80,9.2,6.5,2.9,0.8,6.1,No,Single,3,2.5,1,0,2.9,95,81
21,Female,2,4,7.9,100,7.2,7.4,4.2,3.9,3.1,No,Single,4.3,0.7,11,3,4.1,100,100
27,Female,2,4,4.6,97,6.3,5.2,2.4,2.1,6.1,No,In a Relationship,2.3,2.2,14,1,5.6,100,96
26,Male,4,4,7.1,100,7.1,4.7,1.7,1.2,0.8,No,Single,3.1,0.5,16,1,4.5,100,100
19,Female,4,3.85,5.6,91,7.3,6.9,4.6,4.9,2.1,Yes,Single,4.6,1.5,17,2,0,100,100
25,Female,2,3.81,3.9,91,5.5,7.4,3.3,2.4,3,Yes,In a Relationship,4.3,1.1,7,0,2.4,100,100
25,Male,4,3.77,4,99,7.1,3.8,1.8,1.9,5.9,No,Single,2.1,0,12,1,5.8,100,95
18,Male,2,3.9,3.4,96,8.6,5.6,2.2,2.9,6.1,Yes,In a Relationship,2,0,10,2,4.3,100,96
28,Male,3,2.28,0.9,81,4.8,5.6,1.7,3.1,2,Yes,Single,5.1,0.9,12,2,7,75,86
23,Male,3,3.46,3.5,89,8,10.5,5.8,0.7,1.4,No,In a Relationship,6.1,0.8,24,1,5.5,100,95
20,Female,2,4,5.3,100,8.6,7,2.8,0.1,2.8,No,In a Relationship,2.4,1.9,11,3,2.7,100,100
22,Male,4,2.69,2.6,82,6.3,6.7,3,0.2,5.2,No,In a Relationship,3.1,0,7,2,2.5,91,85
18,Male,1,3.8,4.1,100,9,6.1,3.9,1.6,3.1,Yes,In a Relationship,4,0.4,11,3,0.6,100,96
18,Male,1,4,4.8,95,6.2,3.1,1,1.4,3.5,No,In a Relationship,3.4,1.6,16,1,5,100,100
19,Male,3,3.26,2.1,82,7.5,6,4.4,0.7,5.2,No,Single,3.7,1,14,1,5.7,100,94
28,Female,2,3.47,2.8,91,6.6,3.4,1.9,0.3,4.9,No,Single,4.4,0,17,4,6.3,100,100
24,Male,1,3,2,84,6.6,8.5,5.5,3.1,5,No,Single,5.1,1.6,21,2,5.7,89,80
18,Male,4,3.86,2.3,85,6.3,4.4,2.3,0.7,4.2,No,In a Relationship,2.3,2,21,2,4.2,100,100
23,Male,1,2.75,1.6,70,7.8,8.8,4.4,0,5.7,No,Single,3.1,0.2,8,0,4.5,89,83
28,Female,2,3.87,2.1,92,8,2.3,0,1,0.6,No,Single,1.4,2.2,16,0,2.9,100,100
24,Male,2,4,5.6,100,6.9,4.1,1,0.3,7.5,No,Single,2.3,0.6,3,1,4.2,100,100
28,Male,1,3.01,2.1,82,5.4,5.1,2.4,0.5,5.1,No,Single,2.7,0.8,17,3,3.9,97,89
19,Female,2,4,3.7,100,7.5,1.3,0,1.5,2.7,No,In a Relationship,1.1,0.7,4,0,4.5,100,95
19,Female,4,3.75,2.7,76,7.5,8,3.7,2.2,5.2,No,Single,1.8,2.2,4,3,4.5,100,92
23,Female,3,4,5.3,100,6.7,7.1,3.3,5.4,2.3,Yes,In a Relationship,6.5,1,11,1,5.5,100,100
18,Female,3,4,5.5,100,9.2,5.3,1.3,3.8,3.9,No,Single,1.2,2,17,1,3.6,100,98
22,Female,3,3.85,4.8,100,5.1,6.5,2.8,0,4.2,No,In a Relationship,4.2,0.7,7,3,3.1,100,100
24,Male,3,3.48,4,96,4.3,6.1,4,1.2,4.7,No,In a Relationship,5.2,1.6,9,1,5.1,90,96
18,Female,3,3.5,3.2,95,6.1,2.1,0,2.1,2.1,No,Single,3.6,0.1,8,4,5.4,99,94
25,Female,1,3.73,1.7,83,7.9,4.4,0.9,2,4.8,No,In a Relationship,3.3,2.2,13,2,5,100,98
23,Male,3,4,6.4,100,5.7,7.2,2.3,0.7,2.1,No,Single,4.5,0.9,17,1,1.4,100,100
28,Male,3,3.24,2.4,74,5.8,6.3,2.8,2.6,4.5,No,Single,3.7,2.4,12,4,5.6,88,95
22,Male,4,3.94,4.5,98,8.1,6.9,2.7,0.3,3,Yes,In a Relationship,3.9,1.1,9,7,3.1,100,100
20,Female,3,4,5.1,100,7.6,6.5,4.1,0.7,0,No,Single,5.2,1.3,20,1,8.6,100,97
19,Female,1,3.81,2.7,90,7.5,7.8,3.5,1.1,1.5,Yes,Single,4.5,3.5,17,1,3.4,100,96
18,Male,4,4,5.1,99,7.9,6.3,3.8,0.7,4.7,Yes,Single,4.5,1.9,8,1,6.2,100,100
25,Female,2,4,4.6,98,6.5,4,0.7,3.4,2.4,Yes,Single,2.9,1.4,8,1,4.5,100,92
20,Female,2,4,6.1,100,6.5,5.6,3,2.1,5.4,Yes,Single,3.6,0,10,2,3.8,100,100
27,Male,1,3.85,2.8,85,8,6.4,2.3,2.2,0.6,Yes,Single,2.7,0.4,17,2,3,94,93
20,Female,4,2.75,1.6,73,5.4,9.1,5,0.8,4.4,Yes,Single,5,2,1,2,7.3,100,74
24,Female,4,3.51,2.7,91,4.4,4.3,3.1,4.9,2.9,No,Single,4.5,0.9,19,3,3.9,100,87
21,Male,4,3.64,3.8,100,6.5,6.4,1.8,0,2.5,No,Single,5,1,10,2,3.9,100,97
25,Male,4,3.91,3.6,86,8.1,10,4.1,2.6,0.6,No,In a Relationship,3.2,0.1,6,3,2.3,100,100
27,Male,2,3.57,2.9,90,7.3,6.2,3.6,4,3.4,No,In a Relationship,3.7,1.6,13,2,6,100,100
20,Male,3,2.73,0.6,79,8,4.4,1.6,2,1,No,Single,3.1,1.3,13,3,0.3,83,98
28,Female,3,4,4.2,96,4.6,6.8,2.3,1.8,1.7,Yes,Single,5.6,1.9,16,3,2.5,100,89
21,Female,2,4,6.5,100,7.4,5.4,2.3,1.1,2.7,Yes,In a Relationship,2.5,2.4,18,2,7.2,100,100
20,Male,4,3.78,4.2,90,7.8,7.6,4.6,2.3,2.3,No,In a Relationship,4.7,1.6,14,2,4.9,100,81
27,Female,1,3.65,4.4,98,5.4,8.4,3.1,1.5,5.1,Yes,Single,4.4,0,15,2,4.7,100,99
25,Male,4,3.48,4.4,96,8,5.3,3.9,3.7,0,Yes,Single,5.7,0,12,2,3.8,100,100
19,Male,4,3.9,4.1,99,6.9,4.2,2.1,0.8,2.6,Yes,In a Relationship,3.1,1.9,15,0,0,100,100
28,Male,4,4,4.9,100,10,6.8,3.3,0.6,2.3,Yes,Single,2.1,1.3,9,1,4.4,100,92
19,Male,4,3.68,4.1,84,4.4,5.9,4.8,0.3,3,Yes,Single,6.3,3,10,1,5.2,100,79
25,Female,3,3.42,3,83,8.6,4.9,2.3,3.6,1.9,No,Single,2.1,1.2,4,1,3.8,100,81
23,Female,1,3.32,2.3,85,6.5,5.5,3,2.2,5,No,In a Relationship,3.4,0,20,4,1.2,100,81
20,Male,2,3.6,3.1,88,5.1,5,0.8,3.3,2.5,Yes,Single,3.8,0,9,2,2.6,100,89
23,Female,1,3.57,4,100,6.4,5.5,1.7,1.1,3.3,No,Single,4.4,0.4,17,1,8.4,100,100
27,Female,1,3.79,3,88,7.3,3.3,2.3,0,4.8,No,In a Relationship,1.9,2.9,18,1,6.8,90,93
18,Male,1,3.87,4,100,8.2,3.4,1.2,2.9,3.1,No,In a Relationship,2.7,2.4,4,2,1.1,100,98
20,Female,1,3.72,4.2,100,9.1,7,4.8,2.7,0.5,Yes,Single,4.7,0.7,13,2,0,98,100
20,Female,1,4,4.7,100,8.7,4.2,1.5,0.6,2.1,Yes,In a Relationship,2.3,1,15,0,7.5,100,100
27,Male,2,4,5.4,100,5.8,5.7,4,0.2,2.8,No,Single,4.7,0,9,4,3.3,96,100
24,Male,4,3.91,3.6,91,8.4,6.6,3.1,0.6,0,No,In a Relationship,5.2,0,5,3,3.5,100,96
26,Male,4,2.81,1.5,79,7.5,5,2.8,1.2,1.6,Yes,In a Relationship,3.7,2.3,19,1,5.9,92,78
25,Male,1,3.33,3,87,6.2,8.7,5,1.7,2.9,No,In a Relationship,4.9,2.1,15,1,3.7,91,91
22,Male,3,4,3.6,100,6.7,3,0,2.1,7,No,Single,3.1,0.9,12,2,4.5,100,100
20,Female,3,3.11,0.7,78,6.1,4.3,2.5,1,3.7,Yes,In a Relationship,3.9,3,7,2,2.7,73,91
22,Female,3,4,5.6,100,7,5.9,1.2,4.2,3.3,No,In a Relationship,4.7,1.6,7,2,2.6,100,100
23,Female,2,4,3.7,100,6.1,4.7,0,4.2,6.4,Yes,In a Relationship,1,1.4,13,1,6.1,95,95
20,Male,1,4,4.1,100,5.8,4.3,1,1.9,4.2,No,In a Relationship,3.3,1.4,10,1,1.8,100,92
22,Male,3,4,5.5,100,7.6,5.5,2.8,1.9,4.5,No,Single,4.3,0.1,13,1,2,100,100
19,Female,2,3.4,2.6,85,7.8,3.4,1.7,0.7,2.2,No,In a Relationship,2.8,2.1,14,1,1.9,88,86
24,Male,1,3.89,4.4,100,6.8,8.4,4.1,3,0.5,No,Single,4.9,2.2,10,0,4.8,100,100
27,Female,3,3.84,3.3,92,8.6,6.5,2.5,1.8,3.5,No,Single,4.6,1.4,20,2,3.6,86,99
18,Female,3,3.43,3.2,97,6.7,4.3,2.3,0,6.6,Yes,In a Relationship,2.5,0.1,8,0,6.3,91,100
24,Female,4,3.38,2.3,75,6.6,4.5,2.3,0.7,6,No,In a Relationship,3.9,2.3,7,1,6,78,91
28,Male,3,4,6,100,7.8,6.2,2.7,1.6,4.3,Yes,In a Relationship,4.2,0,14,1,4.3,100,100
21,Female,1,3.87,2.9,84,6.8,3.8,2.2,2.9,1.6,Yes,Single,4.3,0.4,14,3,7.9,100,92
20,Female,4,3.61,4.5,100,7.1,3.7,1.5,0,0,No,In a Relationship,4.2,1.8,7,1,5.6,95,100
20,Male,1,1.97,0.7,60,4,6.1,4.3,2,1.4,No,In a Relationship,5,0.8,10,4,1.2,74,70
25,Male,3,4,5.3,100,7,3.7,1.9,1.5,3.4,No,Single,4.4,0.2,4,1,2.8,100,94
26,Female,3,3.68,5.1,100,4.8,4.3,2.2,0.8,2.1,No,In a Relationship,3.5,2.6,9,0,4.7,100,89
22,Female,2,3.12,3.6,98,5.5,7.5,3.4,0.9,5,No,In a Relationship,4.8,2.3,16,0,2.3,82,85
20,Male,1,3.49,3.2,90,5.4,4.2,3.3,2.8,0,No,Single,4.9,2.3,6,1,3.6,91,87
28,Male,3,3.52,4.1,99,5.7,5,1.5,1.5,2.7,Yes,In a Relationship,3.7,1.5,7,2,6.9,100,99
25,Male,1,4,6.9,100,6.3,7.2,3.9,0,1.5,Yes,Single,4.9,1.2,8,2,4.3,100,100
18,Female,3,2.62,0.9,66,6.4,7.8,3.6,1.4,5,Yes,In a Relationship,4.7,2.9,18,2,2.3,66,74
23,Male,4,4,4.7,95,7.8,6.4,3.1,2.2,4.1,No,In a Relationship,5.3,2.6,17,0,5.1,100,84
21,Male,2,3.41,2.1,87,7.3,4.7,2.2,0.6,1.3,No,In a Relationship,4.2,1.1,2,3,3.8,96,86
19,Male,3,3.55,3.5,78,4.7,4.2,2.2,0,4.7,No,In a Relationship,3.6,3.9,3,2,1,100,91
25,Female,3,3.56,3.1,91,7.1,6.7,2.5,3,0,Yes,In a Relationship,3.1,1.1,12,1,6.4,100,97
26,Male,2,3.73,2.9,94,7.4,4.6,1,0.9,0,No,In a Relationship,5,1.6,4,1,3.8,96,88
20,Female,4,3.57,3.5,81,6.6,5.1,2.7,1.8,1.2,No,Single,4.7,2.6,18,1,3.1,83,95
21,Female,2,2.71,1.8,78,6.9,8.2,4.1,0,0,Yes,In a Relationship,5,1.6,1,4,6.4,88,84
21,Male,3,3.68,5,100,7.2,6.6,4.1,3,2.8,Yes,Single,4.6,0.9,8,0,4.7,99,96
24,Female,3,2.98,0.8,94,7.9,5.2,2.2,0,2.8,No,Single,4.3,1.6,13,2,5.6,88,91
26,Female,2,3.38,4.3,92,5.1,6.7,4.4,3.2,2.2,No,In a Relationship,5.1,1.2,19,2,0.9,100,99
23,Female,4,3.19,3,90,6.7,9.3,5.7,0.7,4.1,No,In a Relationship,4.4,0,12,1,3.7,94,92
25,Male,2,3.4,1.7,88,8.8,4.1,2.3,2,1.6,Yes,In a Relationship,2.2,2.2,14,3,1,100,88
27,Female,3,3.92,3.8,98,8.7,6.4,3.8,2.6,0.4,Yes,Single,3.3,0.6,13,0,4.8,100,91
22,Female,3,3.42,1.2,91,8,2.2,0,0,1.4,No,Single,2.6,0,17,1,2.2,87,100
28,Male,4,3.89,3.6,87,7.6,4.2,0.9,2.3,0.6,Yes,In a Relationship,4.7,2.4,14,1,7,96,98
24,Male,4,3.23,1.4,81,9,6.4,2.9,2.4,1.8,No,Single,3.1,1.6,16,4,2.7,88,92
26,Female,4,4,4.2,100,9.3,3,1.3,0,4.2,Yes,Single,2.7,1.9,16,1,4.9,100,100
24,Male,1,2.92,2.1,69,6.8,9.4,5.9,0.9,0,Yes,Single,7.1,1.1,17,2,4.3,86,87
22,Male,3,3.55,2.8,83,5.8,4.9,3.7,0,2.3,Yes,Single,5.4,1.4,1,2,2.8,98,94
25,Female,2,3.52,3.9,93,6.7,9.8,4.2,0,4.9,No,Single,6.3,0.9,4,0,3.8,100,100
26,Male,4,3.5,2.3,89,10,5.2,2.8,1.2,5.1,No,Single,2.7,0.3,15,1,6.6,89,81
18,Male,1,3.96,3.4,84,5.1,5.6,1.3,1.1,1.6,No,In a Relationship,4.3,1.9,22,4,5.9,100,100
22,Female,1,2.95,1.2,71,6.4,5.2,2,0.6,7.4,No,In a Relationship,2.7,1.4,14,1,1.7,81,73
23,Male,3,3.71,4.4,92,5.3,6.5,3.2,0.4,0.9,Yes,Single,7.2,2.9,11,2,5,100,100
28,Female,4,4,6.1,100,7.1,3.4,1.8,0,2.5,Yes,Single,5,0,17,2,3.7,100,98
24,Male,4,4,7.7,100,5.6,7.8,3.8,1.5,0.7,Yes,In a Relationship,4,2.4,19,0,3.4,100,97
23,Female,2,3.03,3.6,93,6.9,7,3.9,2.3,3.9,No,Single,6.5,0.8,15,2,4,100,89
25,Female,4,3.74,4.7,95,4.7,6.4,2.8,2,8.6,No,Single,4.3,0.7,12,2,3.3,100,100
26,Male,4,3.22,0.8,74,7.7,3,0.1,0,6.7,No,In a Relationship,2.1,1.8,12,1,0,81,85
25,Male,1,4,5.8,100,8.5,8.6,5.4,2.5,4.7,No,Single,4.8,0.3,13,2,4.7,100,97
26,Male,1,3.81,4.7,94,6.5,4.4,2.5,2.8,1.8,Yes,Single,3.4,0.8,19,1,3.7,100,100
21,Female,3,2.75,2.8,55,6.8,9.7,6.9,4.6,2.7,No,In a Relationship,6,1.8,14,1,2.4,76,68
24,Female,1,3.84,5.4,100,6.8,6.3,3.8,0.5,5.2,No,Single,3.8,0.7,14,3,7.4,100,98
22,Female,2,3.67,3.1,89,7.2,4.7,2.5,2.3,4.5,No,In a Relationship,3.2,0.5,17,2,2.9,93,95
27,Male,2,3.58,2.8,96,7,6.7,3.5,3.6,3.2,Yes,In a Relationship,5.3,0.5,12,4,3.7,100,94
18,Male,1,4,4.2,100,7.9,3.4,0,2.3,3.3,No,Single,2.3,1.6,13,3,3.2,100,98
23,Female,1,2.77,1.9,86,8.5,7.6,4.3,5.5,5.1,Yes,Single,3.8,0,22,2,2.4,93,75
18,Female,4,3.3,5,86,6,9.6,6.7,1.2,5.6,No,In a Relationship,5.8,2,9,5,4.2,100,95
26,Male,3,3.55,1.9,95,6.6,3.5,0,0.9,0,Yes,Single,4.6,3.3,9,2,4.1,96,95
20,Male,1,3.53,1.9,86,8.1,5.7,2.4,0,3.5,No,Single,4.7,1.2,8,2,4.6,96,81
25,Female,3,3.05,2.1,77,5.3,5.7,2.6,1.4,4.2,Yes,In a Relationship,4.4,1.6,14,4,3.6,73,72
25,Female,1,3.93,4.6,87,4.6,7.3,4.1,1.6,1.9,No,Single,5.3,1.5,14,2,4.6,100,95
22,Female,1,3.16,2.6,76,7.3,10.4,6,1.9,5.6,Yes,Single,6.6,0.3,2,1,6.9,83,80
22,Female,4,3.33,1.5,77,7.6,5,3.4,2.2,2.4,No,Single,1.6,1.5,17,3,4,100,79
28,Male,4,3,2.6,70,6.1,8.6,6,1.3,5.6,Yes,In a Relationship,6,1.4,7,2,8.3,90,85
24,Male,1,3.69,3.5,91,6.3,6.5,3.1,1.9,2.3,No,In a Relationship,4.4,3,14,3,6.4,98,97
20,Female,4,2.96,1.7,76,6.1,4.6,3.5,1.2,3.5,No,In a Relationship,5.1,1.4,13,1,5.8,94,81
28,Female,3,3.17,1.8,83,6,8,3.3,2.3,3.5,Yes,In a Relationship,4.6,2.4,1,2,3.8,91,87
20,Female,1,4,6.7,100,7.8,7.9,4.6,0,6.3,No,Single,5.1,1.6,1,1,2.8,100,98
18,Male,3,3.22,2.2,68,5.6,6.3,2.2,0.6,4.5,No,Single,4.4,0.7,6,1,3,92,85
20,Female,4,3.1,3,84,6.7,8.3,4,1.9,2.1,No,In a Relationship,3.4,0,18,0,2,100,94
21,Male,1,3.54,2.9,81,5.9,4.5,1,2.4,2.5,No,Single,2.4,1.5,3,0,4.1,95,89
25,Female,3,3.07,2.9,81,5.3,2.7,2.4,1.3,2.4,No,Single,4.4,2,18,3,4.8,95,86
21,Male,2,3.94,4.4,96,8,5,1.8,1,3,No,In a Relationship,3.9,1.1,3,2,0.6,100,97
28,Male,4,3.55,4.9,100,6.4,6.2,2.9,1.2,1.1,No,In a Relationship,6,0.6,1,0,2.4,100,94
23,Female,3,4,3,88,7.2,4,2.3,0.4,2.8,Yes,Single,3.2,2.6,13,1,4.3,100,94
25,Male,3,2.88,1.6,78,5.2,5.4,4.5,1.2,5.7,No,In a Relationship,2.6,0.8,12,1,5.8,76,87
25,Female,2,4,5.4,100,6.1,5.1,1.5,2.9,5.6,Yes,In a Relationship,3.8,0,3,1,3.8,100,83
28,Female,4,3.91,3.4,97,7.9,1.7,0.2,1.4,0,Yes,In a Relationship,3.4,1.1,6,3,3.8,99,100
27,Male,3,4,6.1,100,10,6.3,0.8,1.1,0,Yes,In a Relationship,3,1.3,14,3,3.3,100,100
27,Male,4,2.46,0.5,59,4.6,7.6,4.3,1.3,1.8,No,In a Relationship,4.6,0.5,10,2,4.4,79,65
26,Female,4,4,3.8,92,6.8,5.9,1.3,3.9,0,Yes,Single,5.3,1.1,15,3,3.2,100,100
21,Female,2,4,6.4,100,7.5,6.4,3.4,2.6,0.5,Yes,In a Relationship,3.8,0,10,0,3.7,100,100
28,Female,4,3.36,3,88,6.3,6.3,2.4,2.6,3.7,No,Single,4.3,1.6,17,2,6.7,100,94
23,Male,4,3.47,3.2,100,8,7.1,4,2.2,2.9,Yes,Single,4.5,0.2,6,3,3.6,100,100
28,Female,2,3.4,3.9,93,6,6.7,2.5,2.2,0,No,In a Relationship,5.4,0.8,15,0,5.1,97,90
20,Male,2,2.99,2.7,77,7.2,7.5,6.9,2.6,5.3,Yes,Single,4.4,0.5,6,4,3.2,80,97
22,Male,1,4,3,83,6.4,9.7,5.6,3.8,2.2,No,Single,4.6,2.6,14,3,4.2,100,100
19,Male,2,3.97,3,98,8.5,6.1,2.3,1.8,2,No,In a Relationship,4.4,0.9,15,1,2.3,100,100
27,Female,1,3.34,2.6,87,6.2,4.9,2.1,1.8,5,No,Single,4.2,0.4,7,5,3.1,93,95
25,Female,4,4,5.3,100,6.6,10,7.5,3.3,3.8,No,Single,6.3,3.3,14,1,4,100,95
28,Female,1,4,4.2,100,8.1,3.8,1.2,1.7,2.9,No,In a Relationship,4.2,3,15,3,6.6,100,93
25,Male,4,4,3.9,100,5.8,6,2.7,2.8,2,Yes,In a Relationship,5,2,14,2,5.8,97,94
22,Female,2,4,4.7,100,7.1,7.3,2.8,1,4.1,No,Single,3.4,1.8,8,1,3,100,100
23,Male,2,3.45,3.1,70,4.8,5.2,2.8,0,2.1,No,Single,5.5,0.3,10,1,5.8,96,88
27,Male,3,3.72,2.3,98,5.7,1.2,0.2,0,2.5,No,In a Relationship,4,2.3,21,2,3.6,95,100
28,Female,2,3.27,2.6,96,7.5,9.5,3.5,3.7,0.6,No,Single,5.1,1.6,8,1,1.2,100,81
18,Female,4,3.9,3.5,100,5.8,5.1,1.3,5.2,5.3,No,In a Relationship,2.5,0.6,13,4,5.3,100,100
19,Male,3,3.27,1.9,82,6.3,7.5,5,1.6,6.1,No,In a Relationship,3.6,1.3,11,4,7.3,85,88
25,Female,4,3.9,2.7,85,7.6,5,0.6,0.8,3.4,No,In a Relationship,3.8,0.7,14,1,5,92,93
18,Female,2,3.22,2.7,78,6.3,7,2.9,2,2,No,In a Relationship,4.4,0,19,3,1.2,92,90
18,Male,4,4,6.7,100,8,3.6,0,0.6,4.9,No,Single,1,2.6,9,0,3.5,100,100
26,Male,2,3.49,0.5,79,7.3,2.4,0,4.1,4.2,Yes,Single,1.2,0,14,1,4.3,89,87
21,Male,3,4,3.2,89,7.5,5.3,1.5,0.5,2.1,No,Single,2.2,3.4,16,2,4.6,100,98
23,Female,4,4,6.1,100,8.5,6.1,1.8,0,5.3,No,Single,3.8,1,10,3,8.2,100,95
26,Male,4,3.54,3.7,86,7.4,5.9,5,1.7,2.2,Yes,In a Relationship,4.9,1.7,8,2,0.3,94,89
24,Male,2,4,4.6,100,8.8,6,2.7,2.4,0.4,No,In a Relationship,4,1.7,13,0,3,100,100
24,Male,4,3.74,3.6,94,8.1,8.1,4.7,1.4,2.9,No,In a Relationship,4.1,0.2,12,0,8,100,99
20,Female,2,3.36,2.5,82,6.4,5.5,2.2,3.3,5.2,Yes,In a Relationship,2.5,1,4,3,4.9,87,75
18,Female,1,2.56,0.5,66,8.6,6.8,3.7,1.6,3.2,Yes,Single,4.6,1.1,8,0,2.7,68,84
24,Male,2,4,3.8,83,7.3,6.1,1.7,1,0.7,Yes,Single,4.6,0.6,16,2,5.5,100,97
21,Female,3,3.33,2.3,93,6.5,4.3,1.6,5,2.2,Yes,Single,3.2,2.2,10,0,5.4,89,89
24,Female,3,3.77,2.3,83,7.3,3.1,0.1,2,5.4,Yes,Single,3.8,0,14,1,4.2,100,96
20,Female,2,3.39,2.8,87,8.3,6.7,3.3,0.6,3.5,No,In a Relationship,4.5,1.4,7,1,5.6,89,90
19,Female,2,4,6.1,100,7.5,6,3.2,0.1,3,No,In a Relationship,3.2,0,13,2,6.3,100,98
22,Female,2,4,7.1,100,9.2,5.3,4,0,2.7,Yes,Single,3.6,1.4,13,3,4,100,100
26,Female,2,4,3.8,99,8.3,6.4,3.1,0,5.2,No,Single,2.9,1.4,13,1,4.2,100,100
18,Male,4,3.5,2.8,94,7.6,9.1,5.8,3.1,5,No,In a Relationship,5,3.1,10,0,2.7,98,90
21,Male,4,3.29,1.7,85,5.8,5.7,3.1,1.3,0.2,No,Single,3.7,0.6,13,3,3.4,75,100
27,Female,1,3.52,4.2,91,6.8,7.1,4.3,2.5,4.9,No,In a Relationship,3.7,1,21,4,2.7,98,89
23,Female,3,4,6.2,100,7.1,1.5,2.3,1.8,4,No,Single,4.4,1,14,1,1.6,100,99
28,Male,1,3.39,3.1,81,7.8,5.9,1.4,0,6.2,Yes,In a Relationship,1,2.9,19,0,4.1,92,96
20,Male,4,2.92,0.5,78,7.8,8,3.9,1.2,2.9,Yes,Single,4.1,0.6,11,3,3.7,84,89
21,Male,3,3.88,4.5,95,7.2,4.1,2.7,1.3,5.3,No,In a Relationship,2.3,1.4,1,2,2,100,100
22,Male,2,4,5,100,7.1,6.2,4,3.4,3.9,Yes,In a Relationship,5.2,0.9,16,4,6.7,100,85
27,Male,4,2.86,1.1,77,7.9,8,3.3,2.7,0.8,No,In a Relationship,4.7,1,22,4,0.6,87,82
24,Female,4,3.72,3.8,86,6,3.2,1.6,1.3,5,Yes,Single,2.1,1.2,13,1,4.1,98,93
20,Female,4,4,4.2,100,9,8,4.4,1.5,4.6,No,In a Relationship,2.6,2.3,9,2,2.7,100,100
18,Male,3,3.52,3.4,90,4.5,3.9,1.5,0.5,1.7,Yes,Single,4.7,2.7,12,0,5.1,100,97
24,Female,4,3.49,2.3,88,8.7,7.2,3.7,0.3,3.6,No,Single,1.4,0,18,1,5.3,88,82
20,Female,3,4,5,93,6.9,7.8,4.7,0.5,7.2,No,Single,2.9,2,13,4,2.8,100,100
19,Female,2,3.44,2.9,83,8.2,4.9,2.2,1.2,2,Yes,In a Relationship,2.8,2.5,9,2,4.2,100,99
23,Female,3,3.22,1.3,80,7.4,8,4.5,1.6,4.5,No,Single,5.6,1.5,7,3,3.5,95,86
27,Male,1,2.69,0.5,71,7.4,5.8,3.4,1.1,0.8,Yes,In a Relationship,4,2.4,16,2,4.8,87,76
22,Male,1,3.64,5.4,100,7.7,5,4.1,1.9,1.9,No,In a Relationship,5.2,0,28,2,1.9,100,98
25,Female,3,4,4.4,100,8,3.4,1.5,0.9,4.6,Yes,In a Relationship,2.4,1.7,6,1,3.7,100,96
18,Male,2,3.53,3.6,98,6.6,4.8,3.1,2.4,3.5,No,Single,5,2.4,15,1,3.2,93,97
23,Male,2,3.69,2.8,100,8.2,1.8,0.7,4.1,2.6,Yes,Single,1.3,0.6,15,3,3.8,100,99
21,Male,1,3.33,2.7,81,5.7,8.8,5.4,3.1,6.4,Yes,Single,4.2,0,6,1,4.7,100,95
24,Male,4,3.06,1.9,79,7,2.8,0,0.2,1.2,No,In a Relationship,3.2,2.3,16,2,2.7,81,85
28,Female,3,3.47,2.9,86,8,5.7,2.3,0.8,2.7,No,Single,3.8,0.8,22,4,4.9,100,78
28,Female,2,3.26,0.5,75,8.2,5,1.4,3.1,4,Yes,In a Relationship,3.2,0.6,17,2,6,94,89
26,Male,1,3.05,2.4,86,7.6,7.7,3.8,0,1.3,No,In a Relationship,4.8,0,10,0,2.2,97,87
28,Male,3,2.98,3,94,6.5,9.2,5.7,1.1,4,No,In a Relationship,5.7,0.7,5,1,3,100,90
25,Male,3,4,4.4,98,8.1,5.6,3.8,1.6,5.1,Yes,Single,3.7,0.5,14,2,5.5,100,98
18,Male,4,3.1,3.4,95,6.2,10.9,7.2,1.1,2.8,No,In a Relationship,6.3,0,11,3,5.8,100,90
25,Male,2,4,4.7,100,9.1,4,0.7,1.2,1.6,No,In a Relationship,1.8,0.6,15,6,0,100,94
19,Male,1,4,5.5,100,6.9,6.4,0.8,1.9,2.4,No,Single,1.8,2.4,11,2,4.2,100,97
24,Male,1,3.85,5.1,100,5.2,4.5,1.5,1.6,0,No,Single,3.7,1.5,7,0,3.2,100,100
26,Male,2,3.9,4.2,91,5.6,6.5,3,0.4,5,No,In a Relationship,2.6,0,12,2,2.7,100,92
27,Male,4,4,3.5,100,7.1,4.2,1.3,3.8,3.5,Yes,Single,3.6,1.6,18,1,4.8,100,100
24,Male,3,3.17,2,80,7.2,4.8,1.7,1.5,2.6,No,Single,4.6,1.9,16,0,6.3,92,77
19,Female,2,4,4.6,100,9.4,6.7,3.7,2,0,No,In a Relationship,3.2,1.3,11,0,1.4,100,95
28,Male,2,4,6,100,5.8,3.4,0.9,1.1,5.2,No,In a Relationship,4.3,1.2,6,1,3.1,100,97
25,Female,1,4,4,100,7,4.3,1.1,1.5,2.1,No,Single,4,0.4,11,5,4.7,97,82
27,Male,4,4,6.4,100,5.7,5.9,2.2,0.5,4.1,No,Single,3.5,1.6,10,2,4.5,100,100
24,Male,1,3.12,1.2,84,6.4,4.8,2.3,0,3,No,In a Relationship,3.7,1.8,12,2,5.4,93,90
18,Male,3,3.1,1.8,78,9,8.3,4.3,2.4,0,No,Single,5.7,1.5,22,1,5.4,91,96
19,Male,3,4,4.8,100,5.6,5.3,1.4,0.3,5.5,No,In a Relationship,1.2,2.9,10,4,2.3,100,84
20,Male,2,3.71,3.9,100,7.7,3.6,1.7,1.1,5.2,Yes,In a Relationship,4.1,1,13,5,8.1,100,92
20,Male,4,4,5.5,100,7.5,5.5,3.7,3.8,4.5,No,In a Relationship,4.9,0,16,3,4.9,100,91
20,Female,2,3.86,3.5,87,7,7.5,4,3.2,3.6,Yes,In a Relationship,3.8,2.9,15,1,7.9,100,100
23,Female,2,3.07,2.2,93,7.6,7.2,4.9,0.5,0.6,No,In a Relationship,5.1,0,19,4,6.3,91,91
19,Male,3,3.26,3.2,86,5.6,5.2,3.5,2.1,4.7,No,In a Relationship,6.1,0.8,9,3,2.2,78,85
24,Male,2,3.48,1.2,80,9,8.1,3,0,7.4,No,In a Relationship,1.3,0.3,9,1,4.3,88,89
22,Male,1,3.52,1.8,99,9.3,5.5,3.7,3.2,3.2,No,Single,3.4,1.1,10,1,1.2,100,100
21,Male,4,3.98,5,99,7.1,3.6,2.4,1.6,3.3,No,Single,4.5,1.1,7,1,0.9,100,94
23,Male,4,4,4.8,100,9.9,4.5,2.4,3,0.8,No,In a Relationship,3.5,0.2,12,2,0,100,87
28,Female,2,4,4,100,6.5,3.4,0.1,1.9,0,Yes,Single,3.8,2.3,13,1,2.2,100,93
23,Female,3,2.85,0.9,73,7.5,7.2,4.1,1,2.3,No,Single,6.4,1.1,10,1,9.8,98,79
26,Female,3,3.64,3,86,8.7,8.4,3.1,1.1,6,No,Single,1.9,2.4,15,0,4.9,95,84
18,Female,1,2.97,1.7,83,6.4,6.1,4,1,5.7,No,In a Relationship,3.2,0,15,1,4.6,73,89
18,Male,4,4,5.3,100,5.3,3.3,0,2.1,2.9,No,Single,1.1,0.1,8,6,7.7,100,100
19,Male,3,3.66,2.6,84,5.1,7.1,2.7,0.5,3.9,No,Single,3.4,0.1,15,3,7.3,100,96
23,Male,1,3.58,1.9,89,9.5,3.7,1.5,1.5,0.6,No,In a Relationship,2.5,1.7,6,3,1.6,100,99
24,Female,2,3.56,3.5,79,6.4,8.9,5.1,1.7,3.2,Yes,In a Relationship,5.5,2.9,7,1,4.4,100,91
18,Male,4,3.33,2.5,77,6.8,4.5,3.7,0,2,No,In a Relationship,5.7,0.9,19,3,4.7,89,85
21,Male,2,4,5.7,92,5.7,8.3,3.2,0.1,3.1,No,In a Relationship,3.7,0,11,1,4.8,97,100
27,Female,1,3.68,2.4,98,8.1,6.4,2.2,0,2.5,Yes,In a Relationship,3.4,1.7,11,3,6.4,90,99
28,Female,4,3.13,1.4,75,6.1,5.6,3.4,1.1,2.4,Yes,In a Relationship,6.1,1.9,20,1,2.3,71,78
22,Male,1,3.14,0.5,81,6.4,5.4,1.4,1.4,5,Yes,Single,3.1,0.2,13,2,3.3,86,93
18,Female,3,3.67,3.5,90,7.4,7.3,2.7,2.4,6.9,No,In a Relationship,3.6,1.8,11,1,6.4,100,96
24,Female,4,3.39,2.7,96,5.7,3.4,1.9,0.4,2.7,No,In a Relationship,5.3,2,8,0,7,90,100
26,Female,2,3.26,1.4,58,6.8,8.5,6.2,0,5.8,No,Single,4,0,14,1,5,88,85
28,Female,3,4,5.3,100,8.7,9.6,5,0.8,0.5,No,Single,3.7,2.3,19,2,6,100,96
19,Male,2,3.92,4.5,97,7.5,7.5,4.4,2,2.8,No,In a Relationship,6.2,2.4,12,3,3.9,98,97
22,Female,3,3.73,3.5,87,7.2,4.1,0.6,3.7,0.4,Yes,Single,4.2,0.9,18,0,5.3,100,95
26,Female,4,3.97,5.5,82,7.3,7.2,4.1,1.6,2.4,Yes,In a Relationship,3.3,1.8,11,3,7.3,100,91
18,Female,2,4,4.5,100,6.5,7.2,3.1,0.2,4.4,No,Single,3,3.2,8,0,6.8,100,92
20,Male,3,3.33,2.3,94,9.4,8.2,4.6,2,5.2,Yes,Single,3.3,0.5,10,2,5.5,100,83
24,Female,2,2.67,1.9,79,6,6.4,3.3,1.6,1.4,No,In a Relationship,6.3,2.4,8,3,5.9,90,74
26,Female,1,4,4.7,100,7.3,3.3,2.8,1.5,3.9,Yes,Single,4.8,1.4,19,1,3.7,100,100
18,Male,1,4,4.1,100,7.1,7,3.2,0,5.5,Yes,Single,4.8,0.1,18,0,4,100,100
28,Female,1,4,3.8,100,8.2,4,0.1,2,5.2,Yes,Single,1.7,0,14,5,5.2,100,100
19,Male,3,3.88,2.2,96,8.3,3.1,1.6,0.9,3.5,No,In a Relationship,3,1.9,1,1,0.5,87,98
22,Male,2,3.69,4.4,86,7,5,3.4,0.9,1.8,No,In a Relationship,3.8,0,19,0,5.4,100,96
27,Female,2,3.67,2.4,83,7.3,8.1,4.5,2.7,1.6,Yes,Single,4.5,2.2,10,4,4.7,96,95
23,Male,2,4,3.3,99,7.4,5.2,2,2.3,1.3,No,In a Relationship,2.8,0,9,0,2.5,100,100
23,Male,3,4,5.7,100,4.3,3.3,2.7,0,2.9,Yes,Single,4.1,1.3,10,0,5.7,100,100
23,Male,2,3.79,2.5,89,5.1,2.4,0.4,3.5,1.4,No,In a Relationship,3.4,0.9,12,3,2.5,100,99
18,Male,1,2.21,1.1,61,6.3,8.4,5,2.9,4.4,Yes,In a Relationship,4.8,2.9,14,2,6.2,69,87
18,Female,4,3.11,1.9,78,6.3,8.3,4.5,0.4,3.5,No,Single,5.3,1.4,17,2,4.6,89,86
27,Male,2,3.88,5,93,5.6,6.1,3.8,0,3.4,No,In a Relationship,6.5,1.8,15,1,5.6,100,100
22,Male,2,3.69,3.9,92,7.9,6.2,3.4,2,0,No,Single,4.2,0.8,12,3,4.1,100,100
22,Female,1,3.36,3.3,91,7,7,5.1,1.8,3.1,Yes,In a Relationship,5.6,1,10,3,5.6,95,100
22,Female,2,3.73,2.7,75,6.7,6.2,1.6,0.3,2.1,No,Single,3.7,2.3,8,2,7.2,94,98
25,Male,3,3.89,4.2,89,5.5,4.6,1.4,3.9,7.3,Yes,Single,4.1,1.2,14,2,4.1,100,87
20,Male,1,3.4,2.2,86,6.9,6.6,4.4,1.4,0.4,No,Single,4,0.3,15,0,3.2,93,88
25,Male,1,3.66,4,86,3.8,5.9,4.3,1.5,2.6,No,In a Relationship,5.3,2.3,8,1,4.6,100,88
18,Male,1,3.66,2.4,83,6.8,2.5,1,1.9,3.8,No,Single,3.9,2.9,7,5,8.1,100,93
19,Female,3,3.56,2.2,89,7.1,7.2,2,3.1,1.1,Yes,In a Relationship,4.7,2.7,16,2,1.4,94,83
24,Female,1,3.32,2.5,73,7.3,8.1,5.3,1.9,6.9,No,Single,4.8,2.5,10,2,6.6,100,100
20,Male,2,2.78,2.9,75,5.1,5.9,3.4,1.6,6.9,No,In a Relationship,5.6,0.9,6,1,1.9,83,91
18,Male,3,3.88,3.4,89,7.3,6.7,4,0,1.3,Yes,In a Relationship,3.1,0.2,7,1,3.4,93,81
18,Female,1,3.99,3.9,96,5.8,3.3,1.1,1.5,1.8,No,In a Relationship,2.8,0,15,0,10.2,100,99
28,Female,1,2.73,0.5,62,6,6.7,3.8,3.2,7.3,No,Single,4.5,0,20,0,5.8,65,89
19,Male,4,3.64,2.3,88,7.9,3.7,0.7,0.6,5.8,No,In a Relationship,3.2,1.1,17,1,7.7,100,100
28,Female,2,4,2.9,100,9.4,3,0,1.7,2.3,No,Single,2.9,3,3,5,2.4,100,94
27,Female,1,4,5.8,100,7.1,5.4,3.9,0,3.9,Yes,Single,7,0,12,1,5.5,100,98
27,Male,2,2.45,1.9,66,6,9.1,5,3.4,0.2,Yes,In a Relationship,4.9,1.2,16,1,4,76,84
22,Male,2,3.28,3.7,96,7.2,4.7,2.4,1.4,7.4,No,Single,3.3,0.9,5,0,10.3,100,92
23,Female,1,4,5.7,95,8.1,4.2,2,1.3,3.1,No,In a Relationship,3.3,0,20,3,2.7,100,97
24,Female,2,3.05,1.5,88,7.7,7.6,5.4,2.2,4.2,No,Single,5.2,0.9,3,3,3.1,96,89
20,Male,4,3.68,4.1,94,10,4.2,2.5,1.9,1.1,No,Single,3.7,2.5,15,2,3.5,100,92
27,Female,1,3.16,2.3,85,6.1,6,2.7,2,0.7,No,Single,4.3,1.4,10,2,4.9,98,77
23,Female,1,3.4,2.7,84,7.3,9.4,5.3,0,3.9,Yes,In a Relationship,5.2,1.8,13,4,1.3,100,96
20,Female,4,3.65,2.3,83,8.9,4.4,2.3,3.2,6.8,No,In a Relationship,2.5,2.3,12,1,3.7,100,92
25,Male,1,3.81,2.4,100,8.8,2.6,1.8,3,1.9,No,In a Relationship,3.4,1.6,8,2,1.5,100,94
21,Male,2,4,7.6,100,4.7,5.8,4,1.9,1,No,In a Relationship,6.9,0.8,15,3,5.5,100,99
18,Male,1,3.84,4.8,98,7,4.2,1.7,3.5,3.6,No,Single,6,1.3,11,1,2.6,100,93
18,Female,3,4,5.2,100,8.8,4.1,2.6,1.5,6.3,Yes,In a Relationship,1,0.1,15,4,3.3,100,94
27,Female,4,4,4.2,100,10,3.1,0.8,0.9,1.7,No,Single,3.8,1.3,9,2,2.6,100,85
18,Female,3,3.51,1.1,88,7.8,5.4,3.1,1.9,2.5,No,In a Relationship,4.7,1.3,11,0,5.9,88,92
26,Male,2,3.99,4.1,100,6.6,5.9,2.9,3.1,4.7,No,Single,3.2,2.5,15,2,3.6,100,95
21,Male,4,3.37,5.1,100,5.8,5.6,4.3,1,4.9,No,Single,4.3,0.9,8,3,7.2,100,88
23,Male,2,3.29,2.2,73,9.7,7.8,4.1,0.9,2.4,No,Single,4.6,0.9,18,2,0.7,92,95
21,Female,3,3.81,4.9,99,7.9,8.6,3.6,0.1,5.2,No,In a Relationship,3.7,0,13,1,0.3,100,87
21,Male,1,3.75,4.6,93,6,8.1,3.4,1.5,4.1,Yes,Single,4.4,1.8,22,3,7.5,100,96
27,Male,3,4,6.3,100,6.8,5,2.7,1.8,3,No,Single,3.4,0,11,4,3.1,100,100
25,Female,4,4,2.9,98,7.4,7.5,3.7,0.2,4.8,No,In a Relationship,3.2,0.7,13,1,2.1,95,100
23,Female,1,3.58,1.9,72,7.7,4.8,1.1,0,4.5,Yes,In a Relationship,1.9,0.5,11,0,7.2,100,100
19,Female,3,3.19,3,96,5.9,2.9,0,1,0.9,Yes,Single,3.2,2.1,12,1,2.9,98,77
27,Male,3,3.78,5.7,100,6.3,7.7,4.5,1.8,6,No,Single,4.3,1.7,15,0,1.8,100,100
22,Female,3,2.83,0.8,62,5,7.6,3.8,3.7,3.7,No,In a Relationship,5.4,1.9,20,1,7.1,85,82
28,Male,2,2.97,0.5,79,8.2,6.7,2.6,2.5,5.8,No,In a Relationship,2.2,2.1,19,5,2.2,92,90
20,Male,3,3.62,3.6,93,6.6,6.4,4.4,4.6,3.1,No,Single,5.6,0.6,16,1,4.1,100,90
19,Male,3,3.54,2.8,89,7.6,5.6,1.7,0.9,3.5,Yes,In a Relationship,2.4,0.3,7,2,3.7,100,100
23,Male,1,4,3.5,100,8.7,6.7,1.7,2.1,3.8,No,Single,3.6,0,10,0,7.1,100,99
22,Female,3,4,4.9,100,7.3,5.6,1.5,1.4,4.1,Yes,Single,2.4,1.3,15,0,4.6,100,100
21,Male,4,3.59,2.7,94,6.9,8.5,3.7,4.8,6.1,No,In a Relationship,5.9,0.4,8,1,6.7,100,100
28,Female,2,2.72,0.7,80,7.2,1,0.4,2.3,3.9,Yes,Single,3.5,1.7,12,0,3.9,79,78
25,Male,2,4,6.6,100,7.1,5.3,1.6,0,2.9,No,Single,4.4,2.4,13,5,3.6,100,100
28,Female,3,3.12,2,83,8.5,6.5,3.2,0.7,5,No,In a Relationship,3.1,2.1,21,1,3,84,87
24,Female,4,3.57,1.9,75,7.4,5.2,1,0,3.9,No,Single,3.6,1.3,11,2,1.6,100,95
27,Female,1,4,5.2,100,6.3,3.4,1.8,3.2,8.9,Yes,Single,1.5,1.3,4,1,5.7,100,97
25,Male,4,3.54,2.9,88,8.3,2.4,0,0.4,3.6,No,Single,1.4,1.2,16,2,5.1,90,93
27,Female,2,4,3.4,96,8.5,7.8,3.7,2.1,5.5,No,In a Relationship,3.1,3.3,17,1,3.6,100,100
24,Male,1,3.45,4.2,100,5.4,3.5,1.8,1.3,4.8,No,Single,5.4,0.6,23,1,6.3,100,81
23,Female,3,4,5.1,100,8.8,4.5,1.2,1,0,No,Single,4.4,1.3,10,1,5.2,100,100
28,Female,3,3.74,3,88,7.4,3.9,0.9,0.3,1.5,No,Single,1.2,1,5,0,3.9,98,93
25,Male,3,4,5.8,100,7.3,5,2.2,0.9,2.1,Yes,In a Relationship,2.9,0.4,14,3,5.7,100,100
22,Male,4,3.46,0.5,81,8.2,4.1,0.4,1.6,0,No,Single,3.2,0.8,15,0,4.5,100,98
19,Male,3,3.87,4.6,96,6.3,7.4,5.7,1.1,2.2,No,Single,6.9,1.2,15,4,5.7,100,98
27,Female,2,3.54,2.2,100,8.1,2.1,0,2.2,0.3,Yes,Single,3.3,0,10,0,2.5,98,90
22,Female,2,4,5.6,100,6.5,4.9,2.1,0,0.8,Yes,In a Relationship,1.9,2.8,14,0,4.4,100,100
28,Female,2,3.44,3.7,91,5.2,4.6,3,0,3.5,No,In a Relationship,3.5,1.9,13,4,0.7,95,100
22,Male,2,3.43,2.5,87,5.8,6.1,1.6,2.5,6.8,No,Single,4,2.3,9,3,4.4,100,76
24,Male,3,3.8,4.5,98,7.7,5.1,3.1,0.2,0.3,No,In a Relationship,4.7,1,7,0,1.7,100,100
19,Female,4,4,4.8,100,5.9,5.5,1.6,0,0.6,No,In a Relationship,4.6,0.9,10,2,4.4,100,96
28,Female,3,3.77,4.5,100,8.9,7,5.1,1.9,1.9,Yes,Single,5.7,1,12,1,6.7,100,78
25,Male,3,3.55,2,83,8.4,4.9,1.1,1.3,2.7,Yes,In a Relationship,2.6,0.5,15,2,0,100,79
28,Female,3,4,2.8,100,8.6,1.1,0,2.6,0,No,Single,3.7,2.5,12,3,7.3,100,93
24,Female,2,3.43,3.5,96,7.1,5.6,0.9,0,1.6,No,Single,5.2,2.6,9,0,4.3,98,85
22,Female,2,3.99,3.4,100,7.3,7.8,3.4,0,1.4,No,In a Relationship,4.7,1.7,15,1,5.1,100,99
26,Female,1,4,4.6,100,5.6,4.9,2.6,2.2,3.6,No,In a Relationship,3.5,2.9,12,3,3.2,100,100
19,Female,2,2.72,0.5,75,8.2,5.9,3.9,2.2,3.9,Yes,Single,3.5,3.6,9,4,8.1,80,87
28,Female,2,3.4,4,89,7.5,7.1,3.6,2.5,2.7,Yes,Single,3.4,3,14,2,6.9,99,98
24,Female,2,4,3.1,100,7.7,3,1.8,2.3,2.2,No,Single,1.3,0.7,15,0,7.2,100,96
24,Female,4,3.84,2.2,93,9,5.1,2.1,1.6,1.6,Yes,Single,2.6,0,12,2,4,100,100
21,Female,1,3.13,2.4,96,6.3,4.2,2.2,0.7,3.1,No,In a Relationship,4.7,1.9,20,3,3.7,90,96
27,Male,4,3.17,3.2,83,6.8,8.3,5.6,0,1,Yes,In a Relationship,5.7,1.6,18,2,4.1,93,100
28,Male,3,2.83,0.5,71,7.4,6,3.8,4,6.1,No,In a Relationship,5.1,1.3,15,3,3.5,92,87
23,Male,3,2.78,2.4,66,5.9,7.6,5.6,0.2,0,Yes,Single,6.3,1,10,1,6.8,90,76
26,Male,4,3.54,2.2,96,6.8,9.1,4.1,3,1.7,No,In a Relationship,5.8,2.6,3,0,0.6,100,90
23,Female,4,4,4.3,100,7.6,6.6,2.7,0.7,4.7,No,In a Relationship,1.7,0,6,0,1.3,100,91
20,Female,4,3.45,2.3,100,6.6,2.5,1.3,1.2,2.2,No,In a Relationship,3.3,2.7,16,0,3.5,100,88
19,Female,3,4,3.2,91,8.6,5,3.1,0.4,4.3,No,Single,3.1,2.9,7,0,3.8,100,98
21,Male,4,4,5.8,100,5.2,6.7,2.7,1.6,6.4,No,Single,3.2,1.4,14,1,7.1,100,95
21,Male,1,3.95,5,100,8.3,6.9,2.7,2.1,4.7,Yes,Single,4.8,1.5,8,1,4.9,100,97
26,Male,2,4,4.9,100,7.8,3.8,2.5,0,0.6,Yes,In a Relationship,2.2,0,11,2,5.1,100,100
27,Female,3,3.86,2.8,90,6.3,3.8,0,2.2,0.7,No,Single,3.5,2.2,10,1,0.4,100,94
20,Female,4,3.24,4.3,89,5.9,8,4.7,3.6,2.6,Yes,In a Relationship,6.4,2.5,16,3,4.1,100,100
25,Female,2,3.01,3.1,83,4.5,3.4,2.7,2.2,3.9,No,In a Relationship,5.5,2,17,2,2.3,99,84
20,Male,1,4,3.2,100,6,3.2,0.7,2.5,5.4,Yes,In a Relationship,2.7,0,4,2,3.8,95,100
21,Female,2,3.68,4.1,93,8.3,6.3,3.5,1.3,1.4,No,Single,3.3,0,19,2,7.9,97,90
19,Male,4,3.67,2.6,73,6.9,4.6,1.5,0.8,2,No,Single,4.9,1,11,2,3.9,98,86
27,Male,2,4,5.7,100,8.4,5,3.6,1.8,2.5,No,In a Relationship,3.5,1.3,17,2,6.1,100,100
19,Female,3,3.6,3.3,88,6.3,6.2,4.1,0.1,2.5,No,In a Relationship,4.1,2.2,19,2,2.3,92,100
23,Male,3,4,4.4,95,7.8,6.6,4.3,1.1,6,Yes,In a Relationship,4.8,1,9,0,4.4,100,98
23,Male,4,3.94,5.7,100,6.1,5,2.6,0,2.8,No,In a Relationship,4.7,2.3,20,5,6.9,100,93
18,Male,2,3.91,5,100,5.8,4.6,2.2,0,3.3,No,In a Relationship,3.8,2.3,3,0,5,100,100
28,Male,1,3.39,1.4,69,6.9,4.7,1.9,3,4.8,Yes,Single,3.7,1.7,7,0,1,97,89
26,Male,2,4,4.2,100,6.2,5.1,1.7,0,6.2,No,In a Relationship,3.7,2.1,10,0,0.5,100,100
21,Male,4,4,4.8,100,5.1,7.9,2.8,2.5,2.9,Yes,Single,4.7,0.8,7,0,2.7,100,93
18,Male,1,4,4.8,100,6.8,6.5,2.5,4.1,5.5,Yes,Single,3.7,0.1,5,1,1.7,100,98
26,Male,1,3.56,1.8,92,7.1,6.2,1.6,1.8,6.7,No,Single,1,0.6,17,3,3.3,94,99
19,Female,1,3.56,2.5,100,8.5,3.5,1.1,0.3,2.8,Yes,Single,2.8,0.4,10,2,2.1,100,99
21,Male,4,3.8,5,100,8.1,4.4,2.6,2.3,1.9,No,In a Relationship,3.2,2.4,12,4,1.2,100,92
26,Female,1,3.97,2.4,92,8.5,6.1,2.1,0,7.4,No,Single,1.6,2.1,15,1,4.1,100,100
22,Female,2,3.49,3.1,100,7.9,4.1,1.1,0.5,5.2,No,In a Relationship,2,0,17,1,4.6,100,95
25,Male,1,4,5.9,100,7.4,7.9,4,0,3,No,In a Relationship,3.9,1.4,20,0,6.4,100,92
18,Female,2,3.28,3.4,91,5.5,7.4,5.5,0,4.3,No,Single,5.1,0,8,1,2.8,100,100
26,Female,2,3.09,2.4,90,7.2,8,4.2,2.6,0.9,Yes,Single,5.1,0.1,20,3,5.9,100,74
18,Female,2,3.77,2.2,84,7.7,4.5,1.7,1.3,5.2,Yes,Single,2.2,2,13,0,0,100,91
28,Male,1,3.98,4,100,8.7,5.1,2.7,2.3,0,No,In a Relationship,4.6,0,13,1,6.2,100,100
18,Female,4,2.83,1.5,75,7.8,7.7,5.1,1.8,5.1,No,Single,5,0,11,4,1,67,88
23,Male,2,4,3.1,99,8.5,4.6,1,0,1.6,No,Single,3.8,0.2,14,2,2.5,100,98
18,Male,4,3.63,4,97,5.8,7.9,4,1.1,0,No,In a Relationship,6.5,0,20,1,3.3,99,85
20,Female,4,4,5.4,100,6.6,3.2,0.6,0.3,0,No,In a Relationship,3.4,0,15,3,4.2,100,93
18,Male,2,3.75,4.5,99,7.5,8.7,5.3,0.9,2,No,In a Relationship,4.8,1.1,17,2,4.5,100,90
22,Male,2,3.85,2.4,94,8.4,5.6,2.2,1.4,4.4,No,In a Relationship,3.3,0,8,0,1.1,99,84
18,Female,1,3.8,5.3,83,6.8,10,6.1,1.1,0.2,No,Single,5.6,1,10,1,3.3,100,100
20,Male,2,3.66,3.1,96,6.9,9.6,5.4,1.8,0.5,No,Single,4.5,1.2,12,5,6.7,100,100
27,Female,4,3.5,1.6,75,7.8,7.8,2.6,1.7,2,No,Single,3.4,2,15,3,4.9,92,85
25,Female,4,3.75,3.2,92,5.6,4.1,1.7,0.2,4.6,No,In a Relationship,5.4,2.1,14,2,1.4,100,82
18,Male,4,4,5.7,100,8.9,7.9,3.1,1.6,4.9,No,In a Relationship,2.4,0,21,3,0,100,100
28,Male,2,3.82,3.7,98,5.9,5.6,2.5,3.8,3.3,No,In a Relationship,3.5,0,9,1,5.6,100,98
22,Male,2,3.85,3.5,98,4.7,3.9,2.2,0.8,5,No,Single,3.7,0,14,2,2.3,100,100
21,Female,4,4,6,100,7,2.5,0.3,0,4.4,No,Single,3.3,2,15,1,4.3,100,100
27,Female,3,3.43,1.4,80,9,5.6,2,1.2,2.2,Yes,Single,3.6,1.5,10,3,3.7,76,91
28,Male,3,2.79,1.6,76,7.7,5,1.1,2.5,4.8,No,Single,3.5,0.8,12,4,5.7,77,76
28,Male,4,2.86,1.1,80,7.9,5.4,3.6,2.3,0.4,No,Single,7.1,0,9,6,5.4,83,83
28,Female,1,3.19,4.1,100,7,6.4,4.3,2,4,No,In a Relationship,5.3,1.4,13,3,5.5,100,99
22,Male,2,3.52,3.7,100,6.8,6.3,3.9,3.6,0.7,No,In a Relationship,5.9,2.6,5,2,0,91,100
20,Male,1,3.53,5.8,100,5.1,5.3,3.3,3.4,3.3,No,Single,7.7,2.5,20,0,5.5,99,96
21,Male,2,3.84,3.9,89,4.3,2.2,1.5,3,5.4,Yes,In a Relationship,4.5,0,11,2,4.4,100,99
19,Male,1,3.52,2.9,96,7.2,3.4,3.1,1.1,3.4,No,In a Relationship,3.6,2.3,8,1,3.3,93,93
27,Female,4,3.35,3.5,77,8.6,6.5,4,5.2,3,Yes,Single,3.7,0,3,2,6,89,92
22,Male,4,3.95,3.7,100,7.4,5.2,1.9,0.6,3.5,No,In a Relationship,4.5,0.8,10,3,1.3,100,88
26,Male,4,2.86,1,69,7.7,6.8,3,2.7,4.3,Yes,In a Relationship,2.4,0.7,11,1,6,60,88
20,Male,1,4,7.6,100,8.9,4,2.6,0.6,7.3,Yes,Single,1,1.5,14,2,4,100,100
25,Male,3,3.77,4.3,100,7.4,6.7,5.3,2.5,4.3,No,In a Relationship,3.8,0.2,11,1,4.4,100,97
21,Female,4,3.25,3.8,93,6.9,6.5,4.1,2.3,2,No,In a Relationship,5.6,1.3,26,3,2.3,99,94
19,Male,2,4,4.4,93,6,6.7,3.7,1.1,2.6,No,Single,5.5,0.1,6,4,5.7,100,91
25,Male,4,4,4.6,100,9.4,4.4,0.2,0,1.2,Yes,Single,2.4,1.4,15,0,7.3,100,100
20,Female,4,3.8,3.3,96,7.6,7,3.1,4.3,0.5,No,Single,5.5,0,14,1,2.8,100,95
18,Female,1,3.66,2.6,91,5.9,5.2,2.6,3.6,0,Yes,In a Relationship,5.6,0.8,5,1,4.7,83,89
22,Female,2,4,4.4,94,5.6,6,2.6,3.4,2.1,No,In a Relationship,5,1.2,10,4,5,94,100
25,Male,4,4,4.1,88,8.5,2.5,0.5,0,0.2,Yes,Single,3.2,0.9,24,1,0.4,100,94
19,Male,3,3.41,2.3,98,5.8,4.3,1.2,2.8,3.2,No,In a Relationship,4.7,2,9,3,5,89,89
21,Male,4,4,5.6,100,9.2,5.6,2.7,1.3,2,No,In a Relationship,4.2,0,22,0,9.6,100,94
19,Male,2,3.27,3.9,83,3.7,9.2,4.5,1,0.8,No,In a Relationship,6.1,1.4,11,2,4.5,100,76
20,Male,4,4,4.6,100,8.7,5.5,1.9,0.4,0,No,Single,4.5,0.4,12,1,2.5,100,92
23,Male,4,4,5.6,100,7.6,4.3,2.2,3.4,2.3,No,In a Relationship,3.1,1.8,10,0,1.7,100,100
23,Female,1,3.58,3.5,98,7.1,7.6,5.5,1.9,0,Yes,In a Relationship,5.9,1.2,7,0,4,100,100
20,Male,2,3.84,4,100,6.8,5,2.4,1.5,4.4,No,Single,4.1,2.3,6,1,2,100,98
23,Male,3,4,4.7,100,9.3,3.7,2.6,2,3.5,No,Single,2.7,1,9,3,3,100,100
21,Female,3,3.34,2.4,100,7.8,5.3,2.6,1.8,2.5,Yes,Single,3.9,2.4,16,0,2.6,95,84
25,Male,4,3.85,3.6,90,5.9,3.6,0.8,2.8,5.9,No,In a Relationship,3.7,1.4,15,4,2.7,100,100
27,Female,1,3.73,3.7,99,4.9,7.3,3.7,0,3,Yes,Single,4.1,0,10,1,3.1,100,93
19,Female,4,3.56,2.1,68,7.2,5.5,1.8,1,3.8,No,In a Relationship,3.6,0.4,21,0,2,100,94
26,Male,3,4,7,100,7,5.9,2.8,0,4.4,No,Single,6,0.6,8,1,1.7,100,97
21,Female,4,3.21,1.4,91,5.2,4.5,3.5,1.8,2,Yes,In a Relationship,4.4,1.3,14,5,3.3,84,85
22,Female,3,2.67,1.6,65,6.9,7.2,5.7,0,2,No,In a Relationship,6.5,2.1,5,1,3.1,75,91
19,Male,1,4,5.5,100,6.3,3.1,0.8,0,3.1,Yes,In a Relationship,3.4,1.8,14,2,3.7,100,99
28,Female,3,3.82,4.6,87,7,7.9,4.1,1.9,0.3,No,Single,6.3,1.9,15,2,1,100,100
28,Female,1,3.68,2,98,7.9,7.8,4.1,1.1,6.6,Yes,Single,2.8,0.5,11,1,4.1,93,99
24,Male,1,4,4.4,100,8.8,4.5,1.8,2,3.3,No,Single,3,2.1,12,5,7.1,100,95
19,Female,2,4,5.7,100,8.1,9.5,3.7,0,2.6,Yes,Single,6.3,1.3,10,3,6,100,100
26,Female,4,3.07,3.5,82,6.1,10.2,5.3,1.2,7.2,Yes,Single,4.4,2,17,2,2.7,90,80
28,Female,2,4,7.4,100,7.4,6.2,1.7,1.4,0.8,No,In a Relationship,4.6,0,16,4,2.7,100,96
25,Male,2,2.79,0.9,73,7.1,7,3.2,0,6.1,Yes,Single,4.2,1.7,14,1,5,77,75
21,Female,1,3.82,4.5,95,5.4,7,3.4,0.6,4.6,No,Single,2.5,0.6,16,2,7.1,100,96
23,Female,4,4,5.2,100,7.5,7.1,3.6,1.7,5.2,No,In a Relationship,4.2,0,15,1,7.6,100,100
25,Male,1,4,4.8,100,9.2,4.8,4,1,2.6,No,In a Relationship,2.6,1.8,10,3,4.5,100,92
23,Male,2,3.72,3.2,90,7,4.7,3,0.4,3.1,No,Single,4.8,0.8,14,2,1.5,100,90
26,Male,1,3.6,3.1,81,5.1,6.3,3.6,1.8,2.3,Yes,Single,5.3,1.7,16,1,6.9,100,91
28,Male,2,3.98,4.2,100,7,4.6,1.4,0.8,5,No,Single,2,0.2,11,1,1.4,100,100
20,Female,2,4,4.7,100,5.5,5.9,3,1.9,3.8,No,Single,3.3,3.2,15,2,4.9,100,93
27,Female,3,3.44,4.4,100,8,5.4,2.1,2.2,1.9,No,Single,3.6,1.1,5,2,5,100,100
22,Male,1,4,5.1,100,7.6,1.5,1,2.3,2,Yes,In a Relationship,5.8,0.7,6,3,1.8,100,95
23,Female,2,3.35,2,78,6.8,5.6,2,1.7,3,No,Single,5.4,2.2,12,0,3.7,92,92
27,Male,2,3.67,3.2,90,6.6,6.3,3.2,1.3,2.3,No,Single,4.9,1.1,10,3,3.9,100,100
28,Male,3,3.59,2.1,79,6.7,6.3,3.5,1.4,5.9,No,In a Relationship,4.4,4.4,18,3,2.4,100,100
19,Male,2,3.81,2.9,76,7,5,0.9,3.2,4.6,No,Single,3.6,2.4,11,1,3.9,100,93
22,Female,1,4,5,100,6.1,3.1,1.4,0.6,4.6,Yes,In a Relationship,3,0.7,18,0,10,100,100
27,Male,3,3.01,3.7,91,5.3,6.6,3.9,3.3,3.5,No,In a Relationship,4.3,1.3,12,0,5.2,100,76
28,Male,4,4,7.4,100,8.4,6.9,3.6,0.8,1.3,No,Single,5.1,1.3,14,3,5.6,100,100
23,Male,2,3.61,3.8,96,6.5,6.1,4.1,2.1,4.4,No,In a Relationship,3.9,0.1,10,3,3.7,100,89
18,Female,1,3.63,3.6,84,7.2,5.5,4.9,1.8,0,No,Single,6.9,2.5,11,3,7.8,100,90
26,Female,2,4,3.7,100,7.3,5.2,3.6,2.4,3.3,No,Single,2.9,0.8,8,1,2.5,100,100
21,Male,3,3.45,2.5,98,7.4,5.1,2.2,0,1.4,No,In a Relationship,3.1,1,7,3,1.4,87,84
19,Female,1,3.45,3.4,80,5.6,5.7,3,2.2,1.2,No,In a Relationship,6.4,1.4,17,2,2.5,89,91
22,Male,4,3.41,5.2,91,5,8.3,5.3,1.3,2.1,Yes,Single,5.7,0.3,17,2,3.8,100,100
25,Male,4,3.51,3.7,90,6.3,9.1,6.9,2.3,2.8,No,Single,5.9,1.4,17,1,2.8,100,100
28,Male,1,3.57,2.3,86,7.5,4.9,3.5,1.9,3,Yes,In a Relationship,4.8,0.7,18,3,2.6,96,90
24,Female,4,3.39,2.1,80,6.1,6.8,3.6,2.7,4.6,Yes,Single,5.5,0.7,13,3,1.9,97,99
26,Male,3,3.06,2.8,89,6.6,6.7,3.9,0.2,2.7,Yes,Single,5.3,1,10,1,3.1,93,91
22,Female,3,3.67,3.6,84,9.6,6.6,2.8,0,2.8,No,Single,3.5,0.5,9,1,3.9,100,100
18,Female,4,2.96,5.3,90,4.8,6.6,4.5,0,0.2,Yes,In a Relationship,6.9,0,3,2,6.3,93,78
23,Female,3,3.01,1.5,69,6.1,4.9,4.3,0.8,0.5,Yes,In a Relationship,5.9,1.4,15,3,2.9,68,92
18,Male,3,4,3,99,9.3,3.2,3.3,0.4,3.6,Yes,In a Relationship,4.4,0,13,4,7,100,100
22,Male,3,3.23,3.7,78,6.9,4.8,2.3,2.2,4.3,Yes,In a Relationship,6.5,0,14,2,2.7,100,89
24,Female,1,2.83,0.7,78,6.2,3.7,0.5,3.1,2.5,No,In a Relationship,4,1.2,15,2,3.6,93,82
25,Female,3,3.68,2.2,81,8.4,6.6,3.9,2.4,4.9,No,Single,2.8,1,19,3,4.3,92,81
27,Male,4,3.33,2.5,91,7.1,5.4,3.1,0.7,0.2,Yes,In a Relationship,5.8,1.5,10,2,6.1,92,95
24,Female,3,3.83,2.3,92,6.6,2.8,1.7,1.4,3.8,No,In a Relationship,3.5,1.9,14,1,4.1,100,100
18,Female,4,3.94,3.8,100,7.2,1.8,1.1,2.3,1.3,Yes,Single,4,0,10,2,4.5,100,89
20,Female,3,3.47,3.3,79,6.2,7.2,3.8,3.3,1.1,Yes,In a Relationship,5.5,0.6,3,5,6,100,97
18,Male,4,3.36,2.7,83,5.8,3.1,0.4,2.9,1.5,No,Single,3.2,0.8,11,0,4.8,100,90
24,Female,4,3.88,4.1,96,6.9,5.8,3.2,2.9,2.8,Yes,In a Relationship,3.9,1.5,19,2,3.4,98,99
25,Male,1,3.62,6.1,100,5.8,5.2,4.1,2,3.9,No,In a Relationship,2.5,1.4,11,1,2.7,100,99
18,Female,4,4,6,100,7,5.4,3.6,3,3.7,No,In a Relationship,4.1,0.8,8,1,4.3,100,100
24,Male,3,3.1,0.6,75,7.4,5.3,2.2,2.5,2.4,Yes,Single,4.4,1.2,14,1,6.2,81,86
27,Male,2,4,4.4,100,8,4.2,0.9,0,4.3,Yes,Single,2.7,0.9,16,4,4.2,100,100
23,Male,2,3.6,3.2,89,8.4,6.5,3.7,1.9,6.4,Yes,In a Relationship,2.8,0.3,15,4,5.5,100,93
26,Female,1,3.24,3.7,99,6.5,9.3,4.6,0.4,2.8,Yes,In a Relationship,5.4,1.3,19,2,3.5,100,85
27,Female,2,3.54,2.9,100,7.6,4.2,1.9,0.4,3.2,No,Single,2.5,0,7,0,4.9,100,91
23,Male,3,3.9,3.7,93,7.6,8.1,3.6,1.7,1.8,No,Single,3.4,1.4,19,1,4.9,100,96
27,Female,4,3.47,3.7,78,7.4,8.5,5.2,1.5,2.2,No,In a Relationship,5.6,2.6,2,7,4.6,100,93
26,Female,2,3.53,2.6,86,6.4,6.4,3.3,1.2,5.5,No,In a Relationship,4.6,0.9,2,0,3.2,100,100
19,Male,1,3.19,2.2,96,5.8,6.3,2.2,0,5.5,No,In a Relationship,4.3,3.3,5,2,5.4,100,86
22,Male,3,3.83,2.8,90,7.6,6.7,4.4,1.3,2.6,Yes,In a Relationship,4.3,1.8,14,1,4.3,100,100
28,Female,4,3.43,3.9,83,5,4.3,1.7,0,4,No,Single,5.2,2.7,4,3,6.9,88,99
27,Male,2,3.94,4.4,100,6.7,2.4,0.9,1.9,4.8,Yes,In a Relationship,1.9,1.6,9,2,5.7,100,100
27,Female,4,3.58,4.8,100,3.9,8.1,4,1.5,2.1,Yes,Single,5.5,1.8,10,2,4.9,100,100
27,Female,4,3.79,2.8,94,5.4,5.6,2.2,2.3,0.4,No,Single,5.7,1.3,16,1,5.2,100,98
24,Female,4,3.95,3.9,100,5.9,6.6,2.3,0.2,4.4,No,In a Relationship,4.8,0,18,3,5.5,100,100
19,Female,1,4,4.9,100,8.3,5.1,1.9,3,4.8,No,Single,2.1,0,17,3,6.9,100,100
26,Male,1,4,5.2,100,7.8,6.4,2.1,1.8,4.5,No,Single,5.4,1,5,0,6.4,100,94
21,Male,4,2.74,3.4,81,6.3,7,4.9,5.9,2.3,Yes,Single,5.2,0.6,13,5,8.6,92,91
21,Male,2,3.53,3.2,78,7.9,9.5,5.3,0.4,6,Yes,Single,4.2,0.6,10,3,1.2,90,95
22,Female,2,3.46,3.8,85,8.1,8,5.5,3.6,3.6,Yes,Single,5.6,0,11,1,0,88,100
22,Male,1,2.84,1.8,83,6.8,7.4,4.4,0.5,0.7,Yes,In a Relationship,6.8,2.3,12,3,6.9,78,80
28,Female,2,3.64,3.2,83,5.3,7.4,3.5,2.8,0,Yes,In a Relationship,5.6,0.2,10,3,5.6,90,89
23,Male,2,4,4.6,100,6.8,6.5,0.7,2.2,2.4,No,In a Relationship,4.6,0.1,8,4,1.8,97,100
21,Male,2,4,4.5,100,6.9,6.5,2.5,0,3.4,No,Single,3.4,1.2,10,4,5.2,100,95
28,Female,4,3.18,3.1,86,5.5,10.1,6,1.1,2.4,Yes,Single,7.7,2.3,9,3,5,100,83
20,Male,3,4,3.8,100,7.4,4.4,2.1,2.7,7,No,In a Relationship,2.9,2,17,2,3.7,100,100
23,Male,1,3.06,2.3,71,7.3,8.3,5.1,1.2,3.8,No,In a Relationship,5,0.6,12,3,5.2,93,88
27,Male,4,3.7,4.6,100,7.5,5.8,2.9,2.8,1.1,Yes,Single,4,1,17,1,2.7,100,100
22,Female,2,3.85,3.4,100,7.3,4.7,0,2.2,0,No,In a Relationship,3.7,2.8,17,1,3.9,100,90
26,Male,2,3.58,3.1,80,7.9,6.6,3.8,2.9,3.5,Yes,Single,3.3,2.3,19,1,4.6,92,91
22,Female,2,3.58,3,79,6.8,9.3,4.7,2.2,5,No,In a Relationship,4.4,2.1,6,0,5.5,98,100
22,Male,1,3.68,3.4,92,7.2,4.1,2.7,0.3,6.7,No,In a Relationship,3.2,1.6,13,2,5.2,93,100
22,Female,2,3.72,2.8,82,6.5,9.3,4.6,1.6,2.6,No,In a Relationship,4,1.3,6,0,4.7,93,100
18,Male,4,4,4.5,100,6.3,2.3,0.3,1.7,6.4,No,In a Relationship,2.1,3.2,21,4,2.7,100,100
21,Female,2,4,2.9,91,8.6,4.7,0.7,1.5,0.3,Yes,In a Relationship,1.1,2.3,15,1,3.2,87,87
18,Female,3,4,5.9,100,4.5,5.1,3.1,0.5,2.3,Yes,Single,4,1.3,10,0,1,100,100
26,Male,2,4,5.7,99,8.1,7.2,3.5,1.2,1,No,In a Relationship,4.4,1.9,10,2,4.9,100,100
18,Male,4,3.08,2.2,69,6.3,6.6,4.8,2.3,4.6,Yes,In a Relationship,5.8,1,16,2,5.8,88,78
23,Female,4,3.45,3.6,82,6.1,8,3.8,1.6,0.4,No,In a Relationship,4.9,0,10,0,2.3,100,88
28,Male,2,3.63,2.5,85,7.3,5,1,0,3.8,Yes,Single,3.1,0.2,5,1,5.6,100,96
28,Female,4,3.42,3,79,5.2,5.4,3.1,3.2,0.5,No,In a Relationship,6.5,0.7,14,2,4,98,85
19,Female,3,4,6.5,100,6,7.4,3.7,0.9,6.5,Yes,In a Relationship,4.9,0.7,18,1,4.4,100,100
22,Female,4,3.85,3,88,6,4.1,0,0,2.3,No,Single,4.3,0.5,12,2,3.2,100,99
24,Male,4,3.73,4,95,6.7,4.6,2.7,1.5,3.8,No,Single,4.1,0.5,16,2,5,100,99
25,Male,3,3.62,4.3,87,6,4.1,2.3,0.7,0,No,Single,4.3,2.5,9,2,0,100,83
23,Male,1,3.45,2,84,8.9,3.5,1.8,0.3,0,Yes,Single,4,3,13,3,7.7,89,93
25,Female,1,3.46,2.2,92,9.2,5,3.5,1.7,1.5,No,In a Relationship,5.2,2.5,12,2,4.9,100,89
25,Female,4,2.74,1.7,84,4.6,2.8,1.1,3.3,4.7,No,Single,5.7,0,10,2,5.7,84,79
24,Male,4,3.51,2.2,92,7.7,7.5,3.4,2.1,4.3,No,In a Relationship,6.2,2.3,7,3,2.4,94,94
25,Male,4,2.63,0.5,64,8,7.3,3.6,0,5.2,No,Single,5.1,1.9,8,0,2.5,86,82
25,Male,4,3.56,4.3,91,7.7,5.4,4.4,1.2,0,No,Single,5.1,1.2,9,0,5.1,100,100
24,Male,1,4,6.6,100,6.2,3.5,1.1,0.9,4,Yes,In a Relationship,2.3,0.7,10,1,0.9,100,100
23,Female,4,3.53,3.7,98,6.7,2.1,0.5,2.2,1.9,No,In a Relationship,4.1,0.9,11,1,4.2,100,100
24,Male,3,2.91,1.4,75,6.1,7.2,3.2,0,1.4,No,In a Relationship,6,2.2,13,4,2.8,96,76
26,Female,1,3.51,2.5,90,6.5,4.9,2.4,2.3,1.9,No,Single,1.8,1.6,13,2,3.3,94,96
23,Male,2,2.83,2.8,84,5.5,8.3,7.2,0.3,2.8,Yes,In a Relationship,4.9,2.4,11,2,2.9,84,89
20,Male,4,3.34,2,75,6.9,6.7,3.5,0.8,4.3,Yes,Single,3.7,2,12,0,4.6,83,85
23,Male,4,3.83,4.8,97,5.2,6.6,2.9,2.7,5.2,No,In a Relationship,3.5,2.6,8,4,5.4,100,88
27,Female,3,4,4.7,100,6.8,4.4,2.5,1.9,4,No,Single,2.2,1.8,13,2,6.3,100,100
25,Female,4,3.2,1.8,74,5.5,3.7,1,2.2,4.3,No,In a Relationship,4,0.1,4,3,1,86,94
18,Female,4,3.81,4.6,100,7.2,5.5,3.6,2.8,6.6,Yes,Single,4.8,0,7,2,2.6,100,100
24,Male,4,4,5.8,100,6.2,7.2,2.7,1.1,4.4,Yes,In a Relationship,3.8,1.8,7,1,3.3,100,99
28,Female,2,4,6.4,100,7.3,5.2,2.7,0.2,2.6,No,Single,2.3,1.8,9,1,6.8,100,96
20,Male,1,4,7.8,100,8.3,5,2.9,1.8,4.2,No,In a Relationship,3.6,0.6,13,0,3.4,100,100
24,Male,1,4,2.1,88,8.9,6,3.1,2.6,6.4,Yes,In a Relationship,1.7,1.4,13,4,4.6,85,100
22,Female,1,4,7.7,100,4,3,0.2,1.6,1.3,No,Single,3.4,0.7,13,2,3.1,100,100
19,Male,2,3.91,3,86,6,7.9,4.1,3.2,2.1,No,In a Relationship,6.1,0.7,16,3,3,100,96
25,Female,3,3.65,2.6,90,6.6,6,1.5,1.1,5.9,Yes,Single,4.3,0,13,5,7.6,100,97
25,Male,3,4,4,94,7.6,7.1,2.6,1.2,2.4,No,Single,3.6,1.2,7,1,4.9,100,86
25,Female,1,3.22,2.6,72,5,7.2,4.7,0,4.5,No,In a Relationship,6,0.7,12,1,2.2,100,86
19,Female,3,3.45,4.1,91,5.8,8.9,5.5,0.3,5.6,Yes,Single,4,1.6,7,2,3.1,100,96
21,Female,1,3.36,1.5,73,7.2,5,0.2,1.8,0.5,No,In a Relationship,4,0,10,3,4.3,83,86
23,Male,4,3.95,3.1,82,7.1,7.6,2.8,0,2.2,Yes,In a Relationship,3.8,1.8,14,2,1.7,91,100
26,Female,1,4,5.4,96,7.5,5.1,3.2,1.4,5.4,No,Single,2.2,0.7,11,3,3.9,95,96
27,Female,2,3.96,3.4,88,7.5,4.2,0.5,1.4,2.7,Yes,Single,2.1,0.1,15,2,4.4,98,92
19,Female,1,3.29,3.7,89,7.4,7.5,4,2.3,0,Yes,Single,5.4,0.8,12,0,1.4,100,93
26,Male,2,4,4.2,100,7.2,7.1,3,2.7,2,No,In a Relationship,2.8,0,4,2,5.4,100,100
28,Female,2,4,5.3,100,7.1,7.6,3.1,2.1,4.6,No,In a Relationship,3.6,0.9,10,2,5.4,100,98
27,Female,1,3.13,1,89,7.8,3.2,1.4,4.3,5.6,No,Single,3.8,1.3,15,3,2.8,91,86
27,Male,4,3.83,4.4,88,4.3,5.6,3.4,1.7,3.1,Yes,Single,4.7,1.3,14,1,6.5,100,91
23,Female,1,3.55,3.1,75,8.9,8.2,4.1,3.8,4,Yes,Single,2.2,1.7,7,1,1.1,100,81
18,Female,3,3.48,3.7,84,4.4,6.2,3,0,2.3,Yes,Single,4.9,0.6,10,1,0,96,84
24,Male,1,3.91,5.1,100,5.7,2.3,2,2,4.8,No,In a Relationship,4.5,2,13,0,6,95,98
21,Female,4,3.24,1.7,78,6.7,3.1,2.1,1,5.9,No,Single,2,1.5,9,2,8.6,100,77
23,Female,3,3.11,2,83,7.8,6.9,3.1,1.9,4.5,Yes,In a Relationship,4.8,2,10,3,3.1,96,93
25,Female,3,2.85,0.6,64,3.5,6.9,2.9,1.9,2.8,Yes,Single,6.1,2.9,13,1,0,92,94
26,Female,4,3.18,2.7,90,7,5.6,4.2,2.6,3.9,No,In a Relationship,4.8,0,21,4,0,92,100
26,Male,4,4,5.5,100,8,6.4,2.1,2.5,4.9,No,Single,3.6,0.8,14,2,5.7,100,98
19,Male,3,4,3.3,85,8.2,3.8,1,1.7,3.1,No,Single,3,0.4,15,3,5.7,100,100
28,Male,3,2.81,1.5,57,6.2,5.1,3.3,0,4.6,Yes,Single,4.6,3.3,8,5,9.1,76,76
28,Female,1,3.81,2.8,94,6.6,4.4,2.1,2.3,3.7,No,In a Relationship,3.9,1.8,6,2,3.2,100,78
26,Female,4,2.97,1.3,72,6.3,5.5,4,0,5.8,No,In a Relationship,5.1,1.5,8,2,7.9,77,88
28,Female,1,3.59,1.8,85,6.5,5.1,2.8,0.4,4.4,Yes,Single,5.3,2.4,11,2,5.4,91,88
21,Female,1,3.85,4.1,90,5.8,4.6,3.8,2.1,2,No,In a Relationship,4.3,1.2,13,2,4.9,96,100
21,Male,2,3.62,1.7,85,5.9,4.2,1.3,1.7,5.8,No,In a Relationship,2.6,1.7,14,0,5.8,93,88
24,Female,1,4,5.2,100,7.5,6.7,3,0.2,3.9,No,In a Relationship,3.4,0.7,16,1,3,100,100
18,Female,4,3.24,3.4,89,7.2,3.2,1.8,0,2.7,Yes,In a Relationship,3.1,0,18,2,1.7,95,96
18,Female,1,3.65,3.6,95,7.6,4,1,1.7,0.3,Yes,In a Relationship,4.8,2.1,2,4,1,100,100
26,Male,3,3.99,3.1,92,7.3,3.5,1.5,1.2,3.5,Yes,Single,1.8,0.2,7,3,4.1,100,97
19,Female,4,3.82,4.7,100,7.8,5.8,2,0.8,6.7,No,In a Relationship,3.3,1.9,20,1,2.3,100,100
27,Male,2,4,4.7,98,8.1,4.9,4.7,2.4,0,No,In a Relationship,6.4,2.3,14,3,6.4,100,100
24,Female,1,3.79,4,85,4.9,5.8,1.9,1.5,0,Yes,In a Relationship,4.5,0,11,1,4.7,98,95
28,Female,4,4,4.3,100,6,1.7,0.9,2.8,4.5,No,Single,4.8,2.2,1,1,2.6,100,90
18,Male,4,3.32,3.2,92,6.7,5.7,3,2.3,3.5,Yes,Single,5.3,1.5,6,5,5.1,100,95
18,Male,3,4,4.3,100,7,4.9,2.8,0,4.3,No,Single,3.5,0.2,16,2,3.4,100,100
24,Female,2,3.5,3,80,6.2,4.7,2.1,0,1.9,Yes,In a Relationship,5.1,0,10,2,2,100,98
19,Female,4,3.93,3.5,93,8.1,3.8,2.6,2.6,0,No,Single,3.4,1.1,15,4,5.2,99,100
27,Male,1,3.82,3.1,93,9.4,9.3,4.3,3,1.3,Yes,Single,3.1,1,10,3,5,100,91
19,Female,3,3.52,2.8,92,7.2,5.3,3.8,2.3,6.1,No,Single,3.3,2.3,23,2,4.8,100,100
22,Male,3,2.71,2.5,69,7.1,5.3,3.7,0.4,2.1,Yes,In a Relationship,5.9,1.3,12,0,5.9,86,64
24,Female,4,4,4.2,89,8,6.2,1,3.4,2.1,Yes,Single,2.7,0.1,5,0,4.3,100,99
18,Male,3,3.68,5.5,89,4.8,10.5,7.1,2.2,0,No,In a Relationship,7.2,0,15,1,2.3,100,100
27,Female,3,4,5.3,100,7,5.9,4.4,2.8,0,No,In a Relationship,4.3,1.3,12,1,0.2,100,100
26,Male,4,3.29,1.6,75,8.2,6.4,3.6,2.4,5.2,Yes,Single,4.4,1.2,9,3,7.1,83,74
25,Male,2,4,5.4,100,6.2,3.8,1.1,1,2.5,Yes,In a Relationship,4.6,2.5,13,0,1.6,100,98
24,Male,3,3,3,84,5.5,5.2,4.2,1.6,5,Yes,In a Relationship,4.1,0.7,17,2,3.2,86,92
22,Male,3,3.76,4.4,94,6.8,4.1,2,1.2,1.5,Yes,In a Relationship,1.8,1.6,11,2,3.6,100,100
20,Female,3,2.96,2.1,95,6.9,5.5,2.5,4.1,0.1,No,In a Relationship,4.2,1.1,7,1,3.5,91,98
23,Male,3,3.68,3.7,91,5.9,4.8,0.3,2,2.5,Yes,In a Relationship,4,0,13,0,3.9,97,92
28,Female,2,4,4,89,9.5,3.7,0.9,2.2,1.9,No,Single,2.6,1.9,9,3,2.6,100,100
23,Female,1,2.83,1.3,67,6.4,6.4,3.5,1.5,1.3,No,In a Relationship,5,0.8,14,2,2.1,70,91
25,Female,4,3.18,4.4,87,5.6,6.3,4.3,0,1.4,No,In a Relationship,5.8,1.9,18,3,3.4,100,84
24,Female,1,3.89,5.5,100,6.9,8.1,3.8,0.3,2.7,No,Single,4.1,1.4,6,2,3.4,100,100
28,Male,3,4,3.2,93,8.1,7.9,3.8,1.4,2,No,Single,3,0.2,3,1,1.5,100,100
20,Female,4,4,5.5,100,7,6.6,2.7,0,1.1,Yes,Single,5.1,1,23,2,3.2,100,99
23,Male,1,3.83,3.2,100,7.6,5.3,2.2,0.7,6.6,No,Single,2,1.2,13,1,4.1,100,99
28,Female,4,4,4.8,99,6,4.3,3.2,1.8,3.9,No,Single,3.2,1.4,6,4,5.3,100,100
20,Male,2,3.28,0.5,80,8.8,8.3,4,1.2,3.3,Yes,In a Relationship,4.4,1.7,7,2,6.2,86,98
25,Male,2,4,7.1,100,7.7,5.9,2.8,2,2.9,Yes,In a Relationship,2.7,1.2,10,1,5.4,100,99
22,Male,4,4,5.7,100,8.3,7.2,4.6,2.5,4.3,No,Single,3.3,2.9,14,2,6.3,100,92
20,Male,1,3.31,3.1,89,7.4,6,2.5,0,4.1,No,Single,5.2,2,1,0,5.9,89,100
20,Male,4,3.14,0.5,76,8,4.6,1.3,1.6,0.9,No,Single,5.1,2.2,15,2,6.4,95,86
23,Male,3,3.83,3.9,95,6,4.5,2.8,1,0,No,In a Relationship,6.2,2,9,0,4.2,100,94
18,Female,4,3.26,1.3,84,6.4,5.6,3,0.4,0,No,In a Relationship,5.7,1.3,19,2,6.1,83,96
22,Male,3,3.97,4.2,100,8.6,3.4,2.7,0.7,6.6,Yes,In a Relationship,3.9,1.9,14,0,5.5,100,100
18,Female,1,4,4.1,97,8.9,7.8,4.7,2.1,2.1,Yes,In a Relationship,6.3,2.4,16,2,5.9,100,100
21,Female,2,3.25,2.1,80,5.6,8.6,4,0,4.2,No,In a Relationship,5.9,1.3,11,1,4.6,78,84
27,Male,3,4,5.2,100,7.3,1.5,0.7,0.4,3.4,Yes,In a Relationship,3.3,2.3,13,0,3.8,100,98
27,Female,3,3.82,4.7,84,6.5,8.3,5.1,1,4.8,No,Single,5.7,0,19,2,4.1,100,98
20,Female,1,4,5,100,6.2,3.8,0,2.2,2.9,No,In a Relationship,2.8,2.3,8,2,4.2,100,98
22,Female,4,2.91,3.5,76,7.3,10,6,0.8,0.3,No,In a Relationship,5.9,0.4,14,2,1.7,94,83
20,Female,4,3.24,1.4,92,8.4,4.5,2.4,0.5,0.9,No,In a Relationship,4,0,15,1,2.1,94,85
25,Male,3,4,5,100,7.5,4.2,2.5,1,2.3,No,Single,3.8,0.9,19,1,4.4,100,100
24,Female,2,3.54,3.1,99,6.6,5,2.7,3.3,0,No,In a Relationship,4.5,1.4,9,2,3.2,100,92
27,Male,3,2.53,1.4,65,7.6,7.8,3.4,4,1.3,No,In a Relationship,5.7,1.5,8,3,4.1,89,82
23,Male,1,4,5.5,100,6.6,3.7,2.8,1.8,0.6,No,Single,3.7,2.5,18,1,3.1,100,100
23,Female,3,4,6.6,100,7.5,4.1,2.6,0,2.3,Yes,In a Relationship,4.1,0.6,11,2,4.6,100,96
18,Male,4,3.61,3.4,100,8.7,7.2,4.8,2.6,2,No,In a Relationship,3.2,2.8,8,1,1.9,100,100
24,Female,3,4,6.7,100,4.5,5.4,3.6,0.1,3.2,No,In a Relationship,3.2,2.8,10,0,4.5,100,100
18,Female,3,3.78,3.6,95,8,4.3,1.4,2.1,4.7,No,In a Relationship,4,1.4,5,2,4.5,100,89
26,Female,4,3.12,2.9,81,5.2,8.6,3.9,0,2.5,No,In a Relationship,6.5,0.4,12,1,3.5,99,100
24,Male,2,3.49,2.6,80,8.5,5.2,3.6,0,0,Yes,In a Relationship,4,3.7,1,1,5.3,98,99
25,Male,1,4,6,100,6.2,4.8,2,1.4,0,No,In a Relationship,4.7,2.9,13,4,3.2,100,97
25,Female,3,3.09,2.3,84,5.5,7,4,2,3.3,No,In a Relationship,4.7,1.4,4,3,3.3,85,88
27,Female,4,3.59,4.6,100,7.8,5.2,2.6,0,1.7,No,In a Relationship,3.7,0,18,3,3.8,100,100
18,Female,2,3.44,2.7,93,7.4,3.6,2.5,0.3,2.7,Yes,In a Relationship,3.4,1.8,8,1,4.2,93,97
27,Male,1,3.16,2.8,86,5.8,4.6,2.4,2.6,3.7,No,Single,4.7,0.6,8,0,2.1,91,96
21,Male,4,4,5,100,5.5,2.2,0,0.5,5.9,No,In a Relationship,2.5,2.1,12,3,5,100,100
27,Male,1,3.51,2.9,84,6.8,5.8,2,0.1,0,Yes,Single,4.8,1.4,14,0,5.7,100,89
20,Female,4,3.33,2.9,78,5.6,7.4,3.9,1,1,Yes,Single,7.1,0,12,3,1.1,93,90
19,Female,1,3.95,5.2,100,5.7,3.9,2.8,3.6,2.8,No,Single,5,0,4,1,6.6,100,92
22,Male,1,4,5.9,100,7.1,3.4,0.9,2.6,0.7,No,Single,3.9,0.4,13,0,2.1,100,98
26,Female,4,3.79,4.5,92,5.8,6.6,4.2,2,0,Yes,In a Relationship,5.1,2.8,12,2,2.7,100,97
25,Male,1,3.63,2.5,81,7.5,7.7,2.4,1.3,5.6,No,Single,3.2,0.6,11,3,0,100,95
18,Male,3,3.89,2.7,100,8.8,4.4,1,2.4,0.9,No,In a Relationship,1.5,0,15,1,3.5,100,100
27,Male,2,3.49,3.6,87,6.8,7.8,6.1,2.5,0.4,No,In a Relationship,7.5,1,8,2,7.9,100,85
24,Female,1,3.79,4,82,7.2,3.3,1.2,0.7,0.7,Yes,In a Relationship,2.9,0.9,6,3,5.2,86,100
20,Female,1,3.55,2,79,9.4,6.6,4.1,0.5,5.2,No,In a Relationship,1.4,2.8,15,2,0,100,94
20,Female,4,4,4.6,100,5.6,5,1.6,1.2,1.6,Yes,Single,4.3,2.7,2,0,5.3,100,83
25,Female,4,3.54,3.6,90,8.4,6.6,3,2.7,0.2,No,In a Relationship,4.6,0,13,1,6.7,93,100
28,Male,4,3.08,0.9,81,8.3,4.6,1.4,2.6,1.3,Yes,Single,4.7,1.6,6,2,3.2,85,86
19,Male,1,3.57,2.1,79,8,3.6,0.9,1,2.9,No,Single,3.2,2,19,1,7.1,91,100
19,Female,2,3.62,2.7,86,8.6,6.4,3.6,0.5,4.8,No,In a Relationship,4.4,1.1,5,2,2.8,94,89
19,Female,1,3.96,3.4,83,7.3,6.2,3.4,2.6,4.6,Yes,In a Relationship,4.8,1.4,5,3,0.5,100,94
21,Female,4,4,6.3,98,6.3,5.4,4.5,1.1,1.4,Yes,Single,6.1,2.3,24,2,5,100,100
22,Male,1,4,3.9,92,8.3,5.6,2.7,2.8,1.9,No,In a Relationship,2.7,1.5,18,0,3.9,100,87
18,Female,3,3.43,2.2,87,8.4,8.4,6.1,1.5,7.2,No,Single,4.6,1.9,8,1,1.6,100,87
20,Male,1,4,3.8,100,8.3,4.2,3.2,2.2,5,No,Single,2,2.6,6,2,1.5,100,89
23,Male,4,3.35,3,100,7.1,9.6,3.7,0.7,2.5,No,Single,6.5,0.8,7,4,2.7,92,87
23,Female,2,3.78,4,94,6.1,4.2,0.8,3.4,0,No,Single,4.9,2,14,0,6.9,100,100
25,Male,3,3.95,4.4,100,7.2,4.9,1.9,0.1,2.1,Yes,Single,3.2,0.8,13,2,7.1,100,93
28,Male,3,4,5.3,100,8.1,6.2,3.6,2.4,0.3,No,Single,4.9,2.3,10,2,8.7,100,95
20,Female,3,4,3.5,100,8.2,6.6,2.7,0.3,1.3,No,Single,2.9,0.6,21,1,8.7,100,80
22,Female,3,4,6,100,6.5,4.7,3.1,3.3,1.1,Yes,In a Relationship,3.2,1.6,8,1,6.3,100,95
22,Female,3,4,4.9,100,7.4,4.2,1.6,0,2.5,No,In a Relationship,4.4,1,3,3,3.7,100,78
20,Male,2,3.08,2.4,83,5.4,4.9,3,3.9,3.1,No,In a Relationship,3.7,1.8,25,1,1.3,81,89
23,Male,4,4,6.8,100,8.2,6.9,3,3.8,1.5,No,Single,3.8,0.4,17,0,6.1,100,100
23,Male,2,3.67,4,77,6.1,3,1,2.7,0.4,No,In a Relationship,4.4,0.9,11,3,5.7,100,95
27,Male,3,3.33,2.2,85,7.9,8.1,3.8,2.5,2.6,Yes,Single,4.1,1.1,13,6,1,100,80
26,Male,3,4,6,100,5.6,3.1,0.2,2.4,2,No,In a Relationship,2.7,0.1,13,2,4.1,100,100
21,Male,3,4,6.6,100,8.2,7,3.1,0.7,0,No,In a Relationship,4.4,0.6,4,2,0.9,100,100
22,Female,1,3.05,3.5,82,7.4,8.9,5.4,0.9,4.2,No,In a Relationship,4.9,0,12,1,7.8,91,84
21,Female,2,2.78,2.7,86,6.1,8.1,3.8,2.1,1.5,No,Single,6,1.6,14,3,1.2,74,76
22,Female,2,4,3.2,89,7.8,5.7,3.8,3.3,2.5,No,Single,6.7,2,14,2,4.3,98,100
26,Male,3,4,4.6,100,6.3,5.6,1.5,2.4,2.6,No,In a Relationship,1.9,0,1,2,6.3,100,92
19,Female,1,4,5.4,97,7.9,6.3,5.5,0,3,Yes,In a Relationship,4,0,13,3,1.4,100,100
19,Female,1,4,4.4,96,6.7,8,4.9,2.5,3.3,No,In a Relationship,5.2,0.2,14,2,6.7,100,99
20,Male,4,3.62,3.7,91,4.9,3.8,1.5,0.8,0.4,No,Single,5.8,0,12,4,3.5,100,100
28,Female,2,4,5.7,100,5.8,3.4,2.1,2.4,3.6,Yes,In a Relationship,4.4,1.6,6,0,2,100,100
19,Female,3,3,3,84,6.5,6.6,4.7,0.7,2.3,No,In a Relationship,6.3,0.5,19,2,1.4,97,83
28,Female,2,4,5,100,8.6,7.7,5.5,2.7,5.2,No,Single,2.7,1.5,12,1,5.8,100,92
26,Male,2,4,3.1,100,8.1,3.7,0.9,2.4,4.6,No,Single,2.3,0.5,11,2,4.6,99,100
20,Female,2,4,4.1,100,8.9,3.7,1.3,1.4,5.6,No,Single,3.7,0.9,11,0,3.9,100,100
24,Female,2,3.37,3.3,91,9,5.7,2.6,0.1,1.1,No,In a Relationship,2.8,2.2,5,1,3.6,100,96
22,Female,1,4,3.4,90,6.4,2,0,3.1,5.6,No,Single,1,0,22,0,1.7,99,93
23,Female,3,3.75,2.9,89,6.8,5.2,2.8,1.8,3.2,No,Single,3.3,0.6,18,3,4.4,79,90
24,Female,1,4,5.5,90,6.5,7.3,4.6,1.4,4.4,Yes,In a Relationship,5.1,1.6,9,2,0.4,100,97
23,Male,1,3.53,2.4,86,6.2,3.8,0.6,1.8,4.3,No,Single,3.1,0.9,2,2,5.3,91,95
26,Male,3,3.16,2.4,83,4.8,7,3,0,3.9,Yes,Single,3.5,1.4,15,2,8.5,80,80
28,Male,4,4,6.7,100,7,5.9,1.9,2.4,0.8,No,Single,3.4,1.2,16,2,5.2,100,99
19,Female,4,3.73,5,96,5.5,8.6,5.3,1.1,4.9,Yes,In a Relationship,3.9,0,12,2,6.4,97,96
27,Female,4,3.17,0.5,76,7,5.4,1.9,1.5,3.7,No,In a Relationship,2.4,2.6,10,4,2.4,83,92
24,Male,2,3.39,2.7,74,9.5,8.5,5.1,1.8,0.1,Yes,In a Relationship,3.8,1.1,4,3,0.5,100,88
27,Male,3,3.11,0.8,76,6.4,4.5,1.9,0,2,No,In a Relationship,4.2,2.8,15,3,5.3,94,94
24,Male,4,3.34,2.1,77,7.2,8.1,4,0,0.6,No,Single,2.6,1.5,4,1,3.2,95,93
22,Male,3,2.72,0.5,88,8.1,5.1,3.2,0,0.1,No,Single,5.8,2.5,13,1,2.7,79,72
21,Female,4,3.56,3.3,94,7.3,3.1,2.6,0.5,4.7,Yes,Single,3.4,2.2,16,2,7.2,100,93
18,Female,4,3.43,1.8,77,7.4,3.4,1.6,1.2,0,Yes,In a Relationship,2.9,2.4,10,0,4.8,99,98
20,Female,4,3.1,3.6,77,6.6,8,3.3,0,0.4,Yes,Single,4,1,11,1,6.8,100,80
19,Female,4,3.51,1.1,77,6.7,4.7,2.1,0,7,No,In a Relationship,2.5,3,1,2,3.3,86,92
27,Male,4,3.95,3.6,100,5.8,5.1,1.8,1.6,2.1,No,Single,4.3,0.7,7,1,1.1,92,100
21,Female,2,3.31,2.9,81,8,7.7,5,0,4.3,No,Single,4.5,1.6,10,2,4.6,100,90
25,Male,4,3.94,5.8,100,4.9,7.3,3.6,0.6,5.2,No,Single,4.5,2.1,4,0,6.2,100,97
22,Female,3,4,5.6,100,8.2,6.9,3.8,3,4.5,No,In a Relationship,3,4.4,18,4,0.9,100,100
18,Female,1,3.95,4.7,100,5.3,5.1,2.2,1.9,3.3,No,Single,4.4,2.3,8,0,4,100,96
22,Male,2,3.65,3,92,8.2,6.2,2.5,0,2.9,Yes,In a Relationship,1.5,0.7,10,1,3.3,97,90
27,Female,3,4,6.5,100,6.6,4.8,2.4,1.6,4.1,No,Single,2.6,1.5,21,2,4.2,100,100
18,Female,3,2.92,1.2,71,5.5,6.7,3.3,2,2.6,No,Single,4.2,0,17,0,2.5,71,81
25,Male,1,3.11,1.4,69,7.7,6.6,3.8,2.7,4.4,No,Single,2.6,2.7,21,2,3.7,84,100
26,Male,1,3.96,3.4,87,8.1,5.7,2.8,2.3,2.5,No,Single,3.6,0,18,1,3.2,100,87
27,Female,1,4,6.9,100,6.5,3.6,1.6,2.2,2.7,Yes,In a Relationship,2.5,1,15,2,4.2,100,100
24,Female,3,3.33,3.2,93,7.9,6.6,3.9,1.6,6.8,No,In a Relationship,5.1,3.4,8,1,3.8,99,86
24,Male,1,3.69,3.2,88,4.3,5.3,2.9,2.1,2,No,Single,3.8,2,5,2,1.6,100,100
26,Female,4,2.74,1.3,73,5.4,5,0.6,2.7,3,No,In a Relationship,5.3,1.7,16,2,5.5,78,74
26,Female,4,4,4.9,100,8.6,1,0,1.3,3.9,No,In a Relationship,1,0,9,1,4.9,100,100
23,Male,4,3.74,4.9,99,6.7,7.3,3.2,0.5,4,Yes,In a Relationship,6.1,2.5,1,3,2.9,100,100
21,Male,3,3.99,4.7,100,4.8,2.5,1.6,1.3,3.6,No,In a Relationship,4.8,0.3,14,1,5.3,100,93
22,Male,1,3.03,2.6,93,6.2,7,3.4,1,0.5,No,In a Relationship,5.9,0.3,13,2,7,85,86
19,Male,4,3.33,2.4,80,5.9,3.6,1.6,1.3,3.3,No,Single,2.5,2.5,5,1,4.3,100,92
21,Female,1,3.11,1.6,74,6.8,6.7,3,0,3.5,No,Single,3.8,0.3,19,1,3.1,91,93
22,Male,2,3.49,3.6,100,6.6,5.1,2.2,2.9,5.3,No,In a Relationship,3.3,0,8,2,2.4,100,99
22,Male,2,2.95,1.9,83,7.2,6.7,5.4,1.8,4.5,No,In a Relationship,4.6,0.2,23,5,0,96,85
22,Male,4,2.92,1.7,80,6.9,8.8,4.2,3,5.4,Yes,In a Relationship,5.5,1.4,19,3,5.9,80,100
21,Female,4,3.2,2.9,70,8.6,8.7,4.8,0.2,1,Yes,In a Relationship,5.4,0.7,17,2,3.7,99,94
22,Female,2,3.95,2.8,99,7.5,6.4,2.8,2.1,1,No,Single,4.1,3,9,5,2.4,100,93
24,Female,4,3.45,2.7,81,7.5,6.2,4,1.2,3.7,No,In a Relationship,5.2,1.2,13,0,6.4,93,91
23,Female,4,4,4.2,96,8.4,6.9,2.9,1.7,5.3,No,In a Relationship,4.3,0,13,1,5.2,100,100
19,Male,4,3.39,3.6,87,6.5,6.5,5,2.3,2.6,No,In a Relationship,4.6,0,11,3,4.8,96,94
19,Female,3,2.94,3.1,78,5.5,3,2.7,2.6,1.5,No,In a Relationship,4.3,2.1,12,1,2.4,86,85
24,Female,3,3.77,3.8,100,8.4,1.8,0.7,0.8,0,No,In a Relationship,5.5,1.5,21,1,0,100,95
20,Female,4,3.79,2,90,7.2,1.9,0,0.8,3.7,No,Single,2.5,1.8,9,5,5.3,99,88
27,Female,4,3.68,3.7,95,7.2,7.4,5.3,1.9,2.8,No,Single,4.4,0.8,14,4,2.4,94,95
21,Male,2,3.57,3.7,85,6.2,6,3.5,0,2.1,No,Single,4.7,1.4,9,2,2.2,96,92
23,Female,4,2.99,1.2,82,6.3,6.1,3.6,2.5,4.8,Yes,In a Relationship,5.3,2.4,4,0,4.8,90,76
22,Male,4,4,5,100,8,7.2,5,1.9,2.8,No,Single,5.4,1.2,17,1,1.2,100,94
28,Female,4,3.27,2.2,81,8.2,1,0.3,1.8,3,Yes,In a Relationship,2.5,0.1,14,2,1.2,96,96
21,Female,1,3.7,3.6,87,7.9,5.5,2.3,1.7,4.8,No,Single,3.8,1.9,17,0,4.5,100,86
21,Male,1,4,5.2,100,8,5.1,2.4,0,7.4,Yes,In a Relationship,2.9,0.9,7,0,6.1,100,99
23,Female,2,4,4.9,100,7.7,6.1,3.9,1.2,2.1,No,In a Relationship,4.3,2.2,9,0,5.8,99,100
22,Female,4,3.92,3.6,97,7.2,6.5,1.8,1.8,1.2,No,Single,3.7,1.2,14,0,2,100,100
25,Male,3,3.76,3,92,6.8,3.7,1,1.8,1,No,Single,4,2.1,16,3,3.4,95,100
26,Male,3,4,4.9,100,8.5,4.1,1,4.3,4,No,Single,2.2,1.7,18,0,4.5,100,98
20,Female,3,3.51,4.5,100,6.6,8.5,4.5,0.9,0.8,Yes,In a Relationship,5.4,2.5,11,2,0.3,100,95
26,Female,1,3.25,2.6,76,7.4,2.9,1.7,2.1,2.3,No,Single,3.6,2.2,15,0,2.4,100,100
21,Male,1,3.86,2.3,82,6,5,2,0,2.4,No,Single,2.8,0,21,2,5.6,100,91
22,Female,3,2.28,0.5,44,6.2,7.8,3.8,0.1,6.1,Yes,In a Relationship,3.6,0,10,1,3.6,58,71
24,Female,4,3.68,3.7,100,6.7,4.7,1.8,3.4,5.4,Yes,In a Relationship,3,1.1,13,1,1.7,100,98
20,Male,1,3.57,3.4,100,6,1.6,0.2,1,0,No,In a Relationship,5.8,1.8,11,3,3.2,100,95
21,Male,2,4,5.2,100,8,2.8,0.4,1.6,6.2,Yes,In a Relationship,2,0.5,13,6,3.3,100,100
25,Male,3,3.73,4,99,5.4,5.9,2.7,1.9,0.6,No,Single,5.3,1.6,19,4,6.6,100,80
18,Male,3,4,5.5,93,7.1,4,3.5,3.4,3.3,No,Single,6.4,1.6,9,1,2.3,100,95
18,Male,1,3.45,2.5,91,7.2,3.9,2.5,1.4,1.3,No,In a Relationship,2.6,1.1,8,1,5,97,98
28,Male,4,3.96,5.2,100,4.8,8.8,3.4,0.7,2.2,Yes,Single,3.7,0.6,16,1,3.6,100,93
26,Male,4,3.8,2.7,88,6.5,4,0.4,0.6,1,No,In a Relationship,2.9,0.2,20,1,5.4,100,90
28,Male,1,4,4.7,100,7.3,5.3,0.5,1.7,6.4,Yes,Single,2,3.7,5,0,2.2,100,97
20,Female,3,2.4,1.3,67,7.5,10.2,6.2,2.5,2.7,Yes,In a Relationship,5.1,0,10,2,2.8,82,88
26,Male,4,4,3.9,93,6.8,8.1,4.6,0.7,3.5,Yes,Single,4.2,0,14,3,1.2,100,100
21,Female,2,3.24,0.5,80,7.8,6.6,4,0.5,0.9,Yes,In a Relationship,3.5,3.8,12,2,6.5,95,87
20,Male,3,3.65,3.1,97,6.9,5.3,1.8,2.5,0.2,No,Single,5.2,0.2,13,1,6.9,100,88
18,Female,3,3.79,4.2,98,7,7.1,2.4,2.8,2.1,Yes,In a Relationship,3.6,0.6,12,1,4.9,100,99
22,Female,2,3.33,2.7,87,7.3,6.8,2.8,3.5,4,Yes,Single,4.9,1.9,8,2,6.6,100,81
26,Female,2,3.03,1.9,70,8.1,8,4.8,1.7,2.8,No,In a Relationship,3.5,1.7,1,3,2.1,95,69
28,Female,4,4,4.8,100,6.2,6.2,3.4,2.1,4.9,No,Single,6.2,1.6,12,3,2.2,96,97
18,Male,3,3.76,3.3,95,6.4,7.2,3.6,2,3.2,Yes,Single,2.9,2.7,11,4,0.4,100,80
24,Female,2,3.62,2.8,77,6.2,4.9,2.5,0,3,Yes,In a Relationship,4.2,0.2,5,5,4.3,100,90
23,Female,3,3.61,3.6,92,6.6,7.6,4,3,4.1,No,In a Relationship,3.5,1.4,9,1,5.2,100,100
18,Female,3,4,7.5,100,8.7,5.5,3.3,2.6,3.2,No,Single,3.7,1.1,16,4,2.1,100,100
20,Female,2,4,5.2,100,7.7,5.5,2.9,2,4.9,No,Single,2.5,0.3,11,2,4,100,100
19,Female,3,4,5.2,100,5.6,3.5,1.7,1.9,4.1,Yes,Single,1.8,1.3,13,1,4.8,100,100
27,Male,4,3.86,4.2,100,6.3,5.1,2.6,1.7,4.8,No,Single,3.1,1.8,7,1,3.4,100,96
23,Female,3,3.58,3.7,100,7.4,3.4,1.2,4.3,4.4,No,Single,4.6,1.8,15,1,5,92,91
27,Male,2,2.63,0.5,68,5.9,7.7,2.7,0,5.7,No,In a Relationship,2.9,2.3,23,1,4.2,95,83
18,Male,4,3.06,2.5,88,6.1,4.8,2.9,0.9,4.7,No,Single,4.6,1.2,15,0,8.1,90,94
18,Male,4,4,2.8,91,8.6,3.5,0,1.5,6.5,No,In a Relationship,1.7,0.2,14,1,2,100,100
19,Male,3,2.84,0.7,79,6.3,4.4,2.5,3.1,1.9,No,Single,4,0,13,2,1.3,67,84
25,Female,2,3.47,1.8,87,8.1,4.1,1,2,4.7,Yes,Single,4.7,0.7,9,2,6.8,100,83
18,Male,4,3.13,0.5,70,8.5,6.8,3.5,0.6,0.2,Yes,In a Relationship,4.1,0,17,4,0.8,78,71
19,Female,1,3.16,3.4,83,6.1,4.6,3.8,0.4,4.9,No,In a Relationship,4.6,0.5,11,0,3.9,93,88
18,Female,4,4,4.7,100,5.9,3.5,2.2,1.8,3.1,No,In a Relationship,4.3,0,21,2,5.2,100,100
18,Female,3,3.67,5.2,100,6.7,5.5,3.6,1,4.9,No,In a Relationship,5.7,0.5,21,1,0.9,100,89
20,Female,2,3.11,4.1,89,5.7,5.1,3.7,4.2,6.4,Yes,Single,2.7,3,9,2,8,100,91
21,Female,3,3.57,2.1,80,7.1,5.6,2.5,1.8,4.6,No,Single,5.8,1.1,16,1,6.4,99,95
27,Male,3,1.92,0.6,58,6.8,8.4,5.1,0.6,2.2,Yes,In a Relationship,6.7,2.8,9,3,0.7,73,74
20,Male,1,3.59,0.9,79,7.4,3.4,1.7,3.9,0.8,No,In a Relationship,4.3,1.6,18,2,4.1,95,85
27,Female,1,3.19,1.6,81,8.7,8.1,5,0.3,4.1,Yes,In a Relationship,4.8,0.6,8,2,7,86,76
24,Male,4,3.62,2.2,75,8,5,2.5,1.6,2.4,No,In a Relationship,3.5,1.1,13,1,7.3,83,85
27,Female,4,3.39,3.3,87,7.6,4.4,1.5,0.7,4.3,No,Single,3.2,0,15,0,4.7,100,92
20,Male,4,2.9,2,65,4.6,4.5,2.3,0.6,2,No,In a Relationship,5.3,0.9,16,1,3.2,89,77
22,Male,3,4,4,100,7.5,4.8,1.2,1.9,1.1,Yes,In a Relationship,2.7,0,7,2,0,100,99
28,Male,1,4,3.2,98,9.1,9,4,2.7,2.5,Yes,In a Relationship,5.4,1.8,14,2,3.9,100,98
18,Male,2,3.75,3.5,100,3.5,4.3,0.4,2.4,4,No,In a Relationship,4.4,0.8,13,3,4.2,97,95
24,Female,1,4,5.2,100,7.8,9.6,4.9,0.4,3.2,No,In a Relationship,4.7,0.9,6,3,2.4,100,100
18,Male,2,3.33,1.7,86,6.8,2.7,1.4,3.1,1.4,Yes,In a Relationship,3,0.8,18,4,2.6,94,84
20,Male,2,3.6,4.1,92,6,6.3,4.1,2.1,6.6,Yes,Single,5.4,2.1,20,0,2.9,100,98
28,Female,4,3.8,3.5,96,8,6.5,2.8,0,2.7,No,In a Relationship,3.7,0.3,12,1,4.5,100,90
23,Female,3,3.55,3,88,9.1,8,3.2,2.5,0,Yes,Single,3.6,0.2,11,2,3.4,100,95
27,Female,2,4,4.8,99,7.9,5.7,1.9,3,4.9,No,In a Relationship,1.9,1.5,10,2,8.1,100,96
18,Female,2,3.79,4.8,97,6.6,5.1,3.3,1.7,3,No,Single,4.2,2.3,25,0,4.5,100,93
25,Female,4,3.32,2.1,79,5.9,5.5,3,2.2,2.7,No,In a Relationship,3.4,1.5,17,4,3.6,100,89
28,Female,2,3.73,3.2,82,7.2,4,0.6,4,2.6,Yes,In a Relationship,3.5,3.4,8,1,3.8,96,92
20,Male,3,3.34,3.9,91,8,4.2,1.4,0,2.6,No,In a Relationship,4,0.3,4,3,0,100,93
24,Female,4,3.87,3.1,81,6.5,4,2,2.3,6.3,No,In a Relationship,2.9,0,10,4,5,100,97
22,Female,4,3.59,4.4,90,6.7,4.4,1.7,0.3,3.9,No,Single,3.8,1.7,10,2,3.7,100,80
22,Male,1,4,3.9,100,10,7.7,4.7,3,3.5,No,In a Relationship,4.9,1,13,3,3.6,100,100
25,Male,2,4,6.2,100,8.3,4.5,2.8,1.1,2.5,No,Single,3.5,1.7,12,3,2.5,100,100
21,Male,3,3.33,1.2,80,8.4,5.8,1.6,2,6.5,Yes,In a Relationship,2.3,2.1,18,2,5.2,92,89
20,Female,3,4,3.3,92,5.2,4.6,2.1,0,4.7,No,Single,4.1,0,1,2,3.5,100,100
26,Female,3,3.36,2.1,90,6.2,4.9,2,2.6,5,Yes,In a Relationship,3.2,0.9,15,1,2.3,78,94
23,Female,1,3.85,4.4,100,7.1,6.6,2.4,0,3.6,Yes,In a Relationship,3.4,1.8,16,2,5.7,100,90
18,Male,4,3.69,1.1,90,5.8,4.1,1.2,1.1,5,No,In a Relationship,2.7,1.5,3,5,0,94,100
28,Female,1,3.95,4,100,8.9,5.8,1.6,3.1,3.8,Yes,In a Relationship,3.2,1,8,2,6.3,100,100
26,Male,1,3.69,2.6,89,8.7,5.7,3.9,2.4,2.3,No,Single,4,1.9,10,2,5.2,100,86
24,Male,2,3.49,2.4,79,6.4,6.6,3.1,1.1,3.7,No,In a Relationship,4.9,2.2,15,1,4.6,94,87
24,Female,3,3.12,1.3,67,9.1,6.6,2.6,0,7.2,No,Single,3.4,0,10,4,1,89,81
20,Female,4,3.68,2.8,89,7,4.8,2.8,1.3,3.4,No,Single,2.9,2.8,12,2,6.6,100,98
28,Female,1,4,5.1,100,10,5.5,2.7,0.8,5.5,No,In a Relationship,1.6,0,8,2,6.7,100,100
18,Male,3,4,3.5,88,7.2,5.3,2.5,0.8,5.4,Yes,Single,4.1,1.8,12,1,4.4,100,99
18,Male,3,4,4.4,95,7.7,6.9,3.6,0.5,4.1,Yes,Single,3.7,0.9,9,2,3.8,100,100
18,Male,4,4,6,100,8.7,7.1,3.5,1,6.3,Yes,In a Relationship,3.2,2.5,8,3,3.3,100,100
25,Male,1,4,3.9,100,8.5,2.3,0.4,1.2,0,No,Single,3.3,1.9,13,0,2.7,100,84
21,Female,2,3.4,2.7,82,7.6,5.5,2.6,4,0,Yes,In a Relationship,3.4,1.8,16,2,5.6,87,84
21,Male,3,3.78,4.2,94,6.8,5.4,0.5,0.1,6.5,No,In a Relationship,3,1.4,13,1,6.6,100,80
28,Female,4,3.58,2.7,92,7.6,8.1,3.8,3,1.7,Yes,In a Relationship,4.8,0.7,11,4,3.7,89,89
24,Female,4,3.43,2.7,82,6,8,4,3.1,3.2,No,Single,3.9,0.2,17,5,5.3,100,89
21,Male,3,2.6,1.2,78,7.2,4.7,1.9,0,6.5,No,In a Relationship,2.8,0,10,1,4.6,82,72
25,Female,3,3.59,4.9,89,5.7,8.2,2.6,0.4,3.4,No,Single,4.3,0.6,12,2,3.7,93,91
18,Female,2,3.69,2.9,94,4.9,4.2,0,1.4,6.4,No,Single,3.8,2.1,18,3,0,94,98
26,Female,2,3.51,3.8,100,7.1,7.3,4.3,1.7,2.2,No,Single,6,0.2,10,2,4.3,100,96
26,Male,2,3.44,1.9,80,8.5,7.2,3.9,0,4.2,No,Single,3.7,2.4,9,2,5.2,90,87
20,Female,2,3.89,4.2,100,8.1,6.9,4.5,1.2,3.1,Yes,In a Relationship,2.7,0.2,16,2,3.8,100,91
26,Female,1,3.25,2.4,77,6.9,8.5,5,2,6,No,In a Relationship,5.1,1,7,3,5.2,82,92
28,Female,4,4,3.3,100,9.1,4.7,1,0,2.5,Yes,In a Relationship,4.9,1.7,18,5,4.6,100,100
27,Female,2,3.57,4.8,100,6.3,7.9,4.1,1.4,1.1,No,In a Relationship,5.9,2.2,2,3,4.4,100,100
27,Female,1,3.57,4.7,89,4.7,7.8,5,0.3,2.1,No,Single,5.7,0.8,12,1,3.3,100,88
20,Male,2,4,3.5,75,4.4,1.8,0.6,1.2,2.2,No,Single,4.7,1.7,9,1,4.3,100,82
21,Female,2,2.59,0.8,65,5.6,5.8,2.5,0.4,1.7,Yes,Single,5.5,1.4,14,2,4.3,81,82
25,Female,4,4,8,100,8,6.1,2.3,1,1.6,Yes,In a Relationship,3.9,1,19,2,0.3,100,87
26,Male,2,4,6.1,100,6.2,5.9,4.1,1,5.2,Yes,Single,5.7,0.2,6,3,3,100,100
20,Female,1,4,4.6,100,7.6,2.9,0,3.7,5.8,No,In a Relationship,1,1.6,5,2,2.9,100,92
18,Male,2,3.79,2.4,95,9,10.1,5.5,4.2,3.8,No,In a Relationship,3.9,1.2,18,3,4.1,100,96
24,Female,4,3.45,3.3,100,5.7,4.2,2.6,4.2,1.7,Yes,Single,5.2,0.9,11,0,3.4,100,84
23,Male,4,3.58,2.7,91,7.6,6.9,4.2,0,1.8,No,Single,5.4,1.3,12,1,4.3,97,89
20,Female,2,4,5.4,99,7.6,7.5,2.7,2.3,0,No,Single,3.9,1.8,11,1,1.3,100,94
19,Female,1,3.74,3.9,98,6,6.7,3.5,1.1,3.8,No,Single,4.1,0,10,1,0.8,97,98
19,Female,3,3.78,2.3,89,8.6,2.4,0,0.1,1.6,No,In a Relationship,2,0.7,7,1,3.4,100,100
27,Male,3,3.86,2.8,84,6.7,5.2,2.2,3.4,5.9,No,In a Relationship,2.6,0.2,11,2,2.3,100,98
21,Male,4,3.96,5.2,100,6.5,8.1,4.1,1.3,0.2,No,Single,5.8,0.3,8,1,3.5,100,97
26,Female,2,4,5.9,100,9.5,6,3.2,2.7,1.8,No,Single,3.6,0.4,17,1,3.8,100,100
22,Male,3,4,5.8,100,7.6,4,0.3,2.8,2.8,No,Single,4.2,2.3,9,2,7.1,100,100
20,Male,4,4,4.6,100,8.1,6.2,2.9,2.4,3.9,No,Single,2.5,1.5,19,1,0.3,96,83
22,Female,3,3.7,3.1,95,8.6,5,1.6,1.1,6.6,Yes,Single,2.2,0.1,15,1,2.3,100,92
25,Male,3,2.84,0.5,62,6.2,5.2,1.4,1.1,0.3,No,Single,5.1,1.4,7,2,4.3,75,77
24,Female,3,3.96,3.9,100,8.5,3.1,0.5,1.6,2.4,No,In a Relationship,3.1,1.6,7,0,1.1,100,97
28,Female,3,3.48,3.5,87,6.4,5.6,3.7,3.4,0.1,No,In a Relationship,4.1,0.8,11,2,1.1,100,90
28,Female,3,3.17,3.7,84,6.3,8.1,4.5,2.8,4.6,No,Single,5.8,0,8,0,6.6,100,86
27,Female,3,3.24,3.6,77,6.7,8.8,6,1.2,1.7,Yes,Single,5.8,0.1,8,2,6.4,96,94
21,Female,1,2.88,1.5,83,6.3,3.1,0.6,1.4,2.8,No,Single,5.4,0,16,2,4,89,97
26,Female,4,3.97,4.3,98,8,7.6,4,3.8,2.7,No,In a Relationship,4.1,3.3,13,2,4.5,100,99
21,Male,1,3.91,4.4,96,7.3,8.5,4,0,3.2,Yes,Single,5.6,0,18,1,3.6,100,98
26,Male,1,3.9,4.5,100,6.4,4.7,1.9,0,2.7,No,In a Relationship,3.6,0,7,3,5.7,100,100
27,Female,1,4,4.9,100,7.8,4.4,1.4,0.4,1.1,No,In a Relationship,3.4,1.2,3,1,2.8,100,88
19,Male,3,3.65,4.4,94,6.7,2.8,1.2,4.3,3.2,No,Single,4,0,8,2,5.4,100,89
21,Male,1,3.48,2.9,100,6.6,4.7,2,0,1.4,No,In a Relationship,2.5,0,17,2,4.5,94,94
27,Male,3,3.53,3.4,80,7.1,6.4,3.1,0.3,4.6,No,Single,1.8,1.3,9,0,3.4,99,90
26,Male,4,3.44,3.6,90,7.6,7.8,4.8,1.9,3.1,Yes,Single,4,1.4,20,0,3.6,95,97
22,Male,3,3.74,3.7,86,7.5,7.1,4.5,1.7,0.9,No,Single,3.7,1.6,9,3,4.2,100,91
24,Male,3,4,5,100,6.6,4.3,0.4,3,7.8,Yes,Single,1,1.9,15,1,2.9,100,100
22,Female,3,4,4.5,100,8,4.7,1.6,3.1,6.3,No,Single,3.3,1.2,12,0,1.3,100,100
22,Female,3,4,6.6,100,6.7,10.8,4.7,1,7.9,No,Single,3.2,0.5,2,0,5.1,100,100
26,Male,4,4,6.8,100,6.2,4.9,1.7,2,2.3,Yes,Single,3.7,1.7,9,0,4.5,100,100
21,Female,4,3.45,3.6,92,5.2,2.4,2.7,1.8,1.3,No,In a Relationship,5.1,2.6,14,0,4.6,100,91
23,Male,1,3.35,0.5,91,8.2,1.9,0.2,0.5,4.6,Yes,Single,2.8,1.8,12,0,3.1,100,91
28,Male,2,4,5.4,100,7,8.1,4.5,2.2,5.2,Yes,Single,4.6,0.3,10,5,0,100,100
26,Male,3,3.9,2.7,90,7.3,2.2,0,1.7,3.4,No,Single,3,1.8,11,3,2.6,100,97
25,Male,4,3.62,2.3,100,8.3,2.6,0.3,1.9,0,No,Single,3.7,1.8,13,2,2.1,94,95
21,Male,4,3.45,2.9,79,6.4,5.9,4.4,0.7,1,No,In a Relationship,4.8,0,1,3,2.1,95,86
28,Female,1,3.11,2.8,84,5.4,8.1,5.7,3.1,3.8,No,Single,4.9,1,9,1,3.9,100,89
21,Female,3,4,4.4,100,7.1,5.6,2.4,0.1,1.7,Yes,In a Relationship,1.8,1.8,8,2,7.3,100,97
26,Female,3,3.39,1.2,74,7.4,6.2,2.7,0.4,0.3,No,In a Relationship,5.1,2.4,15,1,0.5,100,90
18,Male,2,3.03,1.9,62,6.7,6,4.2,4.1,2.5,Yes,Single,4.1,0.6,16,1,6.2,86,78
24,Male,1,3.91,4,100,8.8,7.2,3.2,1,0,No,In a Relationship,6.2,0,13,1,2.7,100,100
24,Male,1,3.66,4.4,98,4,3.8,2.2,1.6,1.8,No,In a Relationship,5.9,1.7,13,3,6.7,100,91
26,Male,1,4,4.5,100,8.3,5.6,2.1,1.3,2.1,Yes,Single,4.5,1,2,1,6.3,100,96
20,Male,1,3.38,2.3,91,7.9,3.8,0.4,0,3.6,No,In a Relationship,3.4,1.4,7,1,3.2,85,82
28,Female,2,3.16,2,91,7.5,5,3.1,0,4.1,No,Single,4.3,1.4,10,2,3.6,98,99
22,Male,2,3.53,2.7,98,3.5,4.4,2.7,0.9,3.8,Yes,In a Relationship,5.6,1.3,11,4,4.7,92,92
28,Female,4,4,3.9,100,8.5,5.6,2.1,1,4.8,No,Single,3.5,0.8,12,2,2.3,100,100
18,Male,2,4,5.7,100,5.8,3.6,1.3,0.4,2.7,No,Single,4.1,2.1,2,3,5,100,88
22,Female,1,3.29,0.5,76,6.4,4.2,1.4,2.1,0.1,No,In a Relationship,3.7,0.4,17,0,6.4,87,93
23,Male,2,3.48,3.2,92,6.8,7.5,3.7,2.7,3.1,No,In a Relationship,3.3,1.5,7,1,5.6,99,77
27,Male,2,3.06,1.5,69,7.5,7.7,4.1,1.9,1.2,Yes,In a Relationship,5.2,1.6,1,0,3.2,82,95
22,Female,4,2.46,1,83,7.8,4.2,2.3,1,0.3,No,Single,5.4,1,16,0,1.7,74,78
22,Female,2,4,5,96,8.1,5.1,2.2,2.8,4.2,No,Single,3.1,2,7,4,4.5,100,100
19,Female,2,4,4.3,100,8,3.4,1.5,2.3,0.2,No,Single,3.9,0.7,15,3,4.7,100,98
24,Female,3,3.76,4.2,92,7.3,8.2,4.2,3.5,4.4,No,Single,2.9,3.5,3,3,2.2,96,96
23,Male,3,4,4.9,100,7.5,7.6,2.8,0.7,0.4,Yes,Single,4,1.4,10,3,1.5,100,98
26,Female,4,3.69,2.8,87,5.7,5.4,3.4,0.4,2.4,Yes,In a Relationship,3.7,2.4,7,1,4.6,100,97
19,Male,1,3.19,2.9,83,6.1,6.3,3.3,2.5,1.9,Yes,In a Relationship,3.6,2.1,14,1,5.1,93,100
21,Male,3,4,6.8,100,8.1,6.4,2.3,1.5,5.3,Yes,In a Relationship,3.1,2.6,8,3,2.8,100,99
21,Female,3,3.46,3.1,100,8,4.1,1.1,1.8,4.2,Yes,In a Relationship,2.7,1.3,14,1,4.4,95,100
22,Female,4,4,4.6,100,7.9,5,1.3,4.5,1.4,No,Single,4.3,2.3,10,2,1.5,100,100
21,Female,2,3.54,3.5,100,6.4,7.6,4.5,0.2,2.7,No,In a Relationship,5.8,2.7,9,4,5.9,100,98
19,Female,4,3.15,0.7,68,8.1,3.4,1.7,2,5.7,No,Single,1.8,1.5,16,2,6.3,82,92
19,Female,4,2.97,0.5,68,5.6,5.3,2.2,1.7,6,No,Single,1.8,0.5,22,3,6.5,91,97
26,Male,2,3.08,2.6,75,8.3,5.5,1.1,3.1,0.3,No,In a Relationship,2.5,3,10,2,5,86,72
28,Male,2,3.99,5.1,100,6.7,4.4,1,0,5.6,No,In a Relationship,2.2,1.2,8,0,7.9,100,99
19,Male,3,4,4.7,100,9,6.5,1.6,0.9,5.5,No,Single,2.9,1.3,11,1,4.8,100,100
20,Male,3,3.35,4.9,89,5.2,6.2,5.3,2.3,3.4,No,In a Relationship,6.2,1.5,13,3,8.3,100,90
20,Female,1,3.02,2,79,9.1,7.3,3.8,1.6,2.8,Yes,Single,3.7,0.4,3,1,4.9,89,84
26,Female,3,4,5.9,100,6.6,4.2,2,1.7,1.9,No,In a Relationship,4.9,1.5,7,2,2.9,100,97
19,Male,3,2.73,2.1,77,6.5,6.3,4.4,0.6,0.5,No,Single,7.9,1.5,4,3,2.6,92,81
24,Male,4,3.8,3.8,91,7.2,7.2,2.6,2.3,3.7,No,Single,3.7,1.2,6,1,8.7,100,93
28,Female,3,3.36,3.5,96,6.2,7.5,4.8,3.1,2.7,No,Single,5,1.1,19,2,5.6,87,94
18,Male,1,3.19,3.2,80,6.9,8.7,6.1,3.7,3.9,No,Single,4.4,1,1,3,4.4,82,78
26,Female,2,3.96,5.5,87,6.1,7.7,4.3,1.7,3.9,Yes,In a Relationship,5.1,0.8,14,3,4.5,100,95
27,Male,4,3.05,2.4,81,6.2,3.3,2.9,1.5,8,No,Single,4.5,1.9,10,3,3.1,89,86
18,Male,4,3.21,1.5,74,7.6,8.4,3.8,1.9,5.4,No,In a Relationship,3.3,1.5,13,3,5.2,97,74
21,Female,4,3.34,3.5,80,5.9,8.1,2.8,0.4,4.1,Yes,In a Relationship,3.8,2.1,6,1,7,100,88
25,Female,2,3.74,2.9,94,6.1,4.1,0,1.1,0,Yes,In a Relationship,3.3,0.7,10,0,5,100,100
25,Male,1,4,8.6,100,5.4,5.3,1.8,0.4,3.8,Yes,In a Relationship,2.9,2.3,18,3,4.5,100,97
21,Male,4,3.73,4.5,100,6.4,4.1,1.4,2,6.2,No,Single,3.2,2.1,10,4,3.3,100,92
26,Female,4,3.82,2.9,94,8.6,3.5,1.8,0.6,2.1,No,In a Relationship,3.5,1,19,0,4.9,88,97
26,Male,4,2.75,1.9,70,6,9.9,5.5,1.6,7.4,No,In a Relationship,4.6,0.5,1,1,4.9,72,88
19,Male,4,2.57,0.7,59,6.1,8.6,4.5,1.6,4.1,Yes,In a Relationship,6.7,1.8,15,1,4,68,80
25,Male,1,2.79,2,70,7.2,7,3.5,1.3,3.6,No,Single,4.6,0,12,3,7.4,75,88
23,Male,4,3.9,3.7,98,6.6,7.4,4,3.5,1,Yes,Single,4,0.8,5,2,5.2,100,96
24,Male,2,4,5.6,100,9.7,3.4,0,2.6,6,No,In a Relationship,2,1.5,17,1,1.4,100,100
19,Male,1,4,5.2,89,6.8,6.3,3.9,2.3,1.3,No,In a Relationship,4.6,1.1,8,2,5.4,100,100
19,Female,3,4,3.8,93,7.4,10.2,4.2,2.7,1.9,Yes,Single,4.4,0.1,13,2,6.5,100,100
25,Female,2,3.53,3,95,8.1,2.7,0,0.8,0,Yes,In a Relationship,3,1.3,7,0,3.8,100,86
24,Female,4,3.63,3.9,100,8.1,6.4,3.9,0.5,4.8,No,Single,3.5,0.2,9,2,3.8,100,93
22,Male,4,3.52,2.7,89,7.3,5,0.7,2.3,4.2,No,Single,3.2,1.5,16,2,3,94,81
19,Male,2,4,6.1,100,6.8,3,0,0.4,3,No,In a Relationship,5.1,0.8,24,1,3.5,100,100
27,Male,4,3.77,3.2,90,9.4,7.8,4.8,0.7,4.5,No,Single,3.4,1.1,8,1,3.1,100,100
20,Male,4,3.56,3.4,86,6.9,6,1.3,1.3,4.3,No,In a Relationship,3.3,0.4,18,3,5.5,100,98
23,Female,4,3.18,0.5,77,6.5,5.5,1.7,0,2.3,Yes,In a Relationship,4.2,2,19,3,3.1,95,83
26,Male,2,3.71,3.2,96,6.2,8.2,4.3,0.5,1.4,No,In a Relationship,4.8,1.1,15,3,3.1,97,90
20,Male,1,4,4.8,100,4.9,3.6,2.3,2.6,0,No,Single,4.8,0.5,16,2,0.3,100,100
28,Female,2,3.58,1.9,87,8,6,2.5,1.7,2.6,No,Single,4.7,1.1,8,2,0.4,100,92
20,Male,2,3.55,2.4,88,4.2,4.3,2.5,2.3,0.4,No,In a Relationship,4.9,2.9,7,1,4.5,100,100
28,Male,3,3.92,4.7,100,7,5.8,3.3,2.4,3.3,Yes,Single,3.3,1.5,10,2,5.1,100,92
21,Female,4,2.86,1.3,78,6.8,5.7,2.5,0.3,2.7,Yes,In a Relationship,5.9,2.3,13,3,5,63,83
19,Male,2,4,5.1,97,9.7,6,3,0,2.2,No,Single,2.2,0,10,1,5.9,100,93
18,Male,2,3.42,2.7,86,4.8,5.8,2,1.6,5.1,Yes,Single,5,1,8,0,2.2,95,87
25,Male,4,3.51,2.9,98,5.9,7.2,3.3,1.2,1,No,Single,4.9,0.2,8,3,5.9,100,100
27,Male,2,3.24,1.8,67,6.8,7.3,3.3,0.7,0,No,In a Relationship,3.7,0.7,10,1,3.6,89,87
21,Female,2,3.39,4.1,81,6.8,7,5.6,0.7,2.5,Yes,Single,5,0.4,16,2,2.3,100,87
23,Female,3,4,7.2,100,6.3,8,2.2,2.9,1.5,No,Single,4.1,2.5,7,1,5.6,100,100
22,Male,1,4,4.7,91,6.9,5.5,2.5,0.4,3.2,No,In a Relationship,2.3,1.9,15,2,2,100,97
20,Male,4,3.02,2.2,85,5.5,7.7,3.2,2.1,1.2,Yes,In a Relationship,5.5,0.4,15,3,3.1,88,90
20,Male,3,3.96,5.2,89,7.4,4.2,4.2,2.4,3.8,No,In a Relationship,4.7,0.7,9,4,4.4,100,86
18,Female,1,3.87,3,92,4.2,3.9,1.2,2.9,1.1,Yes,Single,4.4,1.6,13,2,3.6,100,92
23,Male,3,4,5.6,100,7,4.2,3,0,1,No,Single,5,2.1,18,1,2.8,100,95
18,Male,4,4,4.7,100,6.3,2,0,1.2,4.2,No,Single,3.2,2.2,10,3,5.2,100,100
25,Male,2,3.08,0.5,75,8.2,5.5,2.4,4.7,2.9,No,Single,4.8,1.8,8,1,4.8,87,79
18,Male,4,3.64,2,88,9.1,7,4.4,5,0.6,No,In a Relationship,3.4,3,7,1,0,86,98
24,Female,4,4,4.9,95,6.6,6.3,1.7,4.1,1.1,No,Single,3.9,1.6,8,2,1.3,100,100
26,Female,3,4,3.7,99,8.7,8.2,3.1,2.4,2.3,No,In a Relationship,4.7,0.8,16,2,3.3,98,100
19,Female,3,3.32,2,78,6.6,3.8,2,1.9,0.7,Yes,In a Relationship,4.9,0.4,12,3,5.6,77,86
20,Female,1,3.65,2.5,93,5.8,3.9,1.5,0.5,2.4,No,Single,1.8,0.1,4,0,6,96,100
19,Male,4,3.51,0.6,79,9.1,6.1,4.3,0,2.5,No,Single,2.4,0,18,2,5.4,82,83
20,Male,3,3.68,3.4,90,7.6,5.6,1.2,2.7,1.2,Yes,In a Relationship,3.6,1.9,11,1,6.6,100,96
19,Male,4,4,6.8,100,7,6.4,3.2,1,4.3,No,In a Relationship,5.6,2.8,14,2,2.8,100,100
27,Male,3,4,4.7,100,7.8,6.3,3.3,0,1,No,In a Relationship,4,1.3,15,1,0.7,100,93
27,Female,1,4,6.8,100,7.3,4.9,1.5,2.1,5.5,Yes,In a Relationship,3.6,3,8,1,2.5,100,100
28,Male,1,3.99,4.8,100,6.9,5.6,3,5.3,2.6,Yes,Single,4.3,1.2,6,3,4.6,100,100
20,Female,3,3.8,5,100,5.4,3.4,1.4,2.1,1.7,No,In a Relationship,4.9,1.8,7,2,4.1,100,94
28,Female,4,4,6.5,100,6.7,6.7,3.6,0.9,4.1,No,In a Relationship,5.3,0,11,1,2.3,100,100
22,Male,2,4,4.1,95,7.7,3.5,0.8,2.4,3.1,No,In a Relationship,3.9,2,14,3,4.6,100,100
21,Female,4,3.72,3.2,93,6.9,5.7,2.3,0.6,4.5,No,Single,4.5,0.6,21,0,4,100,91
23,Female,2,4,5,100,8.1,3.4,2.4,0.9,0,No,In a Relationship,3.5,2,16,1,4.6,100,96
18,Female,2,4,5.7,100,7.5,7.7,4.5,2.1,4,No,In a Relationship,4.2,2.5,2,6,5.2,100,85
25,Male,1,3.12,2.8,83,5.9,5.2,3,0,2,No,In a Relationship,5.3,1.5,11,2,5.4,95,88
23,Male,1,2.88,2.4,73,5.4,7.4,4.2,1.9,3.1,No,Single,5.7,1.6,1,1,3.7,100,82
22,Female,2,3.49,3.7,100,6.8,7.7,3.6,1.3,2.8,No,In a Relationship,5.1,1.3,17,2,0.1,100,100
20,Male,2,3.78,4.7,100,6.4,5.9,3.6,1.4,5.7,No,Single,2.3,1.8,11,0,8.6,100,96
28,Female,4,3.63,4.7,100,7.4,6.7,2.3,0.8,0,No,Single,5.5,3.1,12,2,5.1,100,93
19,Male,4,3.19,1.4,67,6.1,5.2,4.3,3.5,6.2,Yes,In a Relationship,2.6,1.2,11,3,3.6,90,82
19,Female,3,4,6.4,100,6.3,7.2,2.3,0.1,4.4,No,Single,3.1,1.4,12,2,3.3,100,94
21,Male,2,3.31,2.5,87,8.3,4.7,0.2,1,3.3,Yes,In a Relationship,2.7,0,9,2,0.7,96,100
18,Female,1,3.67,3.1,87,7.2,4.4,2.5,2,0.1,Yes,In a Relationship,4.4,1.6,12,2,1.6,100,100
23,Female,3,2.71,2.1,76,6.2,5.4,3.5,3.5,0,Yes,In a Relationship,6.6,0.4,7,4,5,93,77
19,Female,4,4,7.5,100,7,1.6,0.4,0,1.9,No,In a Relationship,2.2,1,13,5,3.2,100,96
23,Male,2,4,3.9,100,8.7,5.6,1.5,2.1,4.3,No,Single,2.3,1.7,13,4,3.5,100,97
20,Male,2,3.62,2.2,100,7.4,3.6,1,1.2,3,Yes,Single,1.2,0,14,2,1.3,100,92
20,Male,3,4,4.8,92,7.7,6.5,4,4.4,4.2,Yes,Single,4.2,1.7,12,0,5,100,100
27,Female,4,4,4.7,90,6.1,7,5.3,2.4,0.1,Yes,In a Relationship,5.8,1.5,17,4,2.7,100,100
20,Male,2,3.48,3.2,86,8.2,7.7,2.5,1.2,3.1,Yes,In a Relationship,2.3,1.9,21,0,3.1,100,80
21,Female,4,4,4.8,100,9.8,5.4,3.6,0,5.2,No,In a Relationship,4.3,0.6,4,2,7.1,100,100
18,Male,4,3.3,2.3,78,6.1,6.6,3.6,1.5,5.9,Yes,Single,5.2,2.3,6,0,2.7,100,91
26,Male,2,3.01,2.8,72,5.6,8.4,5.1,1.4,0.5,No,Single,6.1,1.5,11,2,1.2,83,78
22,Female,4,2.82,0.5,88,7.2,4.3,1.8,0,2.3,No,In a Relationship,4.9,0.5,10,4,1.9,82,79
27,Female,2,2.82,1.5,86,8.1,4.8,2.5,1.4,2.3,Yes,Single,3.6,0,14,5,4.9,88,81
20,Female,2,4,6.2,100,6.9,4.9,2.3,3.4,1.7,No,In a Relationship,4.9,0.7,14,4,3.9,100,100
28,Female,3,4,6,100,5.7,6.6,2.9,2.2,4.8,No,Single,5.1,2.1,13,3,4.1,100,100
28,Female,2,3.42,3.6,77,6.9,9.2,6.6,1.4,8.7,No,Single,3.4,1.6,4,1,4.2,100,100
24,Male,3,4,6,100,7.7,7.8,2.8,1.4,0.8,No,In a Relationship,4.7,0,13,3,3.5,100,100
28,Female,2,3.92,3.3,100,6.5,3.6,1.5,0.9,3.8,Yes,In a Relationship,3.7,0.9,21,3,1.1,100,100
25,Female,2,3.91,3.1,94,7.7,5,1.1,0.6,3.6,No,In a Relationship,2,1.3,15,2,6,100,90
23,Male,3,4,3.6,90,8.4,5.6,4.7,2,3.6,Yes,In a Relationship,2.9,3.1,12,4,4.4,100,98
23,Male,4,3.91,3.3,96,7.3,3.6,1.5,0.9,5.7,No,In a Relationship,3.4,2.5,15,2,1.6,100,100
24,Female,1,3.68,3.2,100,7,5.8,3.8,1.8,3.7,No,Single,4,1,8,3,7.5,100,92
27,Male,2,4,5.2,100,8,3.5,1.8,2.4,0,No,Single,2.5,1.4,14,1,4.5,100,91
27,Male,1,3.75,3.7,93,6,4.2,0.9,0,0.1,No,In a Relationship,4.8,0,12,2,3.7,92,99
24,Female,4,3.35,4.6,99,5.9,6.6,3.7,0,0.9,Yes,In a Relationship,6.2,0,6,2,2.5,100,91
21,Male,3,4,5,100,6.7,2.2,1.9,0.5,1.5,No,Single,2.9,0.8,13,0,3.1,100,100
21,Female,3,3.98,4.1,91,6.4,8.8,3.4,0.9,2.7,No,In a Relationship,4.6,2.2,12,3,4.8,100,100
21,Male,2,2.91,2,70,6,6.7,3.5,0.4,2.6,No,In a Relationship,6.3,1.4,16,1,3.5,90,80
22,Male,2,3.7,1.5,90,9.2,6.6,3.6,0.5,0,No,Single,3.3,0.5,13,1,5,94,81
19,Female,1,3.91,3.7,100,9.6,7,2.4,0.4,0,Yes,Single,5.3,2.1,13,2,4.3,100,100
23,Female,3,3.56,3.2,91,6.6,8,3.8,0.5,0,Yes,Single,4.9,3,13,1,3,100,100
19,Male,2,4,3.6,100,7.1,4,1.4,2.3,0,No,Single,4,0,13,1,7.3,100,97
19,Male,2,3.9,3.5,89,6.8,1,0,0.8,5,Yes,Single,1.2,1.1,18,0,1.5,91,99
23,Male,3,4,7.4,100,8.3,7.6,3.9,2.7,2.5,Yes,Single,2.8,0.7,16,3,4.8,100,91
19,Female,2,3.53,1.5,100,8.6,4.8,3,3,1.1,No,In a Relationship,3.3,1.2,7,1,4.8,91,80
28,Female,4,2.87,0.5,74,4.9,6.4,1.9,2.2,0,Yes,In a Relationship,5.9,0.7,11,3,4.8,82,89
24,Female,2,3.79,4,100,7.6,2.7,0.6,0,1,Yes,Single,5.7,4,5,1,4.9,100,90
21,Male,3,3.81,2.9,92,5.4,2.5,0,0.5,4.2,No,Single,5.9,1.1,19,1,5.8,100,92
25,Female,1,4,4,86,9.1,4.3,2.9,2.4,4,No,Single,3.1,1.5,9,1,3.8,99,99
24,Female,4,4,4.4,89,7.5,6.8,5.3,3.6,2.5,Yes,Single,4.6,1.4,8,4,2.2,100,100
24,Male,1,3.71,5.4,100,6,5.5,2.6,0,2.5,No,Single,3.5,0,21,1,1.7,100,96
27,Female,3,3.24,1.2,73,6.7,5.1,2.3,2.6,0,No,In a Relationship,5.7,1.4,9,0,5,79,93
22,Female,1,3.45,2.7,85,6.7,5.2,2.8,0.3,1.4,Yes,Single,3.8,0,7,2,5.2,100,80
18,Female,2,3.67,4.1,94,7.6,11.6,6.1,0,4.1,No,Single,4.7,3,15,1,7.2,100,96
18,Male,4,3.95,4.7,94,8.3,7.6,3.9,2.4,1.7,No,In a Relationship,4.8,2.1,12,3,2.9,98,98
20,Female,1,4,6.8,100,5.6,4.4,1.4,0,6.2,No,In a Relationship,3.8,0.6,8,2,2.6,100,100
22,Female,4,4,4.9,100,9.2,2.5,2.8,0,5.4,No,In a Relationship,2.2,1,14,1,4.8,100,95
24,Male,4,3.9,3.4,92,8.9,7.3,3.3,4.7,2.1,No,Single,3.7,2.2,15,1,0.1,100,99
24,Male,3,3.46,2.2,87,5.9,7.8,1.2,0,2.5,Yes,In a Relationship,3.3,1.5,16,1,2.9,100,95
19,Female,1,2.74,2.7,74,7.1,6.7,3.9,0,7.4,No,Single,2.8,0,13,1,1.4,90,88
26,Male,3,3.71,2.6,89,9.1,3.6,1.6,1.4,4.7,No,In a Relationship,1.5,1.4,16,1,4.6,95,100
23,Female,1,4,4.5,100,8.5,3.7,0.5,0.6,3.1,Yes,Single,1.1,2.3,16,0,3,100,93
28,Female,4,3.19,3.9,100,6.6,4.2,2.9,1.9,3.4,No,Single,4.5,0,10,1,2.9,100,89
22,Male,4,3.49,1.5,82,8,6.3,2.7,2.1,3.3,No,In a Relationship,3.4,1.3,21,0,2.8,94,77
28,Male,3,3.87,2.8,99,10,7.6,2.8,0.2,3,Yes,Single,1.9,0.4,15,1,3.8,92,85
25,Male,4,4,4.8,100,7.1,3.9,1.7,4.3,0.9,No,In a Relationship,2.8,2.5,19,2,4.2,100,100
26,Male,3,3.92,4,99,6.2,4.1,1.9,0,2.2,No,In a Relationship,2.9,0.7,11,3,6.5,100,100
23,Male,1,3.57,4.4,100,7.2,7.4,4.5,1.1,0.1,No,Single,4.6,0.6,16,2,3,95,100
20,Female,2,3.47,4.1,89,7.3,5.9,3.5,1.3,4.4,No,In a Relationship,5.1,2,13,2,2.3,95,100
18,Male,2,4,5.9,100,6.4,2.6,1.4,1.5,2.7,No,Single,3.1,0.3,17,1,4.1,100,90
27,Female,1,4,3.9,100,7.5,2.5,0,2.4,4.6,No,Single,3,1.3,10,0,1.9,99,95
20,Female,1,3.21,2.9,81,5.5,3.7,1.4,2.5,0.5,Yes,In a Relationship,6.1,1.5,9,1,4.6,87,92
25,Female,2,3.46,2.1,85,6.2,7.6,3,1.4,5.8,No,Single,4,1,18,0,7.8,91,98
25,Female,1,4,3.9,84,7.9,6.3,1.9,2.9,5.6,No,In a Relationship,2.1,0,13,2,0.8,100,90
27,Female,4,2.23,0.5,76,4.9,6.4,1.7,0,0,No,Single,4.9,0.3,17,0,6,78,68
24,Male,1,4,3.2,94,8.1,5.9,1.9,1.8,2,No,Single,3.5,1.1,5,5,5.6,100,98
26,Female,4,3.28,3.2,92,4.6,5.9,2.7,2.7,2.2,No,In a Relationship,6.8,0,8,1,5.2,84,82
18,Male,4,3.17,1.5,80,4.9,6,4,1.5,0.1,Yes,In a Relationship,4.1,1.3,9,0,4.8,98,90
19,Male,1,3.54,2.1,93,6.4,7.4,2.8,1.1,2.5,No,In a Relationship,5.5,0.9,18,2,5.4,99,96
24,Male,4,4,4.7,100,7.3,6.3,2.9,1.4,4.1,Yes,In a Relationship,2,1.8,18,4,4.8,100,97
25,Male,3,3.96,3.8,85,8.6,4,2.5,1.8,2.1,No,In a Relationship,4.4,1.8,12,1,5,100,86
24,Male,4,3.83,3.7,82,7.1,4,2.1,1.8,0,Yes,Single,3.9,0.1,14,0,6.6,100,94
22,Female,1,3.83,4,83,6.7,5.6,4.1,2.5,4.5,Yes,Single,6.2,0.7,13,1,3.3,100,100
26,Female,3,3.81,3.6,99,7.7,4.4,3.9,2.5,1.4,Yes,Single,5.3,0.3,7,0,8.7,100,96
26,Female,2,3.57,5.4,87,6,9.4,5.9,1.2,1.6,No,In a Relationship,6.5,0.7,12,4,5.1,98,89
27,Male,3,3.66,3.7,91,7.2,5.2,3.7,1.8,6.4,No,Single,2.7,0.9,7,2,3.2,97,86
28,Male,4,2.79,1.3,73,5.6,4.2,2.1,1,3.8,No,In a Relationship,5.9,2.3,10,0,2,85,82
20,Male,1,4,5.9,100,7.1,4.4,1.4,0,1.4,No,Single,6.6,0.6,11,3,5.6,100,91
24,Female,4,4,4.1,100,6.8,7,4.2,3.2,0.6,No,Single,7.2,2.1,20,2,6.1,100,100
24,Female,2,3.66,2.6,88,6,3.7,1.6,3.6,4.9,No,In a Relationship,2.6,1.5,13,6,2,81,94
25,Male,2,3.78,1.6,84,7.2,8.8,4,1.8,4.8,Yes,In a Relationship,3.9,2.6,10,2,5.6,88,94
27,Male,4,4,4.1,91,7.2,2.9,1.7,1.1,2,No,In a Relationship,2.6,0.8,15,3,4.5,100,96
18,Male,4,3.73,3.3,100,8.4,4.5,3.3,0.8,0.5,No,In a Relationship,3.7,0.4,9,1,2.5,100,92
20,Female,1,4,5.9,100,5.1,4.7,1.2,3.4,3.8,No,In a Relationship,4.2,1.3,25,4,6.3,100,100
22,Female,4,3.45,3,93,6.9,6.2,4,0.5,4.2,No,In a Relationship,5.1,0,14,2,3.3,100,95
28,Female,2,3.37,2.2,82,6.1,3.1,0.9,0.5,2.3,No,In a Relationship,4.3,1.4,1,0,0.1,100,100
19,Female,2,4,4.8,87,8,4.9,3.2,0,0.8,Yes,Single,2.6,1.8,8,2,4.9,100,99
19,Female,2,4,4.9,100,7.9,5.9,2.5,2.3,3,No,Single,3.6,2.3,21,1,4,100,100
18,Male,1,4,3.8,95,7.6,6.3,3,3.5,3.9,No,Single,4.3,1.6,13,1,3.4,100,92
19,Female,2,3.85,4.5,100,6.2,5.3,2.2,2.2,2,No,In a Relationship,5.3,1.1,10,4,4.2,100,96
27,Male,2,3.9,3.4,99,8.1,4.5,2.2,0.8,3.5,No,In a Relationship,3.8,3.1,14,1,5.7,100,100
25,Male,3,3.67,3.9,100,5.2,5.1,3,0,3.7,Yes,Single,5.1,1.2,4,0,4.3,97,100
26,Female,1,4,5.2,100,4.9,4.1,1.3,2.1,5.3,Yes,Single,3.5,0.1,7,3,0.4,100,97
20,Female,3,3.81,4.4,97,5.5,5.5,1.3,1.9,2.2,No,In a Relationship,4.4,1.2,5,1,5.3,100,91
26,Male,3,3.64,3.2,79,7,7.2,2.3,0.7,0.7,No,Single,6.9,0,10,2,6.6,99,100
23,Female,2,4,5.5,100,7.8,6.5,2.2,1.3,2.9,No,In a Relationship,4.8,0,20,2,0.7,100,100
21,Female,3,2.07,0.5,60,3.5,4.9,1.3,2.3,6.4,No,In a Relationship,4.4,1.4,15,1,4.2,62,60
18,Female,3,4,6.6,100,8.6,8.4,4.2,2.5,0,Yes,In a Relationship,5.4,0,14,0,5.7,100,100
22,Female,1,3.19,0.9,75,7.2,3.9,2.3,2.3,0,Yes,In a Relationship,4.5,0.6,9,3,2.9,86,88
21,Male,4,3.17,2.6,86,5.1,4.6,2.5,3.2,2.8,No,Single,4.7,0,16,6,7.6,90,84
18,Female,2,4,3.4,100,7.1,4.4,0.8,1.8,2.2,Yes,In a Relationship,4.3,1.3,8,2,0,100,98
18,Male,3,3.09,3.3,81,8.3,8.8,5.9,2.4,2.6,No,Single,4.3,0.5,11,1,3.9,100,82
23,Male,2,3.38,5,86,7.7,9.8,6.4,1,2.5,No,Single,5.2,1.7,16,1,3.9,82,90
20,Female,3,3.49,1.9,93,8.3,5.8,1.6,0.2,5,No,Single,1.4,1.7,12,2,2.5,92,100
27,Male,4,3.6,3.9,100,5.4,8.6,4.6,2.2,2.9,Yes,In a Relationship,6.1,0,17,1,0,93,100
27,Female,1,3.21,2.6,82,6.5,4.4,2.7,2.1,4.6,No,In a Relationship,5,2.1,11,0,3.8,95,100
28,Male,4,3.4,3.9,97,5.9,8.2,5.2,0.8,0,No,In a Relationship,6.6,1,19,1,4.9,98,92
28,Female,4,3.86,3.4,100,9.1,5.2,3.3,2.8,1.9,Yes,In a Relationship,3.5,0,14,0,4.8,100,100
22,Female,4,3.42,3.6,81,7.8,5,2.9,1.2,1.4,No,In a Relationship,4.1,1.6,8,1,4.2,86,92
20,Female,4,4,2.7,94,10,1,0,0,0,Yes,Single,2.6,3,9,0,3.5,96,100
22,Female,4,3.88,2.7,85,6.4,4.7,1.5,1.7,3.2,No,In a Relationship,4.8,1,11,0,1.3,98,100
26,Male,2,3.9,3.9,100,6.1,3.7,2.8,0,2.8,No,Single,5.5,0,17,2,3.9,100,100
28,Female,4,4,4.9,100,6.8,6.6,3.1,0,2.1,No,Single,3,2.1,21,3,5.1,95,100
28,Female,4,3.95,2.6,90,8.7,5.6,1,1.2,2.7,No,In a Relationship,1.9,2.8,5,1,8.1,100,94
19,Female,3,3.34,2.2,80,6.6,5.3,1.7,2.3,3.2,Yes,Single,4.2,0.1,10,2,3.4,97,90
27,Male,4,3.97,4.4,85,7.1,6.7,3.6,1,5,No,Single,2.6,0.4,18,1,2.3,100,93
19,Female,3,3.96,3.5,100,7.1,5.5,0.7,1.7,4.3,No,In a Relationship,3.9,1.2,12,1,0,100,100
21,Male,3,4,4.7,100,7,6.4,3,1.1,3.7,Yes,In a Relationship,3.7,0,11,2,2.6,100,97
20,Male,2,2.96,2.1,83,6.2,6.7,4.7,1.1,7.6,No,Single,4.9,3.3,15,0,8.8,93,97
21,Male,3,2.96,0.8,62,6.8,6.6,3.4,0,1.6,Yes,Single,4.7,1.1,5,3,3.2,83,86
24,Male,4,3.87,2.7,92,6.8,8.7,3.3,0,0.3,No,In a Relationship,4.8,1.2,15,3,5.8,100,100
27,Female,2,3.69,2.4,89,7,1.7,0,1.7,5.3,Yes,Single,1.4,1.6,14,1,3.8,100,91
25,Male,2,3.71,3.4,91,8.1,2.9,1.6,0.7,6.7,No,In a Relationship,1.9,0.9,13,1,1.2,100,98
18,Male,4,3.69,2.5,88,9.1,9.6,5.9,0,1.7,Yes,Single,4.7,0.7,17,1,1.2,96,96
27,Male,2,4,4.6,91,6,4.6,1.9,1.1,5.8,No,In a Relationship,3.4,0.3,12,3,5.5,100,98
19,Female,3,3.38,3.1,87,6.5,7.1,4.7,0,1.9,No,In a Relationship,5.9,0,12,1,5.5,97,83
20,Female,2,3.68,3.7,92,6,3.4,1.9,1.4,4.2,Yes,Single,3.2,1.6,13,1,1.9,100,100
20,Female,4,4,3.7,100,7.2,3.1,2.4,0,4.3,No,Single,3.6,2.6,2,1,5,100,100
25,Female,1,3.69,3.8,99,6.4,4.9,3.6,3.1,1.7,Yes,In a Relationship,6.4,2.1,17,4,0,79,100
24,Male,3,3.79,3.5,94,7.3,7.9,3,2.8,6.7,No,In a Relationship,4.1,0.9,15,2,3.8,95,94
27,Male,2,4,4.3,100,8.3,6.4,3.4,0.3,6.9,No,Single,3.2,1,15,2,5.2,100,100
22,Female,2,3.19,2.3,86,4,2.2,1.6,2,1,No,In a Relationship,3.6,2.8,14,2,0.2,96,96
26,Male,1,4,5.6,100,7.6,5.5,1.1,0.7,3.4,Yes,In a Relationship,1.7,0.4,19,2,6.1,100,95
22,Female,2,3.25,3.1,85,6.4,6,1.5,4.4,4.8,No,In a Relationship,4,0,13,1,3.5,99,88
18,Female,1,3.08,1.5,78,7.6,6.5,2,0,0,No,In a Relationship,4.9,1.5,11,5,1.3,90,82
26,Male,1,3.67,3.8,84,5.9,5,2.5,3,3.1,No,Single,2.4,2.1,3,2,2,100,93
20,Male,1,3.51,2.2,91,8.4,7.1,4.4,2.7,0,Yes,In a Relationship,5.5,0,6,3,3,97,86
18,Female,1,4,4.5,100,8.1,6.1,2.9,0,4.3,No,In a Relationship,2.9,1.6,10,3,7.8,100,96
23,Male,1,3.84,6.8,100,7.7,8.2,3.5,2.9,3.2,No,Single,3.7,0.1,12,1,4.6,100,88
28,Female,3,3.33,2.3,80,8,5.3,3,0.9,2.3,Yes,In a Relationship,4.8,0,9,3,2.3,90,89
21,Male,2,3.98,4,100,6.1,3.2,1.1,0.5,0,No,Single,5,0.9,11,3,5,100,100
18,Male,4,2.67,0.9,62,6.3,6.6,2.8,1.8,1.8,Yes,Single,4.5,0,7,0,5.8,76,73
22,Male,1,3.87,4.2,91,7.9,7.5,3,1.2,4,No,In a Relationship,4.3,0,17,1,4.8,100,98
27,Male,1,3.19,2.2,80,6.1,6.8,3.9,1.7,2.9,Yes,In a Relationship,4.5,1.3,11,3,2.1,88,79
25,Male,2,3.89,2.6,100,8.7,5,1.2,0.6,5.4,No,In a Relationship,1.6,1.2,18,4,2,100,92
20,Male,4,3.48,1.8,89,6.6,3.1,0,1.5,5.3,No,In a Relationship,3.9,0,11,2,0,89,96
19,Male,1,3.61,4.6,100,7.6,5.8,3.1,2.8,5.2,Yes,In a Relationship,4.9,0,14,2,5.2,100,95
28,Male,1,4,5,98,9.5,5.3,3.3,0.1,1.9,No,Single,3,1.7,14,2,3.3,100,100
25,Female,1,3.57,3.5,84,6.2,4.1,2.5,1.9,3.6,No,In a Relationship,3.6,1.7,13,1,2,100,92
24,Male,1,3.24,2.2,95,7.1,5.1,2.8,0.6,1.1,Yes,In a Relationship,5.3,0,6,3,5.3,97,92
21,Male,4,4,5.9,100,8.3,5.9,4.1,0.6,0.5,No,In a Relationship,3.9,0,10,1,2.9,100,100
27,Female,1,3.74,2.4,89,8.1,5.4,2.1,4.6,5.4,No,In a Relationship,3.7,1.1,2,5,0.3,96,96
25,Female,2,2.74,0.5,77,6.6,6.9,2.4,3.5,0.6,No,Single,3.5,1.6,20,1,4.9,82,83
22,Male,1,4,4.2,93,6.4,6.1,2.9,0.7,0.4,No,Single,4.6,1.6,1,3,1.7,100,96
22,Female,2,3.13,1.8,80,6.7,2.9,1,0.8,3.2,No,In a Relationship,4.4,1.8,16,4,2.6,90,72
24,Male,3,4,5,93,8.7,6.6,2.6,0.4,2.5,No,Single,2.5,0.5,13,1,3.3,100,98
25,Female,4,3.24,2.9,79,6.7,6.1,2.7,2.6,2.6,Yes,In a Relationship,3.6,1.4,3,2,3.7,96,81
21,Male,2,3.55,4.4,99,7.1,8.9,5.3,0,7.6,No,In a Relationship,4.5,0.8,13,2,0.3,100,97
21,Female,1,4,5.6,100,6.5,4.8,2.4,2,1,Yes,In a Relationship,2.7,0.6,6,3,2.2,100,100
24,Male,4,3.04,1.7,87,7.8,7.5,3.1,4.6,4,No,Single,3.8,0,14,0,2.5,90,77
21,Male,2,3.22,2.7,72,7.2,8.6,4.2,1.7,3.2,Yes,Single,5.7,1.5,12,3,4.2,100,93
27,Male,2,3.9,3.4,99,5.8,4.3,1.5,2.8,5,No,In a Relationship,4.4,0,13,2,3.5,100,99
28,Male,4,3.7,5.8,100,5.8,8.8,4.9,2.7,1.4,Yes,In a Relationship,5.6,0,10,0,2.3,100,94
22,Female,4,2.39,2.5,64,4.6,9.7,5.4,0.9,2.6,Yes,In a Relationship,6.1,1.9,19,3,9.1,79,81
19,Female,4,3.72,2.6,94,6,5.2,2.8,0,3.2,No,Single,5.9,1,7,4,4.5,99,95
24,Female,4,3.6,4.2,90,8,4.9,2,2.8,0.1,No,In a Relationship,5.4,2.3,9,0,0.8,99,91
25,Female,4,3.58,2.6,94,8.6,8.3,5.2,2.8,0,No,In a Relationship,5,0.9,11,1,6.8,100,84
27,Female,3,3.44,3.7,93,7.8,5.7,4,4,3,No,Single,3.6,0.6,11,3,6.9,100,92
23,Female,3,3.15,1.2,71,7.7,6.4,2.9,1.5,5.7,Yes,In a Relationship,4.2,2.3,6,1,6,100,91
25,Male,4,4,6.8,100,6.8,9.1,4.9,0.2,2.3,No,In a Relationship,6.3,0.8,2,2,4.1,100,95
23,Female,2,2.88,1.5,80,7.9,7.6,4.8,1.6,2.6,Yes,Single,6,1.5,14,0,4.9,92,87
27,Male,4,3.38,3,100,7.3,5.7,2.3,0.6,5.3,No,In a Relationship,3.9,1,14,0,3,95,85
21,Male,3,3.8,3.5,100,9.2,7.9,3.2,2.6,2.7,No,Single,3.2,1.3,21,1,3.8,100,91
19,Female,4,4,6.4,100,6.9,6.2,3.7,2.5,4.6,No,In a Relationship,2.5,1,18,4,3.7,100,95
21,Male,4,3.07,1.5,75,8.6,6.2,2.8,2.4,8.3,No,Single,4.4,2.1,12,3,5.1,90,74
25,Female,3,3.83,6.5,100,8,3,0.7,0.6,1.8,No,Single,4.7,1.3,9,3,3.6,100,97
27,Female,1,3.93,4.6,100,7.9,3.7,1.4,1.3,2.6,Yes,Single,2.5,0.9,18,3,0.3,100,100
18,Male,4,3.68,4.1,100,4.6,4.2,0.8,0,3.8,No,Single,4.1,1.5,8,0,4.8,100,100
27,Female,1,3.29,2,80,8.1,6.8,3.5,0.3,6,No,Single,3.1,0,16,4,1.5,93,88
21,Female,2,3.94,4.4,100,6.8,4.7,1,0.7,2.8,No,Single,3.5,2.2,5,1,4.5,100,98
28,Female,2,3.54,2.4,97,6.5,6.2,3.1,0,4.5,No,In a Relationship,3.7,0,22,3,1.4,100,89
20,Female,3,3.58,5.4,98,5.2,9.1,5.5,0.9,3.7,No,In a Relationship,6.3,0.5,7,3,6,100,100
21,Female,3,3.09,2,63,7,9.9,4.9,1.7,2.9,No,Single,3.8,0.7,7,3,6.6,96,80
22,Male,4,4,3.3,97,7,4.3,0,0,2.2,No,In a Relationship,2.7,1.4,2,3,3.4,100,100
26,Male,4,3.55,2.7,87,5.4,4.3,0.9,0.2,1.8,No,In a Relationship,5,2.8,10,3,5.6,100,93
27,Male,4,3.53,2,80,5.2,5.2,1.6,1.8,9.1,No,In a Relationship,1,2.2,14,2,8.4,100,86
19,Female,2,3.91,4.6,93,7.6,3.6,1,1.3,0,No,In a Relationship,4,0,9,3,5.6,95,91
18,Male,2,4,4.3,100,8,3.1,0.3,2,0.1,No,In a Relationship,2.8,0.3,8,0,3.5,100,100
28,Female,4,3.79,5.3,100,7.2,6.4,2.8,2.7,3.5,No,Single,5.5,0,5,2,3,100,100
20,Male,4,2.89,0.8,74,8.4,7,3.9,2.3,3.4,No,In a Relationship,4.3,0,13,3,5.5,88,85
23,Male,1,4,5.1,100,6.9,8.2,4.2,2.7,3.9,No,In a Relationship,3.7,0.6,15,3,4.8,100,95
18,Female,2,4,7.3,100,6.9,6.6,2.1,2.2,1.3,Yes,In a Relationship,5.6,2.5,13,4,4.2,100,100
20,Female,2,3.44,2.8,86,5.9,5.3,2.4,0,0.9,No,In a Relationship,4.7,1,15,2,1.5,93,91
22,Male,4,3.91,6.3,100,5.1,3.9,3.3,0.4,2.4,No,In a Relationship,5.2,1.1,6,2,4.2,100,92
19,Male,4,4,3.1,94,9.2,8,2.6,0,4.8,No,In a Relationship,3.7,1.4,9,2,3.8,100,100
22,Male,3,2.83,1.4,75,8.4,6.2,4,1.4,1,Yes,In a Relationship,3.9,0.3,11,1,4.3,99,98
26,Female,2,2.93,3,82,5.3,6.6,3.4,1,3.3,No,Single,6.3,1.1,18,0,3.8,83,80
21,Male,3,4,5.1,100,7.2,6.1,2.2,2.6,2,No,In a Relationship,4.5,1.4,18,3,7.8,100,100
25,Female,1,3.98,2.2,86,6.9,4.7,0,0,0,Yes,Single,2.9,3.7,16,2,5.4,100,100
18,Female,1,3.33,2.6,84,6.7,10.2,5,0,0.4,No,In a Relationship,5.1,2.1,16,1,3.4,93,100
26,Male,1,4,4.4,100,6.5,4.4,1.8,0.8,4.8,Yes,In a Relationship,2.2,2.8,8,3,2.6,100,89
21,Female,3,3.43,3.5,93,7.5,7.7,3.3,2.1,1.8,No,In a Relationship,4.6,1.2,13,0,10.9,96,87
27,Male,2,4,4.4,100,8,3.2,0,1,5.5,No,Single,1.9,1.7,4,3,3.8,100,99
25,Male,1,3.74,3.9,92,7.5,9.1,2.8,2.3,2.9,No,Single,4.2,1.5,16,2,2.5,100,100
20,Male,1,3.84,4.2,100,6.9,7.3,3,1.3,0.3,No,In a Relationship,3,0,11,0,1,100,92
19,Female,4,2.86,2.9,81,6.8,5.8,3,1.5,4,Yes,Single,3.5,0,22,1,1.4,93,80
22,Female,3,3.57,3.8,87,8.1,9.3,7.3,1.8,1.4,Yes,In a Relationship,4.8,0.1,13,1,2.3,100,92
20,Male,4,2.95,2.1,77,7.6,1.7,1.9,0,2.2,No,Single,4.2,2.4,8,3,2.5,93,77
22,Female,2,3.81,5.4,100,7.1,7.8,4,2.1,5.3,Yes,In a Relationship,3.5,0.8,11,4,3.4,100,97
26,Female,4,3.12,2.5,77,7,7.8,3.6,1.1,0.4,No,Single,5.4,2,9,1,6.2,94,83
20,Female,4,4,5.2,100,7.4,5.7,1.8,2.3,2.1,Yes,Single,3.2,2.5,9,2,5,100,92
24,Female,4,3.33,3.1,89,6.4,4.2,4,3.8,0.8,No,In a Relationship,6.8,0,12,2,5.9,94,95
25,Male,1,3.97,3.8,99,8,4.1,2.6,3.2,0.6,No,In a Relationship,4.2,2.7,7,1,3.2,100,100
27,Male,2,2.97,2.8,92,5.7,7.7,4.1,1.4,2.1,Yes,Single,6.1,0,12,2,4,100,88
26,Male,1,2.86,2,71,6.5,10.8,5.7,2.3,1.3,Yes,Single,5.6,1,2,5,5.9,88,67
20,Female,4,3.38,0.9,87,7.7,5.9,3,0.5,2.5,No,In a Relationship,4.9,0.1,13,2,6,92,94
26,Female,4,3.17,1.9,77,5.6,6.7,2.4,0,4.3,No,Single,3.4,1.4,8,1,3.5,98,79
25,Male,2,3.38,3,86,5.1,6.2,4.4,0.2,1.5,No,Single,5.6,1,5,2,7.8,91,86
24,Female,4,3.08,3.8,89,7.1,8.1,4.9,2.5,0.1,No,In a Relationship,5,2,16,2,1.8,100,90
27,Female,2,4,5,100,5,4.2,1.5,0.7,4.3,Yes,In a Relationship,5.9,2.2,3,0,7.2,100,100
22,Male,2,3.62,2.8,78,5.4,6.5,2.1,1.5,1.5,Yes,Single,3.5,2.8,15,2,3,94,89
26,Male,1,3.43,2.2,84,7.9,6.2,3.8,1.4,6.7,Yes,In a Relationship,5.5,2,14,3,2.1,100,82
18,Male,4,3.28,1.3,78,6.8,7.6,2.6,4.7,2.2,Yes,Single,2.8,2,8,3,2,79,75
25,Male,3,3.95,4.2,100,8.5,4,1.4,0,2.7,No,Single,3.8,0.8,11,1,3.2,100,100
21,Male,2,4,5.6,100,5.6,5.3,3.6,1.3,0,No,Single,4.9,1,13,2,5.9,100,100
20,Male,2,4,5.4,97,6.9,5.6,3.8,2.2,0.7,No,Single,5.2,1.5,13,2,6.5,100,100
19,Male,4,4,4.6,100,7.5,4.6,2.3,1.9,0,No,Single,4.1,0,17,0,5.2,100,96
28,Male,3,4,4.5,96,5.6,6.3,2.9,1.1,3.6,Yes,In a Relationship,3.6,2.3,16,1,2.9,100,96
26,Female,1,4,6,100,8.2,4.2,1.9,0.8,2.8,No,Single,3.4,1.1,17,0,3.1,100,90
19,Male,1,4,4,91,7.6,3.2,1.2,2.8,4.3,No,Single,2.5,1.4,18,4,3,90,97
23,Female,3,3.72,4.5,94,5.1,6.2,2.1,0,4.6,Yes,Single,4.7,0,13,3,9,100,100
26,Male,2,3.32,3,98,7,2,2.9,1.7,4.9,No,Single,2.7,0.8,11,3,4.6,97,91
27,Male,4,3.59,1.5,97,7.5,3.1,0.6,0.4,2.5,No,Single,3.6,2.1,11,4,4.7,92,96
25,Male,4,3.38,2.5,89,6.3,3.6,2.2,0.6,3.2,Yes,In a Relationship,4.9,1.6,10,1,4.4,93,100
23,Male,2,3.25,3.5,88,5.2,4.9,2.9,0.8,4.2,Yes,Single,4.4,2,19,2,3.3,100,90
27,Female,3,3.16,3.6,82,7.3,7.9,4.6,1.3,1.4,Yes,Single,3.7,0.9,8,2,3.6,93,93
22,Male,2,4,6.4,100,9.7,5.1,2.3,0.9,1.1,Yes,In a Relationship,5,1.3,18,1,5,100,97
23,Female,1,3.92,3.6,99,6.5,3.5,0.9,1.6,6.1,No,Single,3.3,1.1,10,1,6.1,100,98
26,Male,1,4,5.3,91,8.9,6.9,2.5,2.3,0,No,In a Relationship,3.2,1.9,18,1,4.1,100,95
19,Male,2,3.61,2.8,74,6.1,5,2,2.1,4,No,Single,4.4,1.5,16,1,1.2,100,100
19,Female,2,3.69,3,91,7.3,8.8,3.6,1.6,3.7,No,Single,2.5,0.8,12,1,1.1,99,100
23,Male,3,2.94,1.5,75,7.9,6.2,2.3,1.5,0.8,Yes,In a Relationship,5.2,0,13,2,4.8,96,85
28,Female,1,4,2.4,82,7,1.8,0,1.7,1.7,Yes,Single,5.3,1.4,6,2,4.6,100,100
26,Male,2,3.74,4.3,86,6.6,12,8,1.5,2.3,No,Single,7.3,0,15,0,1.5,98,100
24,Male,4,3.86,3.5,97,7.9,6.3,3,1.8,3.4,No,Single,2.8,1.9,17,1,3,100,100
27,Female,4,4,4.9,100,9.3,8.1,2.9,0,3.7,No,Single,1.2,2,19,4,4.6,100,94
23,Male,1,3.37,3.8,94,7.4,3.2,0.5,0,2.9,Yes,In a Relationship,4.4,0,10,2,4.3,97,90
18,Male,1,3.96,3,96,6.4,3.9,0.6,1.6,3.4,No,In a Relationship,3.2,1.5,23,1,7.5,100,100
19,Male,2,4,6.7,100,6.8,6.2,2.7,2,4.3,No,Single,3.4,1.5,10,1,6,100,100
19,Male,2,4,3.4,93,10,6.1,3.3,0,4.2,No,Single,4.1,1.6,10,1,1.6,100,99
22,Female,1,3.78,5.2,100,7.2,8.4,3.9,2,6.1,No,Single,3.2,0,11,2,6.6,100,97
22,Male,2,3.55,2.9,85,6.3,8.5,3.2,0.4,5.1,No,Single,4.8,1.7,11,1,0.8,88,96
27,Male,1,3.43,4.6,90,5.6,1.2,1,2.1,3,No,In a Relationship,3.9,0,5,1,1.3,100,94
19,Female,2,3.45,4.9,100,4.8,4,0,0,4.3,No,In a Relationship,3.7,1.9,6,4,1.7,100,90
22,Male,2,4,3.8,100,7.4,4.5,2.6,4,3.8,Yes,In a Relationship,5.3,1.6,6,1,1.9,93,96
27,Female,1,2.71,0.5,94,7.8,1.9,2,1.9,3.3,No,In a Relationship,2.9,0.9,13,4,5.3,81,90
21,Female,4,3.46,3.5,97,6.5,4.5,0.9,2.9,1.3,No,In a Relationship,3.2,1.6,19,4,4.7,90,93
28,Female,4,3.81,5.3,100,7,7.6,4,1.2,3.3,No,In a Relationship,4.3,0.3,9,1,4,100,100
19,Female,3,3.97,4.3,100,5.6,4.2,0.4,2.5,0,No,In a Relationship,3,0.6,11,1,7.9,100,100
28,Female,3,3.17,4.2,85,7.2,7.1,3.7,2.2,5.1,Yes,In a Relationship,4.9,2.4,8,0,0,100,89
22,Female,4,2.75,0.9,70,7.6,4.8,0.7,0.7,3.7,No,Single,3.7,2.3,15,2,6.9,72,86
19,Male,2,2.93,2.4,83,6.4,5.3,3,1.1,2.7,No,In a Relationship,4.4,0.1,13,2,8.2,86,88
26,Male,4,3.71,4.1,80,9,7.5,4.2,3.4,2.2,No,Single,3.2,0.6,17,1,4,94,95
18,Male,4,4,4.1,87,6,6.1,2.3,3,4.3,No,In a Relationship,1.2,0.6,7,1,4.5,100,88
26,Male,4,4,5.3,97,7.3,9.9,5.3,0,6.7,Yes,In a Relationship,3.4,1.3,12,1,1.3,100,97
18,Male,2,3.59,3.3,96,8,8.8,5.7,2.8,3.8,No,In a Relationship,4.5,1.1,11,6,2.8,100,91
26,Female,3,3.81,4.1,98,6.9,5.9,3.2,1.1,6.8,No,In a Relationship,1.6,2.5,11,2,5.7,97,99
20,Female,1,3.36,3.5,79,6.8,6.5,3.6,1.2,4.6,No,Single,6.6,2.7,17,6,3.4,100,97
28,Male,1,2.86,2,75,5.3,6,4.4,1.1,1.4,Yes,Single,6,3,9,2,3.6,95,88
26,Male,2,3.14,0.5,78,8.6,7.5,3.6,2.6,4,No,Single,4.2,3.4,10,2,6,84,85
23,Female,3,3.88,4.1,100,6.8,4.8,3.5,3.1,3.8,Yes,In a Relationship,4.1,0,8,3,2.4,100,100
25,Male,1,3.86,3.8,100,7.6,5.5,2,2.5,1.4,Yes,Single,4.6,1,23,3,2.8,100,97
26,Female,3,3.99,2.6,100,7.8,3.4,0.3,1.4,2.2,No,Single,2.6,0.5,7,1,2.5,100,99
28,Female,3,3.17,1.1,83,6.2,1.8,0.7,1.6,2.1,No,Single,3.5,0.3,15,4,3.5,82,94
28,Female,3,3.18,4.4,95,6.8,7.6,6.4,1.1,3.2,No,Single,6.9,2.6,5,1,2.9,100,88
26,Female,1,3.39,3.1,94,8.6,5.3,3.3,0,2.4,No,Single,4.9,1.6,14,1,7.1,94,91
21,Male,1,3.62,4.3,100,5.7,5,2.4,1.8,3.5,No,In a Relationship,4.3,0,6,0,3.7,100,100
18,Male,2,4,6.3,100,9.6,9.5,4.7,3.1,3.9,Yes,In a Relationship,5.8,3.8,13,1,4,100,97
21,Male,3,3.05,0.5,71,6.1,4.6,1.7,2.8,5.5,No,Single,3.4,0,14,2,3.2,89,94
25,Male,4,3.11,2.5,76,5.6,7.4,3.7,1,4.1,No,Single,4.2,0.8,12,2,2.6,99,94
28,Male,3,3.69,3.2,94,7.2,7.4,2.9,1.2,1.6,No,Single,4.4,1.3,16,2,10.4,100,90
26,Female,1,4,5.7,100,9.7,7.8,3.5,1.6,7.2,No,Single,2.9,0.1,14,1,1.6,100,93
23,Female,1,2.96,1,80,4.7,5.3,2.3,1.4,1.6,Yes,Single,3.8,1.8,9,2,6.3,82,82
22,Female,3,4,6.4,100,6.8,3.6,1.4,0.8,2.2,No,Single,4.2,0.6,14,3,3.1,100,100
22,Male,3,3.99,3.7,100,7.6,5.2,1.6,2,4.2,Yes,Single,5.3,2,13,3,1.2,100,100
20,Female,3,3.49,3.4,78,7,3.8,1.6,0.5,8.8,Yes,In a Relationship,3.4,1.6,17,1,4.8,95,84
22,Female,1,3.5,3.2,86,7.5,8,2.8,2,3.8,Yes,Single,4.4,0,5,2,3.8,100,100
25,Male,3,3.69,2.8,98,6.1,4.5,0.5,3.3,1.7,No,In a Relationship,4.2,0,13,1,4.6,98,100
28,Male,4,4,5.1,100,6.3,4.2,0.9,0.7,0,No,Single,3.2,2,12,0,6.5,100,100
28,Female,1,3.4,1.9,89,6.8,6.6,3,1.7,0,Yes,In a Relationship,3.8,1.6,10,3,2.2,87,78
24,Male,3,3.86,4,96,5.6,5.8,2.6,1.8,3,No,In a Relationship,4.6,0.2,17,3,1.7,93,99
22,Female,4,3.43,2.9,80,6.9,5.7,3.1,2.4,4.1,Yes,In a Relationship,3.6,0.5,8,1,3.7,89,93
19,Female,2,3.81,2.4,99,6.5,6.3,2.7,0.6,0.2,Yes,In a Relationship,3.3,1.1,16,3,4.5,91,100
26,Female,2,4,7.4,100,6.4,9.3,6.6,0,3.4,No,Single,5.4,0,8,4,4.7,100,100
26,Female,1,4,4.1,92,7.4,8.3,3,4.1,0.4,No,In a Relationship,5,3.5,19,1,5.1,100,100
22,Male,2,3.56,4.4,100,4.8,4.4,2.2,2.4,1.2,Yes,Single,5.5,0.2,14,0,4.4,100,100
22,Female,2,4,5.2,97,6.7,6.6,3,0.4,4.3,No,Single,3.2,1.2,4,2,7,100,100
19,Male,2,3.37,1.4,70,9.8,6.4,4.3,0,1.5,No,In a Relationship,3.9,2.9,18,2,1.4,93,85
28,Female,3,4,6.1,100,5.7,4.7,2.7,0.8,5.6,Yes,Single,4.4,1,15,1,4.2,100,100
28,Female,2,3.16,0.5,79,8.5,4.7,3.8,2,1.8,No,In a Relationship,2.9,1.5,12,2,1.8,97,89
28,Female,1,3.52,2.3,100,7.1,6.9,3.4,0.2,5.2,Yes,In a Relationship,3.1,0.2,9,0,7.5,100,89
21,Female,1,3.72,2.8,87,6.3,4.8,2.4,1.9,7.5,No,Single,3.2,0.7,8,0,0,100,87
23,Male,4,3.69,4.4,90,5.4,7.3,3,1.6,1.5,Yes,In a Relationship,4.1,0.3,15,1,3.1,100,97
25,Female,2,3.7,3.8,100,7.2,8.7,5.2,1.8,7.9,Yes,In a Relationship,3.7,2.5,4,2,1.3,100,96
26,Male,4,3.49,3.2,88,8.7,6.4,3.2,3.9,3,Yes,In a Relationship,6.1,0.5,9,3,3.1,100,86
18,Female,3,4,3.5,91,6.5,2.6,1.3,3.2,1.7,Yes,In a Relationship,2.4,0.5,15,2,1.8,100,100
20,Female,1,3.36,2,87,6.9,6,2.3,0.3,2.4,No,Single,5.4,0.3,5,2,2.4,100,97
22,Female,2,4,1.3,95,8.2,2.2,0,0,2.2,No,Single,3,1.6,5,1,6.8,84,94
22,Female,3,4,4.6,100,7.4,4.3,3,0.3,5.8,Yes,In a Relationship,2.2,1.8,15,3,5.1,100,95
28,Male,1,3.12,4.5,89,5.1,8.3,4.8,0.7,5.6,Yes,Single,5.7,0,11,4,5.2,100,79
28,Male,2,4,5.9,100,7.1,2.3,0.8,2.6,5.6,No,Single,2.8,1.3,20,1,5.9,100,100
23,Male,2,3.47,2.3,82,8.8,3.5,3,1.1,0.4,Yes,In a Relationship,5.2,1.5,10,1,4.1,91,97
25,Female,2,3.86,4.5,92,7,8.9,4.3,1.1,3.4,No,In a Relationship,5.3,2.6,4,1,4.1,100,91
28,Male,2,2.9,3.1,77,3.7,6.7,4.4,3.3,0,Yes,In a Relationship,6.7,0,18,3,3.2,100,84
23,Male,1,4,5.3,100,7.5,5.6,4.7,1.8,5,Yes,In a Relationship,3.9,0.1,5,2,5.3,100,92
26,Female,2,4,5,100,6.8,1.8,0,2.2,2,No,In a Relationship,4.4,1.8,7,1,1,100,100
20,Male,2,3.7,3.8,96,4.8,5.7,3.6,0,4,Yes,In a Relationship,4.6,1.1,10,3,0.7,98,89
20,Male,4,3.49,3,90,5,4.9,0.5,1.4,2,No,Single,2.6,2.6,13,2,6.8,87,86
23,Female,3,4,4.9,100,8.2,2.3,1.3,0.9,0,No,In a Relationship,1.8,2.3,14,3,6.5,100,100
26,Female,4,4,4.5,91,6.1,5.4,4,0,4.8,No,In a Relationship,3.3,1.5,17,2,1.3,100,100
21,Male,3,3.55,2.5,83,5.9,7.2,3,1.1,4.9,Yes,In a Relationship,5,1.1,1,2,3.6,100,100
28,Male,4,3.14,1.5,80,7,6.4,3.9,0.5,3.3,Yes,Single,4.1,1,7,4,2.2,81,100
28,Female,1,3.66,3.1,91,6.2,4.7,1.4,2.3,0,Yes,Single,3.6,1.2,17,2,1,100,88
22,Male,2,3.54,5.8,100,7.1,7.4,5,1.5,4.5,Yes,In a Relationship,4.2,1.3,8,0,4.1,100,100
22,Female,4,4,5.2,96,6.8,9.2,3.8,1.4,1.5,No,Single,5.7,2.6,12,4,5.1,100,80
19,Male,4,2.67,1.8,70,5.6,5.6,4.1,0,4,Yes,In a Relationship,5.5,0,19,2,6.2,68,77
19,Female,2,2.96,1.7,82,6.4,4.5,1.2,2.6,2,Yes,Single,4,0.8,11,0,3.3,89,80
20,Female,4,3.79,5.4,100,7.5,9.4,4.6,0,2.2,No,Single,4.2,1.4,11,1,4.6,100,96
18,Male,4,3.45,1.8,83,7.1,4.9,2.3,0.7,4,Yes,Single,3.2,0.6,11,2,5.9,79,93
26,Male,2,3.59,4.3,95,6.9,4,1.9,1.1,1.4,No,In a Relationship,3.9,0.9,18,3,3.9,100,88
21,Male,4,3.53,2.6,90,9.3,7.6,3.7,2.1,2.7,No,In a Relationship,2.8,0.8,4,4,3.6,98,96
20,Female,1,4,5.9,100,7.9,7.9,3.7,1.1,4,No,Single,3.8,2.5,21,0,2.2,100,100
24,Female,3,4,2.3,88,8,3.5,1.5,0.3,7.3,No,Single,1.4,0.8,11,1,4,100,100
22,Female,1,3.78,5.2,93,6.8,10.7,5.9,2.7,2.9,No,In a Relationship,5.8,0.5,10,0,2.1,100,94
19,Male,1,3.46,3.8,94,7.3,8.6,5.5,0,4.7,No,In a Relationship,5.2,2,8,3,4.9,100,96
21,Female,1,3.92,3.9,93,6.5,7.3,3.7,2.4,0.7,No,In a Relationship,6.2,0.7,6,4,2.8,100,99
24,Male,2,2.95,0.5,66,7.9,8.2,3.4,2.1,6.4,No,Single,3.6,1,1,2,7.1,89,87
19,Female,2,2.72,0.5,70,6.9,7.2,3.3,1.2,1.4,No,Single,4.9,0.1,18,0,3.2,85,67
23,Female,1,3.75,3.2,91,7.3,3.5,0.5,1.6,2.7,Yes,Single,2.3,0.8,1,1,6.5,97,100
20,Female,1,4,3.9,96,7.2,5.2,3,1,4,Yes,In a Relationship,3.8,1.2,12,0,3.8,100,90
18,Female,4,3.72,1.8,92,7,9.2,2.9,0.2,1.4,Yes,Single,3.4,0,10,3,2.2,91,93
23,Female,1,4,1.9,91,10,4,1.9,0,5.2,No,Single,1,1.1,13,7,3.3,99,99
28,Male,1,3.69,4.3,100,6.2,5.7,2.3,0.1,1.7,Yes,In a Relationship,4.1,1.7,2,1,2.1,100,100
20,Male,4,4,4.3,100,6.2,3.6,0,0,4.7,Yes,Single,2.4,0,8,0,3.6,100,99
28,Female,4,3.86,3.3,98,7.8,4.9,1.2,2.7,5.1,Yes,In a Relationship,3.3,0.5,14,2,0,100,94
25,Female,1,3.75,4.7,100,6.3,9.8,4.2,2.4,4.2,No,In a Relationship,3.7,3.8,13,2,5.1,95,100
26,Male,2,2.4,1.7,76,6.7,8.5,5.4,1.2,4.4,No,In a Relationship,7.7,1,9,0,0,83,93
20,Male,4,3.44,3,87,5.7,4.3,1.4,0,8.1,No,Single,2.5,2.3,13,3,3.2,96,90
23,Female,2,4,6,100,7.6,8,3.1,0.7,3.8,No,In a Relationship,3.7,1.2,21,0,4,100,93
25,Female,2,4,3.6,100,7.6,7.2,4.4,2.3,3.2,Yes,In a Relationship,3.9,0.9,17,2,3.6,100,89
26,Female,3,3.5,3.7,85,6.6,6.1,2,1.5,3.7,No,Single,4.5,2.1,17,4,3.2,96,82
20,Male,3,3.82,7,100,7.9,7,3.8,0.3,5.5,Yes,In a Relationship,3.4,2.4,15,4,2.3,100,100
19,Male,2,2.96,1.4,67,4.8,6.8,2.7,1,7.7,No,In a Relationship,2.9,0.3,13,0,0.7,97,81
22,Female,3,4,4.7,90,6.2,8.5,4.6,2.5,2.7,No,Single,3.3,0.1,9,0,3.9,96,100
20,Male,1,4,6,100,6.8,3.4,0.9,4,1.2,No,Single,4.3,0,12,0,3.2,100,97
26,Female,4,3.24,3,89,5.6,1.9,1.1,2.9,5.3,Yes,Single,4.1,0.3,22,3,6,90,76
23,Female,1,3.75,4.8,100,4.9,4.2,3.2,1.1,0.3,Yes,In a Relationship,5.8,2.3,17,0,5,99,95
22,Male,2,2.75,2,76,6.6,3.7,2.9,0.1,3.5,Yes,Single,3.9,1.2,10,3,6.9,85,80
21,Male,4,3.82,2.5,83,7.8,5.6,2.7,0.7,3.6,No,Single,3.3,2.4,2,2,6.2,99,96
19,Female,1,3.93,4.1,90,8.5,3.9,3.7,3.1,2.8,No,Single,4.7,0.2,16,3,4.7,100,94
20,Female,1,4,4.7,100,6.3,4.2,1.4,1.3,2.9,No,In a Relationship,3.7,0.2,17,0,5.3,100,98
19,Female,2,4,5.2,100,7.9,3.9,0.7,0,0,Yes,Single,4.6,0.8,9,3,4.7,100,95
27,Female,2,4,5.9,100,7.8,6,2,0,1.3,No,Single,3.7,1.5,9,1,1.8,100,88
18,Female,2,3.88,3.4,100,8.5,5.8,2.2,0.2,4.9,No,Single,2.8,1.1,2,2,0.8,100,100
19,Male,4,4,5.3,100,6.6,6.5,2.4,0,0,No,Single,5,1.9,18,0,3.5,100,92
22,Female,1,2.77,3,85,4.8,8.2,4.7,2.6,2.8,No,In a Relationship,7,1.6,10,0,4.7,95,78
26,Female,2,4,4.9,100,7.1,6.6,4,4.4,2.4,No,Single,5.8,1.7,13,3,4.7,100,100
18,Female,2,3.4,3.8,80,5.8,6.5,3.6,2.7,0,Yes,Single,5.4,1.9,7,1,2.5,100,86
26,Male,1,3.46,4.2,89,6.1,5.1,3.1,2.8,6.4,No,In a Relationship,3.5,2.3,5,0,4.5,100,86
23,Female,4,4,4.1,100,6.6,5.4,2.1,2.7,0.9,No,In a Relationship,3.1,0,19,3,3.6,100,100
25,Male,1,3.53,1.1,85,6.6,2.6,1.5,0,4.1,No,Single,4.2,1.2,10,1,5.9,100,78
21,Male,3,3.33,1.8,77,7.2,5.3,1,1.3,2.1,No,In a Relationship,1.7,2,8,3,3.7,97,70
27,Female,3,4,3.7,100,7.8,3.7,1.8,1.5,1.3,Yes,Single,5.4,3.7,27,1,8.1,100,97
20,Female,4,3.06,1,73,6.6,5.9,2.7,3.8,2.5,No,In a Relationship,5.1,1.1,17,1,5.8,85,88
18,Male,4,4,4.7,100,7.5,4.5,1.1,0.6,2.3,Yes,Single,2.6,0,8,2,5.1,100,100
23,Female,1,4,4.8,100,7,7.5,3.1,2.4,2.6,No,Single,5.5,2.6,16,3,6,100,100
18,Female,4,4,4,93,8.1,3.5,2.5,0.5,1.4,No,Single,4.4,0,4,0,3.2,100,100
27,Female,4,2.92,1.8,88,6.8,4.8,2.2,0,1,No,In a Relationship,4.8,1.7,10,0,5.4,91,92
24,Female,4,3.86,5.6,100,6.9,8.2,4.5,0,5,No,In a Relationship,4.1,1.7,8,3,5.1,100,99
18,Female,1,4,6.6,100,6.6,5.1,0,0,3,Yes,In a Relationship,3.6,1.3,14,4,3.5,100,100
24,Female,1,4,3.7,100,6.8,5.2,2.2,1.3,2.9,Yes,Single,2.5,0,20,2,7.1,100,100
27,Female,3,3.94,4.3,93,6.1,2.3,0,2.5,1.2,No,In a Relationship,3.7,0.8,4,1,6.7,100,100
21,Male,2,4,3.8,82,5.9,8.6,3.2,4.8,6.1,No,Single,3.3,0,21,2,6.4,100,95
26,Female,4,4,4.3,87,7.9,7.9,3.9,2.5,2.8,No,In a Relationship,3.9,1.7,16,2,5.2,100,78
23,Male,2,3.63,3.3,100,5.7,5.4,0.8,0.4,0,No,Single,3.6,0.3,7,0,5.1,100,86
19,Female,2,3.37,3.4,92,6.6,2.5,1,2.9,3.6,Yes,In a Relationship,2.7,0,7,0,6.8,83,96
28,Male,3,4,4.9,100,8.2,3.9,0.3,2.6,1.5,No,In a Relationship,4.2,1.9,8,1,5.6,100,91
23,Male,4,4,7,100,6.6,4.6,2.9,1.3,4.8,No,In a Relationship,2.5,0,8,1,6.4,100,100
28,Male,2,3.37,1.4,81,8,3.7,2.3,0.1,5.1,No,Single,3.5,1.3,8,3,5.8,85,93
19,Male,4,3.72,3.3,84,6.3,6.1,2.4,0,4.8,No,In a Relationship,2.7,0.5,3,1,8.4,100,99
22,Male,2,2.87,1.7,76,5.7,6,2.2,0.4,2.1,Yes,In a Relationship,5.8,2.1,11,2,5.1,96,86
22,Female,3,4,5.9,95,5.1,3.7,1.3,1.6,2.8,No,Single,4.6,2,16,2,6.8,100,94
22,Male,3,3.29,2.6,84,8.6,9.2,4.5,3.3,3.5,No,In a Relationship,2.7,1.4,9,1,2.8,80,70
21,Male,2,3.15,1.3,71,5.6,5.8,3.2,0.5,4.8,No,Single,4.7,1.1,13,4,5.8,98,78
22,Female,4,3.93,4.5,92,7.9,3.7,1,1.7,0.9,No,Single,2.8,0.8,18,1,2.7,97,90
27,Male,2,4,6.1,100,5.8,4.7,1.7,2.2,3.2,Yes,Single,4.2,0,5,1,4.5,100,100
26,Female,2,4,4.5,100,8.6,4.2,1.5,0.6,6.7,No,Single,1,0.6,9,1,5.9,100,88
22,Female,3,3.91,3.8,91,9.6,9.4,4.9,0,1.9,No,Single,5.5,1.7,4,2,6.1,100,97
24,Female,4,3.38,4.1,81,5,5.6,3.9,1.5,2.9,Yes,In a Relationship,3.2,3.2,5,1,0.2,100,97
26,Male,2,4,5.6,100,5.7,4.7,2.6,0.1,8.2,No,Single,2.6,1.8,19,5,5.5,100,99
18,Male,1,2.91,2.2,82,7.9,7,5.4,0,2.5,Yes,Single,3.8,1.9,9,4,1.6,93,91
28,Female,1,2.95,3.3,69,7.6,10.3,5,3.5,0,Yes,Single,5.7,1.1,14,0,4.8,88,76
20,Female,3,3.3,2.8,87,7.9,5.1,2.5,0.7,2.9,No,Single,3.2,1.7,13,2,0.1,99,94
23,Male,1,3.46,1.7,75,6.3,4.3,2.2,2.1,6.3,No,In a Relationship,3.2,0,16,1,3.4,96,88
18,Male,4,4,3,89,9.4,5,2.3,1.9,5.1,No,In a Relationship,2,0.5,13,1,3.7,100,98
24,Female,4,4,5.2,100,7.1,5.4,1.4,0,1,Yes,Single,2.5,1.9,13,1,5.8,100,91
28,Male,2,3.72,4.3,92,5.5,9.2,5.4,1.8,3.8,No,Single,5.2,1.9,5,3,4.3,95,100
19,Male,4,4,4.5,100,6.7,3.6,1.3,1.9,2.6,Yes,In a Relationship,2.4,0.7,12,1,2.2,100,94
21,Male,3,3.5,3.7,88,5.6,6.6,4.1,1.7,4.6,Yes,In a Relationship,2.9,0,12,2,6.5,100,94
19,Female,4,3.88,4.3,100,8.9,5.1,3.8,1.5,1.8,No,Single,4.7,1.1,7,4,5,96,100
20,Male,2,3.32,2.3,81,6.2,5.5,2.3,2.2,4,Yes,Single,2.7,0.8,2,2,5.4,100,86
27,Male,3,2.96,3,87,7.6,10,5.5,2.1,6.8,No,In a Relationship,5.6,2.1,13,3,3.5,100,85
20,Female,3,3.92,3.8,100,6.4,2.8,0.5,2.3,0,No,Single,5.4,1.9,18,4,4.1,100,94
24,Female,3,4,3.9,90,6.3,6.5,2.7,0,4.2,No,In a Relationship,4.9,2.7,3,3,5.3,100,100
24,Female,1,3.57,4,76,4.7,4.4,2.1,0,5.6,No,In a Relationship,2.9,2.3,11,1,6.6,100,97
28,Male,3,3.23,3.3,77,7.7,5.9,4.2,0.8,0,No,In a Relationship,7.1,0.9,1,1,5.9,92,97
19,Female,4,4,2.9,100,8.6,7.1,3.3,1.4,1.6,Yes,Single,1.6,1.5,15,2,5,100,100
21,Male,3,4,8.2,100,5.9,6,0.2,2.5,2.2,Yes,In a Relationship,2.7,3.2,18,3,1.8,100,90
26,Male,1,3.42,4.9,100,5.1,8.4,4.7,4.1,1.5,Yes,Single,6.6,0.8,12,0,7.1,100,94
25,Female,2,3.71,4.1,100,8,6,3.5,0.5,1.4,Yes,Single,5.1,1.4,15,1,3.4,100,95
24,Male,3,3.86,3.2,81,5,3.8,1.2,3,2.3,Yes,Single,3.5,1.2,12,2,3.8,99,88
22,Male,4,3.63,2.8,86,8.5,7.6,2.3,1.6,4.7,No,Single,2.2,1.2,7,1,5.7,91,98
20,Female,2,3.31,3.3,84,5.9,4.3,0.9,0.7,6,No,In a Relationship,2.9,0.3,11,1,5.2,86,86
20,Female,4,4,3.9,100,5.7,4.6,2.5,2,5.6,No,Single,3.8,2.5,12,3,0,99,100
26,Female,1,2.94,0.7,66,7.3,5.9,3,2,5,Yes,Single,3.2,0.3,11,1,3.6,76,88
27,Female,3,2.88,1.1,85,5.8,5.6,2.3,1.9,6.7,No,In a Relationship,5.2,3.1,14,2,3.7,100,79
21,Female,4,3.6,2.5,80,6.2,5.7,2.1,3.3,7.1,No,In a Relationship,2.6,2.8,13,1,2.9,100,92
23,Male,1,4,3.8,100,7.4,5.2,0.4,0.7,3.3,No,In a Relationship,4.4,1.5,11,1,3.6,100,100
28,Male,4,3.03,3.1,93,4.1,7.8,3.3,2,5.9,No,In a Relationship,5.1,1.2,9,3,5.3,95,99
23,Female,3,4,5.7,100,9,3.2,0,0,3.8,No,Single,3.1,0.4,14,4,6.3,100,89
22,Male,3,3.09,1.3,77,7.1,5.8,2.8,0,2.6,Yes,Single,2.6,1.3,14,3,4.4,74,92
19,Male,4,3.18,2.4,100,5.4,3.6,0.1,1.4,2.9,Yes,In a Relationship,4.6,2.3,13,1,0.8,99,98
20,Female,4,3.65,5.8,92,5.8,5.2,2.9,0.5,5,No,Single,5.1,0.5,8,4,4.3,100,96
22,Male,2,3.78,3.7,89,8.2,7,2.8,3.1,5.9,Yes,In a Relationship,2.4,2.7,6,1,1.8,100,100
28,Male,3,4,4.8,100,7.7,6.2,3.4,2.6,4.2,No,Single,4.7,2.2,15,0,4,100,87
22,Female,3,4,6.6,100,8.7,7.7,4.1,2.1,2.2,No,In a Relationship,2.7,1.1,8,2,6.8,100,98
28,Female,2,3.11,2.5,77,6.2,9.5,4.4,1.3,2,No,Single,4.7,2,10,1,5,78,80
19,Female,2,3.46,3.4,100,7.4,4.1,0.4,0.2,0,No,Single,4.7,0.3,4,0,2.5,95,94
28,Female,3,3.86,3.1,78,7.5,6,2.7,0,3.7,No,In a Relationship,3.5,1.1,14,3,1.9,100,95
25,Female,1,3.16,0.6,77,7.8,8.2,5.8,0.4,3.6,No,In a Relationship,4.6,3.4,6,4,5.7,95,88
20,Female,4,3.8,3,99,8.4,5.9,3,2,0.9,Yes,Single,5.5,2.4,6,1,6.9,100,87
21,Male,3,4,4.8,94,6.1,3.2,1.6,0,3.9,Yes,Single,1.8,1.7,7,1,1.1,100,100
19,Male,2,3.88,4.3,98,6.9,6.3,2.7,3.3,3.9,No,Single,3.7,1.3,14,2,5.2,100,100
25,Male,2,3.44,4.4,97,6.3,2.6,2.2,1.6,0,No,In a Relationship,4.6,1.1,11,2,7.4,95,92
27,Male,1,3.69,2.9,96,6.9,5.2,1,2.4,2.4,Yes,Single,2.7,1.2,9,2,3.1,100,89
26,Male,1,3.08,2.5,94,7.8,8,4.1,3.3,5.8,No,Single,5.1,0.4,20,4,2.3,99,98
27,Female,3,4,5.4,95,5,6.8,3.7,0.2,1.7,Yes,In a Relationship,4.5,1.9,15,0,4,100,100
18,Male,2,3.81,2.8,98,8.3,3.2,0.8,1.1,3,No,In a Relationship,1.9,2.2,2,3,4.3,97,100
19,Female,4,4,3.9,95,5.6,5.7,2.7,2.3,3.3,Yes,Single,2,0.9,8,5,6.5,100,100
24,Male,4,4,3.7,96,6.6,2.9,2,0,2.9,No,In a Relationship,5,1.7,2,1,3.6,100,100
26,Male,4,4,5.7,100,8.5,4.4,0.4,2,4.4,Yes,Single,2,0.5,10,0,4.4,100,100
23,Female,1,4,5,100,7.4,3.5,0.7,3,4.9,Yes,In a Relationship,2.4,1.1,17,1,4.1,100,94
21,Female,1,3.39,1.6,74,7.4,5.7,0.9,2.3,5.5,No,In a Relationship,2.5,0.4,13,0,6.4,100,93
23,Female,4,3.13,1.7,84,5.6,6.2,2.7,1.9,2.4,Yes,Single,5.8,1,11,1,4.9,88,96
24,Female,2,4,4.4,100,5.7,5.4,2.1,0,4,No,Single,5.7,1.3,10,0,3.2,100,88
19,Male,4,4,3.4,98,8.1,4.9,1.4,1.4,4.7,Yes,Single,1.1,1.8,14,3,5.2,100,93
27,Female,3,3.08,2.8,99,6.3,4,2.2,0,2.8,No,In a Relationship,3.7,0.6,4,2,4.8,100,84
26,Female,1,3.91,5,97,6.4,6.4,3.9,1.4,1.6,No,In a Relationship,3.9,1.7,11,3,2.1,94,100
18,Male,1,3.83,3.8,100,8.2,6.5,3.3,1.5,3.3,No,Single,3.6,0.2,13,2,1.4,100,88
21,Female,1,3.36,3.6,75,5.7,6.9,4.3,0.5,1.8,Yes,Single,5.3,1.5,6,1,1,84,86
21,Female,2,4,4.7,98,7.3,4.8,2.5,3.2,1.6,No,Single,2.4,3.4,8,1,5.1,95,100
27,Male,3,3.55,2.9,85,7.1,7.9,5.2,0,3.4,Yes,In a Relationship,5.3,0.8,22,1,5.8,90,87
22,Male,3,4,5.9,100,7,6.4,3.3,4.6,2.6,No,Single,3.9,0,15,1,2.2,100,100
21,Male,1,3.34,2.3,88,6.4,7.9,2.1,2.4,3.4,No,Single,4.7,2.1,3,3,5.5,98,97
23,Female,1,3.96,4.5,100,6.3,5.5,2.9,2.6,0,Yes,In a Relationship,5,1.5,8,4,1.7,100,86
28,Female,2,4,5.7,97,5.7,3.1,0.9,1.6,2.6,No,Single,2.1,1.7,12,1,8.5,100,95
26,Female,3,3.62,1.4,92,7.6,5.1,2.3,0,0,Yes,In a Relationship,4.9,2.5,24,5,4.2,96,97
28,Male,2,3.29,3,81,6.2,8.2,3.4,0.6,0.9,No,In a Relationship,3.7,0.5,16,4,4.6,93,100
20,Male,2,4,5.2,96,8.2,8.6,3.7,1,2.8,No,In a Relationship,2.8,0.5,17,0,1.4,100,100
20,Male,2,3.77,5.2,100,6.7,7.5,2.2,1.2,5.4,Yes,In a Relationship,3.1,1.7,14,2,7,100,98
25,Female,3,2.98,3.2,71,5.7,10,6.9,0.5,4.1,Yes,Single,5.7,2.2,7,5,6.7,90,75
26,Male,2,3.88,2.4,97,6.7,6.3,2.5,3.6,3.2,Yes,In a Relationship,2.3,1.4,20,0,2,100,100
26,Male,4,4,4.9,89,6.5,2,0.3,0.2,2.2,No,Single,3.3,1.1,16,1,7.2,100,100
19,Male,1,4,5.3,98,8.2,7.2,4.6,1.1,2.5,No,Single,4.4,1.5,18,2,2.4,100,100
25,Male,4,3.6,1.8,85,6.6,5.4,3.7,0.2,5.6,No,In a Relationship,3.9,1.9,21,4,2.6,100,98
28,Male,3,2.96,1.7,84,6.7,6.7,3.1,1.2,0.8,Yes,Single,3,0,20,1,4.2,90,83
19,Male,3,3.6,3.8,79,8.7,5.1,2.1,0,1.5,No,Single,3.6,0.2,12,2,2.1,95,100
19,Female,3,3.56,4.4,94,7.6,6.7,3.4,0.8,5.1,No,In a Relationship,4.3,1.1,13,2,8.4,99,94
18,Female,4,3.88,3.1,76,9,7.2,5.2,2.8,2.3,No,In a Relationship,3.1,1.9,13,0,7.9,100,93
26,Female,4,3.84,4.5,100,8.5,7.1,3.1,1.6,6.9,Yes,Single,1.8,3.4,17,2,4.7,100,100
20,Female,2,3.43,2.4,88,5.9,1,0.6,0,4.4,No,In a Relationship,4.1,1.1,14,3,1,89,93
24,Male,2,3.09,0.5,78,8.2,2.7,0,1.8,5.3,No,Single,3.6,1.4,13,3,4.9,75,86
24,Female,3,3.66,2.9,90,8.8,6.3,3.4,2.1,0,No,Single,4.1,0.5,11,2,4.4,94,92
21,Female,2,4,3.6,91,8.8,1.9,1.3,1.8,5.1,No,Single,2,1.9,11,3,1.5,100,92
27,Male,4,3.54,3.1,87,8.2,6.2,2.7,1.9,1.3,Yes,In a Relationship,4.1,0.1,14,2,1.7,100,96
25,Female,1,3.43,1.8,94,8.2,4.4,1.6,3.5,4.4,Yes,In a Relationship,4.2,1.2,18,1,0,100,89
20,Female,4,2.65,0.8,72,6.6,5.2,1.5,3,2.3,Yes,Single,3,0.2,7,2,4,74,75
25,Female,3,3.55,2.7,83,6,7.1,1.7,0.5,3.4,No,Single,3.4,0,12,1,3.7,98,93
19,Male,3,4,4.8,100,6.6,5.2,1.8,0.7,0.8,Yes,In a Relationship,3.7,3.9,14,1,2.3,100,98
20,Male,4,3.9,5.4,90,5,8.2,4,0.4,0,No,Single,4.4,2,20,2,1,100,100
21,Male,1,4,5.3,100,8.6,8.4,3.7,1.7,3.3,No,In a Relationship,4.7,2,10,1,6.5,100,100
27,Female,1,3.72,2.3,100,6.7,4.6,1,2.3,2.4,Yes,In a Relationship,3.8,2.1,8,5,4.8,100,91
18,Male,1,3.26,1.8,79,8.5,3.2,1.2,0,1.2,No,Single,1.2,2.6,20,1,5.5,89,87
21,Male,3,3.55,4.2,100,5.5,4.4,3.4,1.8,0,No,Single,5.4,1.4,15,1,2.6,100,93
28,Male,3,4,4.5,82,8.3,7.8,4.4,0.5,0,Yes,Single,6.5,2.1,10,1,0,100,94
20,Male,4,3.89,4.1,94,6.4,6.9,4.4,0,4,No,In a Relationship,5,0.7,17,1,4.3,98,96
19,Male,1,2.51,0.5,64,5.5,5.8,1.3,1.6,2.5,No,In a Relationship,5.7,1,3,2,5.1,76,79
18,Male,1,3.2,2.2,89,9,6.7,4.3,3.9,1.8,No,Single,3.6,0,12,0,4.9,89,89
27,Male,3,3.68,3.5,100,8.3,3.1,0.1,1.5,3.4,Yes,In a Relationship,3.4,1.4,13,2,1.6,100,87
19,Male,4,4,4.2,97,7.3,4.1,2.5,2.8,5,No,In a Relationship,4.8,0.7,15,3,6.1,100,92
28,Female,1,3.85,4.7,91,7,6.1,3.5,1.7,3.5,No,In a Relationship,4.2,1.1,8,2,5.1,100,99
28,Male,4,4,3.7,100,7.5,1.9,0,1.3,2.1,No,Single,2.5,2,8,3,1.9,100,96
28,Female,4,3.62,4,90,7.2,7.9,5.9,2.1,7.3,No,In a Relationship,5.5,1.5,20,3,7.1,100,90
27,Male,1,3.56,3.6,82,6,7.7,4.8,0.7,1.7,No,In a Relationship,6,2.2,12,0,3.5,100,94
18,Male,4,3.47,4.5,93,6.5,6.1,3.8,0,0.2,No,Single,6.2,0.6,13,2,6.4,96,97
26,Male,2,4,4,100,9.4,7.6,1.4,0,3.2,No,In a Relationship,3,1.6,8,7,3.7,96,100
18,Female,1,3.79,3.6,99,10,6.7,2.7,1.3,2.5,Yes,In a Relationship,3,0.6,7,5,3.9,100,95
26,Female,4,3.85,3.1,94,8.9,8.3,4,2,4.9,Yes,Single,3.4,1,9,1,5.5,100,100
23,Male,4,3.92,3.6,100,7.6,4,1.1,1.8,1.9,No,In a Relationship,3,0.9,18,2,3,100,100
22,Female,2,3.88,4.2,100,6.6,5.6,2.5,0.6,2.7,No,Single,4.6,0.2,9,2,3.6,100,86
26,Female,3,3.96,3.9,89,6,6.7,4.2,1.5,1.3,No,Single,5.1,0.8,11,3,3.7,100,100
24,Male,1,4,4.1,100,6.1,6.7,0.6,0.8,4.6,No,In a Relationship,3.4,1.8,20,0,5.7,100,99
21,Female,4,3.7,5.5,100,6.3,6.2,3.3,0,3.3,No,In a Relationship,3.7,0.3,23,4,5.1,100,87
21,Female,3,4,3.9,100,9.6,2.5,0.2,0,2.4,Yes,In a Relationship,1.4,0.5,5,1,4.9,100,100
22,Female,2,3.57,2.5,92,9.2,3.5,1.4,1,2.7,No,Single,3.4,2.4,1,1,1.5,95,100
20,Female,2,4,4.8,100,7.9,5.4,2,2.5,3,No,In a Relationship,3.8,2.6,8,2,4.2,99,94
20,Female,1,2.58,1.5,75,5.8,8.3,3.6,1.4,0.1,No,In a Relationship,5,2,7,0,3.4,76,82
24,Female,1,3.18,1.9,90,8.1,6,1.7,0,5.3,Yes,In a Relationship,4.2,2.9,14,2,6.3,100,94
19,Male,2,4,4,100,6.7,5.1,3,2.9,5.2,No,In a Relationship,3,2.6,12,3,1.7,100,92
19,Male,3,3.92,4.3,100,4.4,3.9,1.8,0.5,3.1,Yes,In a Relationship,5,1.1,11,2,3.8,100,92
18,Female,1,3.34,1.6,91,7.3,6.5,2,0,2.9,No,In a Relationship,4.1,3.2,16,4,4.9,95,97
19,Male,4,3.16,2.9,83,6,10.2,4.7,1.3,1,No,In a Relationship,5.6,2.8,1,0,3.8,93,91
26,Male,3,3.6,2.6,88,6,3.9,1.1,2.9,6.5,Yes,Single,4.3,1.1,9,1,7.1,92,100
18,Female,2,3.1,2.8,83,6.7,8.3,3.9,1.7,6,Yes,In a Relationship,5.6,1.5,11,3,5.1,90,96
19,Male,4,3.49,4.9,100,6.4,4,2.8,0,3.8,Yes,In a Relationship,3,0.5,17,1,0,100,96
18,Male,1,4,4.6,100,7,3.9,1.9,0.1,4.6,No,Single,1.1,1.1,12,3,3.6,100,100
22,Male,1,4,3.5,100,6.9,2.8,1,2.9,5.5,Yes,In a Relationship,2.4,0,14,4,4.8,100,100
25,Female,1,3.46,2.7,86,4.7,4.6,1.1,0.6,5.1,Yes,In a Relationship,2.8,0.6,10,3,5.2,92,85
27,Male,2,3.81,1.5,97,8.8,4.5,1.7,0,1.3,No,Single,2.9,2,12,4,2.3,100,92
25,Male,2,4,5.6,100,5.8,5.9,2.6,0,2.4,No,Single,6.3,0.2,11,1,3.8,100,93
26,Male,4,3.78,4.4,100,5.9,8.2,3.7,1,3.9,Yes,In a Relationship,7.3,0.9,11,1,3,100,87
25,Male,4,3.74,2.4,83,6.6,4.5,2.3,3.1,3.4,No,In a Relationship,3,1.8,12,1,1.3,91,92
28,Female,4,3.72,4.6,100,6.9,5.6,2.5,2.3,4.5,No,In a Relationship,3.9,0.9,19,0,2.2,100,100
19,Male,2,3.68,3.4,95,8.8,4.1,2.7,1.6,4.3,No,Single,3.3,2.4,14,0,2.8,100,84
22,Male,4,3.89,3.1,100,7.3,7.9,3.5,4.6,3.5,No,Single,4.5,2.4,11,2,9,100,99
24,Male,3,3.94,4.2,94,7.7,8.1,3.8,2.2,0,No,Single,3.5,0.6,15,1,6.2,95,100
22,Male,4,3.65,2.4,85,7.3,4.1,0.7,5,5.3,No,Single,3.9,0.8,13,0,5.1,92,93
19,Female,4,3.77,3,96,7.3,5.5,2.4,0.9,4.7,Yes,In a Relationship,4.4,1.2,15,1,4.5,85,100
23,Female,3,4,3.7,81,7.4,7,4.6,1.5,7.1,No,Single,3.3,0.5,10,1,4.8,100,85
19,Male,4,3.31,2.8,94,4.7,2.1,0.8,0.5,2,No,In a Relationship,5.5,2.8,14,4,2.9,96,91
25,Female,4,4,4.5,90,6.7,6.3,2.9,1.6,0,No,In a Relationship,3.4,0.8,15,0,3,100,96
21,Female,4,4,6.3,100,8.4,6.4,2.5,1.2,2.6,Yes,Single,1.8,2.1,5,0,6.7,100,100
27,Female,1,3.69,2.4,100,10,7.3,1.9,5.5,3.9,No,In a Relationship,2.7,0,10,1,4.5,93,99
19,Male,2,2.15,1,63,5.6,7.7,5.2,1.1,2.1,No,In a Relationship,6.1,0.4,11,0,0,75,73
26,Male,4,3.15,0.5,75,7.5,6.2,2.9,2.9,5.7,Yes,In a Relationship,3.2,0.1,10,1,5,79,91
28,Male,2,3.09,3.3,95,6.3,9.4,5.1,1.4,1.7,No,In a Relationship,6.6,0,7,0,5.3,100,92
26,Female,2,3.5,2.5,82,9.5,7.2,2.8,2.3,2.8,Yes,In a Relationship,2.6,0.7,1,3,7.6,84,97
18,Female,1,4,3.8,92,5.4,5.8,3.5,1.9,2.5,No,In a Relationship,6.2,1.6,17,2,6.4,100,100
25,Male,4,3.59,3.7,100,7.7,4.6,1.9,2,8.5,Yes,In a Relationship,3.2,2.7,1,4,1.1,100,99
18,Female,4,2.67,1.1,63,5.3,4.4,2,1.5,1.2,No,In a Relationship,6.6,1,22,0,2.1,75,69
25,Female,1,2.97,0.8,64,6.6,5.3,3.4,0,4.2,No,In a Relationship,2.4,1.3,11,1,5.1,71,95
23,Male,1,3.87,3.9,100,7,8.2,3.4,2.6,0.6,No,In a Relationship,4.3,1.5,9,0,3.7,100,94
27,Male,1,4,3.7,86,8.3,6.8,3.7,0,3.7,No,In a Relationship,2.9,0.5,4,2,1.4,100,88
19,Female,2,3.18,2.9,82,5.7,6.3,3.4,3.4,1.1,No,In a Relationship,5.9,1.2,4,2,3.4,97,93
28,Male,2,3.32,1,65,7.8,4.1,0.8,2.2,5.2,No,Single,4.1,3.3,8,1,2.4,90,84
24,Male,3,3.75,4.2,94,7,4.7,1.6,1.8,4.8,No,Single,2.9,1.6,13,2,8.1,98,100
28,Female,2,4,5.4,100,7.3,6.8,4.1,1.5,3.5,No,In a Relationship,5,3.3,19,0,5.1,100,94
24,Female,1,3.97,3.9,100,8.1,2.1,0,3.2,0.2,Yes,Single,4.6,1.2,4,2,8,100,100
22,Female,4,3.38,2.2,86,5.5,8.1,3.2,3.2,2.9,No,Single,5.1,0.6,14,3,6,89,90
27,Male,1,3.95,3.6,96,8,4.9,2.6,0,2.4,No,Single,4.5,2.2,3,1,2.5,94,100
23,Male,1,3.18,1.5,66,6.3,6,4.1,0,4.7,Yes,In a Relationship,2.5,2.5,7,4,6.3,84,82
24,Female,4,3.92,5.1,100,8.3,6.3,3.4,2.3,1.2,No,In a Relationship,5.8,0.7,15,1,5.8,100,100
27,Female,1,3.64,3.6,93,7.4,7.4,1.8,1.5,5.3,Yes,In a Relationship,2.8,1.6,7,3,3.8,97,87
21,Male,1,2.59,0.8,63,6.7,3.7,1.7,0.7,4.9,No,In a Relationship,6,1.1,20,4,4.9,76,87
27,Female,4,3.67,3,90,6.3,5.9,2,1.6,0.3,No,Single,3.7,0,16,1,5.8,100,100
25,Male,2,3.74,4.2,100,8,6.4,3.7,0.2,2.6,No,In a Relationship,4.6,0,14,1,1.1,94,100
25,Male,1,4,3,100,8.5,3.3,0,2.1,2.9,No,Single,3.3,1,9,0,1.9,100,100
27,Female,2,3.94,3.1,98,6.4,7.1,3,0.4,5,No,Single,1.5,2.4,8,2,1.7,100,100
25,Female,3,2.63,1.7,83,5.6,2.4,1.5,1.3,1.6,No,In a Relationship,6.1,2.1,10,2,3.9,78,80
23,Female,4,3.82,4.3,92,7.8,5,3.1,2.1,3.4,No,In a Relationship,4.6,0.3,13,1,6.2,100,100
19,Male,2,3.14,2.5,86,5.3,7.4,3.3,0.7,5.2,Yes,Single,2.9,0.1,13,4,4.6,100,98
21,Female,1,3.1,0.5,75,5.4,3.4,0.3,0.9,3.5,No,Single,3.9,0.3,8,3,4.3,76,77
21,Male,1,3.82,2.9,85,5.7,5.8,2.5,1.3,0,No,Single,5.4,0.2,8,1,6.9,100,100
26,Female,2,3.93,5,100,6.5,6.9,3,1.8,2,No,In a Relationship,4.4,0.3,4,0,1,100,100
28,Female,1,3.81,2.9,89,5.4,4.8,2.9,3.3,4.8,No,In a Relationship,3.7,0,23,2,5.6,100,78
20,Female,3,4,6.1,100,4.7,6.9,2.6,0.9,4.6,No,Single,4.4,0,8,3,2.9,100,82
19,Female,2,3.63,4.1,93,5.6,5,1,2.4,0,Yes,Single,5.3,0,4,1,5.2,89,87
28,Female,2,3.97,4,92,7.8,4.5,1.2,2.2,3.4,No,Single,3.9,0,1,2,3.7,100,96
26,Male,1,3.76,3.3,95,5.5,4.3,0.7,1.8,4.9,Yes,In a Relationship,3.4,2.4,9,1,7.1,96,100
27,Female,2,3.98,3.4,97,6.6,8,3.6,2.6,4.1,No,Single,4.5,4.8,14,1,7,100,100
23,Female,3,3.45,3.1,90,9.3,4.9,2.6,3.5,4.3,No,In a Relationship,2.8,3.2,11,2,4.2,100,97
26,Male,2,3.64,3,81,6.9,6.5,2.7,1.6,7.1,No,Single,2.3,1.4,11,5,3.2,100,93
26,Female,2,4,4.3,100,7.4,5.3,0.2,2.4,2.9,No,In a Relationship,2.9,0.4,16,2,6.8,100,94
25,Male,1,3.53,2.1,94,5.9,6.5,2.7,0.8,3.6,Yes,Single,3.6,0.8,15,2,4.3,100,98
22,Male,1,3.66,1.9,100,9.6,6.5,3.8,1,1.1,No,In a Relationship,2.9,1.3,8,0,5.9,100,96
23,Male,2,3.82,1.8,98,6.4,5.8,0,0.2,1.7,No,Single,1,3.3,13,4,2.5,100,100
26,Female,3,4,6.6,100,6.7,5.3,2,1.1,2.3,Yes,Single,3.6,0.2,12,1,2.1,100,100
20,Female,4,4,4.3,99,8.6,5.1,0.4,1.8,4.7,No,Single,3,1.2,9,1,3.2,100,100
28,Female,4,4,4,100,6.8,4.7,2.2,1.5,1.5,No,In a Relationship,5.4,1.3,19,2,3.8,100,100
21,Male,2,3.34,1.9,84,7.1,5.7,1.4,1.2,5.5,No,In a Relationship,3.4,1.1,8,3,0.7,95,86
28,Female,4,3.54,4.4,96,6.7,5.7,3.4,1.2,0.8,No,Single,3.6,0,9,4,1.8,100,92
21,Female,2,3.32,3.3,100,6.7,6.5,3.1,1.3,4.3,Yes,In a Relationship,3.9,0.9,10,1,4.7,100,84
21,Male,4,3.91,3.8,100,7.4,7,4.7,1.3,4.1,No,Single,3.3,0,17,3,2,96,100
26,Female,2,3.44,2,89,7.7,8,2.7,3.5,3.5,Yes,Single,5.6,3.5,17,3,2.7,93,89
22,Male,2,3.9,3.7,91,6.2,6,3.3,1.4,5,Yes,In a Relationship,3.8,1.8,19,2,2.8,100,94
18,Male,4,3.38,2.9,89,6.1,3.7,2,0.2,1.5,No,In a Relationship,3.9,2.3,16,1,2.3,100,88
21,Male,4,3.01,2.4,75,6.3,4.2,1.1,3.9,2.1,No,In a Relationship,4.7,0.3,12,0,3.9,100,79
19,Male,3,3.94,4.6,100,5.3,7.7,4.1,1.4,1.1,No,Single,5.5,0.8,17,0,0,100,100
19,Male,3,2.83,1.2,80,5.1,7.7,4.7,1.3,3,No,In a Relationship,6.6,3.2,14,5,4.3,84,85
27,Male,3,3.81,4.3,91,7.4,5.9,3.9,0.3,2.8,No,Single,3.3,2.2,11,0,2.8,98,95
28,Female,3,4,4.5,97,8.1,7.2,3,0.5,4.7,No,In a Relationship,3.5,1.6,10,2,5,100,88
25,Female,4,3.52,2.2,97,8,5.8,1.3,3.6,3.8,Yes,In a Relationship,3.5,2.5,11,2,3.4,92,97
18,Male,2,3.25,2.3,73,4.1,5.5,4.5,0.3,4.4,No,In a Relationship,2.9,3.2,10,3,3.1,93,81
20,Female,1,3.72,3.2,97,6.7,5.6,3.7,0.5,2.6,No,Single,3.9,2.7,14,1,4.6,98,96
21,Female,1,3.42,3.9,81,5.7,8.6,5.8,2.3,3.8,Yes,Single,5,2.2,11,2,3.4,93,89
27,Male,2,4,3.3,93,7.2,3.5,1.1,0,6.6,No,Single,2.7,2.3,14,1,5.9,100,100
26,Male,3,3.61,4.2,98,6.5,7.7,4.1,2.8,0.3,Yes,In a Relationship,5,0.9,15,1,1.6,100,100
21,Female,3,4,6.1,100,7.7,8.8,3.6,2.3,0,No,In a Relationship,5,1.4,12,1,6.3,95,100
25,Male,1,3.24,2.7,85,7,4.8,2.3,1.3,4.3,No,Single,3.4,1.9,10,1,3.7,92,80
28,Male,1,2.34,0.9,63,4.7,9.7,4.8,2,1.3,No,Single,7.2,1.5,7,0,4.7,73,82
28,Male,4,4,4.7,100,5.8,4.6,3.4,3.5,0.2,Yes,In a Relationship,7.4,1.7,11,0,0.5,100,100
19,Female,4,4,6,100,7,4.9,1.4,2.5,4.1,No,In a Relationship,1.8,1.1,13,0,3.8,100,100
25,Male,2,3.83,4.1,100,7.1,4.9,2.6,2.6,1,No,Single,4.4,0,5,2,8.6,100,96
26,Male,1,3.14,1.9,76,5.3,5,1.4,2.2,6.1,No,In a Relationship,4.6,1.9,3,2,5.7,84,89
23,Female,4,3.96,3.3,100,5.2,3,2.1,1.2,3.3,Yes,Single,3.7,1.3,11,0,2.6,100,94
24,Male,4,2.98,1.8,81,7.1,5.4,3.9,1.4,2.6,No,In a Relationship,4.8,1.3,8,4,3.5,98,89
28,Female,1,3.69,4.5,100,5.3,7.9,4.3,1.8,1.4,Yes,In a Relationship,5.2,3.4,17,2,3,100,99
28,Male,3,3.02,1.5,64,5,5.3,3.1,2.3,3.4,No,Single,3.8,1.6,19,1,4.8,83,91
20,Male,4,3.64,3,100,6.5,4.3,1.7,0.9,0,No,Single,3.4,0.4,7,5,5.4,82,96
21,Female,1,2.98,2,77,6.4,8.6,3.4,2.2,0,No,In a Relationship,2.6,1.9,3,2,6.3,83,75
28,Female,4,3.46,3.7,86,5.9,7.1,3.9,1.2,0,No,In a Relationship,5.7,1.3,15,1,3.9,100,90
21,Female,2,3.61,3,97,6.2,4.1,0,1.8,5.3,No,Single,3,2.3,13,0,3.1,100,100
19,Male,4,3.65,3.8,78,7,5.1,3,1.6,1.2,Yes,Single,3.6,0.6,14,1,0.3,97,91
20,Female,3,3.54,3.5,94,6.1,3.9,2.5,2,0.1,No,Single,4.6,0.4,16,0,6.8,95,95
28,Female,1,3.17,2,78,7.1,7.1,4.2,2,2.8,No,Single,3.2,0.7,10,4,4.7,91,92
26,Female,2,3.72,4.4,100,6.5,4.6,3.4,1.5,7.4,No,In a Relationship,4.1,0,11,3,3.4,100,87
26,Female,3,3.9,3.4,93,7.2,5.7,3.5,0.4,5.2,Yes,Single,3.4,0.8,16,2,3.8,100,100
20,Male,2,3.47,2,78,8.1,5.4,2.1,3.3,1.4,No,In a Relationship,4.5,2.8,14,2,3.4,99,85
23,Female,4,4,6.9,100,8,5.7,2.8,0.9,1.4,Yes,Single,3.7,0.5,22,3,5.7,100,100
26,Female,4,3.61,4.2,78,8.5,7.6,4.2,3,1.4,Yes,Single,3.4,0,13,1,1.9,100,82
25,Female,4,3.74,3.3,100,8,6.4,2.7,0,1.2,No,In a Relationship,3.5,0.7,13,4,9.4,100,98
23,Female,4,3.99,5.6,88,7.3,4.7,3.1,0.1,4.1,No,Single,5.4,1.4,16,0,2.4,100,100
21,Female,4,4,6.3,100,6.5,2.4,0.5,2.9,2.3,Yes,Single,5.6,0.5,22,3,2.9,100,100
24,Female,3,3.91,3.3,97,6.5,3.1,2.7,3.8,0.8,Yes,In a Relationship,3.1,1.3,16,2,4.1,100,100
23,Male,4,3.75,4,100,5.9,2.6,0,2.3,0.3,No,In a Relationship,4.8,1.5,11,2,6,100,100
23,Male,4,3.58,2,98,7,5.9,2,0,7.6,Yes,In a Relationship,1.7,1.2,9,0,2.1,100,100
27,Male,4,3.76,3.3,92,7.8,7.7,2.9,3,4.5,Yes,Single,2.8,1.1,13,2,4.7,100,100
21,Male,3,3.69,3.2,91,6.1,7.2,4,0.3,1.3,No,Single,5.4,3,7,3,0,98,96
26,Female,1,4,3.8,96,7,5.9,1.3,0.1,5.4,No,Single,3.5,1.4,15,1,6.5,100,100
19,Male,2,3.7,4,81,6.2,6.9,3.4,1.7,0.7,Yes,In a Relationship,4.3,0.4,13,6,1.1,100,98
26,Male,4,3.94,4.3,86,7.3,8.1,5,0.9,2.7,No,In a Relationship,5.5,2,15,2,5.7,100,94
19,Female,4,3.8,3.9,83,6.3,4.1,1.8,2.6,2.5,Yes,In a Relationship,5.2,1.1,3,3,7.1,100,92
22,Female,3,3.34,1.7,86,6.1,1,0.5,2.2,3.4,No,In a Relationship,4.1,1.3,19,3,1.9,86,91
28,Female,1,3.62,2.1,78,6.2,7.7,3.2,1.1,1.1,No,In a Relationship,3.9,2.2,6,1,4.7,100,97
21,Male,1,3.66,2.7,91,7.6,3.9,1,2.3,3.3,No,Single,2.6,2.5,6,0,1.8,100,90
24,Male,1,3.81,3.1,98,6.9,6.3,1.6,4.4,0,No,Single,5.1,0.1,2,2,4.4,99,93
20,Female,1,3.81,5.1,100,6.5,6.1,4.2,1.1,2.2,No,In a Relationship,6.5,2.9,9,2,5.6,100,100
19,Male,2,2.88,1.8,81,7.3,11.5,5.6,2,5.7,Yes,In a Relationship,3.3,1.1,13,3,5.7,86,92
19,Male,4,4,3,100,6.5,4,1.3,2.3,5.1,No,In a Relationship,3.5,1.1,11,0,4.7,100,100
25,Male,4,4,4.9,100,8.4,3.9,1.7,2.2,1.6,Yes,In a Relationship,4.2,0.2,15,2,2.6,100,98
22,Female,4,3.83,3.1,74,5.8,4.8,2.1,4.2,0,No,Single,3.4,1.9,18,1,4,100,90
21,Female,3,4,4.2,94,6.8,5.2,2,3,0,No,In a Relationship,5.4,0,19,1,3.8,100,100
26,Female,1,3.13,3.3,81,5.3,8.6,5.7,0.2,4.2,Yes,In a Relationship,7.7,1.7,11,1,5.2,98,84
25,Male,2,3.96,3.9,100,6.6,4.4,2,0.3,3.6,Yes,Single,4.4,2.9,11,2,3,94,95
18,Male,2,4,3.2,94,5,3,2.2,1.4,3.8,No,Single,4.9,0.9,11,2,5.2,100,100
24,Female,4,3.91,4.5,88,7.9,7.2,5.2,2.3,6.4,Yes,In a Relationship,3.3,2.3,10,2,5.2,100,98
28,Female,1,2.49,1.2,67,7.9,8,3.7,2.8,3.3,Yes,Single,3.6,1.3,22,3,7,83,67
19,Male,1,3.96,3,99,7.9,6.2,4.3,2.8,3.5,Yes,In a Relationship,3.6,0,14,2,5.1,100,100
27,Male,3,4,3.9,100,7,2.3,1.4,1.5,0.2,No,Single,3.2,1.3,15,1,0,100,100
27,Male,1,4,4.3,100,5.9,3.7,2,2.3,6.2,No,In a Relationship,3.3,1,15,2,4.8,100,93
23,Female,1,4,5.7,100,6,4.1,1.2,3.6,2.7,Yes,Single,4.1,2.1,18,3,4.2,100,100
23,Female,3,3.67,2.9,91,8.8,6.1,4,2.2,1.4,No,In a Relationship,3.4,0.8,11,0,3.4,91,93
24,Male,4,4,5.7,100,8.7,7.3,4.6,2,3.4,No,In a Relationship,3.8,1.7,15,1,7.5,100,100
19,Female,1,3.48,2.5,82,7.1,3.9,1.9,2.8,7,Yes,In a Relationship,3.2,0.1,15,3,2.1,85,85
20,Male,1,4,5.5,100,6.4,6.5,2.3,1.8,7.3,Yes,Single,1.1,1.6,4,1,2.8,100,89
18,Female,4,4,4.7,100,8.6,5.9,2.3,2.4,1.1,Yes,Single,4.6,1.2,10,4,4.5,100,91
24,Male,2,3.37,2.1,100,6.2,6.2,0.5,3.9,5.4,Yes,Single,3.2,1.1,11,3,4.5,100,92
24,Male,4,4,4,100,7.3,4.3,1.8,0,3.7,Yes,In a Relationship,3.7,1.2,17,0,3.7,98,94
20,Male,1,3.38,3.4,92,8.6,6.7,4,1.3,5,Yes,Single,4.7,0.9,29,0,4.3,100,100
18,Female,4,4,4.4,100,6,5.9,1.5,0.7,3.6,No,In a Relationship,4.7,1.3,10,1,7.5,100,100
28,Male,2,3.49,3.2,81,8,6.4,2.9,0.6,4.2,Yes,Single,4.1,1,10,1,4.9,89,87
23,Female,1,3.91,3,100,7.6,2.7,0.8,0.8,5.6,No,Single,2.8,0.2,14,1,1.5,100,100
23,Male,1,4,5.6,100,7,6.3,2.6,0,0,No,Single,4.6,0,3,5,5.6,100,95
21,Male,4,3.47,3.4,92,5.8,5.5,2,0.9,3.7,No,In a Relationship,3.4,0.7,3,2,3.4,100,100
23,Male,2,4,4.7,100,6.1,1.8,1,2.9,0.7,Yes,Single,3.2,0.9,11,2,6.6,100,93
27,Female,1,3.19,3.2,88,7.3,6.2,4,0,2.1,Yes,Single,5,0,9,2,3,92,84
26,Male,3,4,6,100,5.3,7.3,4.1,0,3,No,In a Relationship,5.6,1.2,18,4,4.1,100,92
28,Male,4,3.83,2.5,100,7.2,6,1.3,0.8,1,No,Single,3.9,3.4,10,0,4.1,100,94
25,Female,1,3.17,2.6,95,7.6,6.3,2.5,0.5,1.8,No,In a Relationship,2.6,1.9,5,4,4.2,89,88
18,Male,4,4,5.8,100,8.2,5.2,2.9,2.6,0.2,No,Single,1.6,1,7,1,3.2,100,100
28,Male,2,3.18,2.8,81,5.3,2.3,0.1,3.8,1.8,Yes,Single,3.9,0.4,18,1,5.7,90,94
25,Male,4,4,5.9,100,8.6,4.7,0.7,4.4,4,No,In a Relationship,1,0,8,4,4.4,100,100
26,Male,3,4,4.8,100,9,4.8,4.7,0.5,4.7,No,Single,4.1,2.1,10,0,5.4,100,100
22,Male,2,3.5,3.3,100,7.5,3.2,1.2,2.3,1.5,No,Single,5.5,1.6,10,2,5.2,100,100
19,Male,3,2.63,0.8,63,5.8,9.4,4.7,1.5,5.7,No,Single,5,0,9,1,1.4,81,81
26,Male,1,3.88,3.5,89,6.6,4.2,0.8,2,4.2,No,Single,2.7,2.2,14,1,5.6,100,97
23,Male,1,3.46,3.7,94,6.9,5.9,3.8,2.2,5.9,No,In a Relationship,2.9,2,21,3,5.3,92,97
18,Male,4,4,5.3,100,7.3,3.9,2.3,1.4,0,No,In a Relationship,3.8,0.5,15,2,6.7,100,100
21,Female,1,4,5.9,100,7,6.5,2.5,0.3,3.6,Yes,Single,3.8,0.9,16,2,5.9,100,96
18,Female,3,3.13,2.5,89,7.3,8.7,5.6,0.5,4.2,Yes,In a Relationship,5.9,1.4,7,2,5.6,95,87
28,Female,3,3.95,4.7,95,6.9,3.6,0.9,1.8,0,No,Single,4.1,1.8,14,0,4.3,100,100
18,Male,2,3.84,4.6,100,7.3,7.1,3.7,2,7.8,Yes,Single,3.1,0.1,19,3,0.4,100,100
27,Male,1,3.87,5.1,91,6.4,6.8,3.6,0.7,1.7,No,In a Relationship,5.5,1.8,11,0,4.7,100,88
25,Male,1,3.58,4.2,100,6.6,10.9,7.8,1.2,4.1,No,In a Relationship,7.5,1.3,12,7,4,100,94
19,Male,4,2.89,0.6,85,6.3,2.6,1.2,3,4.9,No,In a Relationship,3.6,2.3,16,2,4,75,95
20,Male,2,4,3.3,100,9.3,3.7,1.9,1.5,3.2,No,In a Relationship,3.1,2,20,2,3.6,98,97
21,Male,4,3.28,1.8,69,8.8,7.9,4,2.1,5.8,No,Single,1.7,1.3,18,3,6.2,91,98
25,Male,2,3.85,3.2,82,7.7,6.2,2.5,3.5,7,No,In a Relationship,1.5,2.1,6,0,1.7,100,100
22,Female,3,4,5,100,8.6,5.6,2.1,1.7,0.8,No,In a Relationship,2.2,0,14,2,1.3,100,98
20,Female,1,3.37,4,86,8,6.5,4.2,0.9,3.2,No,Single,4,0.8,9,0,3.3,93,90
25,Female,1,4,5.2,100,7.2,6.3,2.4,0.9,4.8,Yes,In a Relationship,2.6,0.2,10,0,4.6,100,100
20,Male,3,4,4,100,5.2,4.1,1.5,2.3,0,No,Single,4.3,0.6,5,3,4.6,100,97
20,Male,2,3.46,1.6,78,6.7,8.5,3.9,0,5.1,No,In a Relationship,3.3,0.6,11,3,5.1,81,89
18,Male,4,2.68,0.5,60,6.6,5.5,3.4,3.5,6.4,Yes,In a Relationship,3,0,8,0,4.4,79,72
26,Male,1,3.19,3.7,78,5.6,4.7,2.3,3,5.6,No,Single,2,2.2,11,2,5.9,98,82
28,Female,1,3.53,3.2,91,5.2,5.1,2.3,0,3.9,No,In a Relationship,4.5,2,14,1,4.6,100,100
24,Female,3,3.35,2,78,7.6,5.4,1.4,0.8,6.1,No,Single,3.4,0.6,13,3,5.7,95,92
27,Male,4,3.05,0.9,73,7.4,6.9,3.9,0.8,3.7,No,Single,4.3,0,16,3,6.9,90,81
24,Female,3,2.81,2.4,75,5.6,5.3,2.3,2.2,0.4,No,In a Relationship,5.2,0.7,10,1,6.1,92,84
27,Male,1,3.4,3.2,87,6.1,4.1,1.6,0.5,2,No,In a Relationship,4.6,1.2,4,2,2.1,100,98
20,Male,4,4,4.5,100,8.4,4.2,0.9,0,2.5,Yes,In a Relationship,3.3,2.6,20,0,1.4,100,100
22,Female,1,3.45,3.8,90,5.9,6.3,3.4,3.1,2.9,Yes,In a Relationship,5.6,0.6,15,2,4.7,100,100
21,Female,4,4,5.9,100,7.2,4.1,2,0,2.8,Yes,In a Relationship,4.9,2.2,15,1,5.7,100,99
18,Female,4,3.23,1.9,89,6.8,3.2,0,3.7,2.3,No,In a Relationship,4.7,0.7,15,1,6,97,84
26,Male,4,4,4.8,100,7.6,4.2,1,1,3.4,Yes,In a Relationship,1.1,1.8,13,3,1.2,100,100
26,Male,2,4,3.6,90,6,8.2,2.4,1.5,6,No,In a Relationship,4.1,2,17,2,4.4,100,98
25,Female,2,3.54,4.5,100,7.1,4.8,2.5,1.2,3.4,No,In a Relationship,2.6,1.8,9,2,5.4,100,95
26,Male,4,3.47,2.8,82,7.2,4.4,2.4,0.9,4.3,No,In a Relationship,5,0.2,16,1,2.7,100,83
25,Male,4,4,5.1,93,7.3,5.5,2.2,1.6,0,Yes,Single,4.4,0.8,14,2,5.2,100,92
25,Female,2,4,3.9,100,7.1,2.4,0.6,1.2,3.3,No,In a Relationship,3.4,1.8,13,1,5.8,100,100
27,Male,4,3.42,2.5,96,7.4,3.2,1.5,0.4,5.2,No,Single,3.1,0,10,1,7.5,94,100
26,Female,3,3.57,3.5,79,9.6,5.9,4.6,2.3,5.5,No,In a Relationship,3.6,2,13,3,4.6,98,98
19,Female,3,4,3.1,92,10,6.5,4.4,1.2,5.3,Yes,Single,4.8,0,11,3,6.6,100,94
28,Female,4,3.55,4.2,98,6.2,5.8,3.7,4.1,3.6,No,Single,5.8,0,16,0,2.6,100,92
22,Male,4,2.99,1.7,76,4.2,5,3.5,0.4,3.8,No,Single,6.8,0.7,10,2,2.3,77,82
26,Female,1,3.55,3.5,87,7.7,6.9,4.2,2.1,1.7,No,Single,4.5,0.5,7,2,5.2,86,100
22,Male,1,4,4.1,100,7.2,1.3,1.1,0.8,4.7,Yes,In a Relationship,1,1.4,15,0,3,100,100
23,Female,4,4,3.5,100,8.3,6.4,2.8,0.7,1.7,No,In a Relationship,4.6,1.5,23,3,3.6,97,99
28,Female,2,4,5.5,100,7.3,3.4,1.1,1.5,4.4,Yes,In a Relationship,1.9,1.3,13,1,6,100,92
23,Male,4,4,4.7,100,7.1,3.6,1.1,2.3,3.1,No,In a Relationship,3,0.2,11,0,3.6,100,100
24,Female,4,3.96,3.5,83,8.4,7.1,3.4,2.5,3,Yes,In a Relationship,3.8,2.4,21,0,2.8,100,93
23,Female,2,4,3.8,100,8.5,7.6,4.2,1.3,5,No,In a Relationship,3.7,1.3,14,0,8.4,100,95
23,Male,3,3.59,3.9,93,5.3,4.7,2.5,3.5,4.1,No,Single,5,2.1,11,1,2.4,100,90
19,Female,3,3.51,4.1,86,6,8.8,5.3,2.6,3.6,No,Single,4.4,0,21,1,5,100,93
24,Male,2,2.41,0.8,58,6.9,8,3.1,1.9,2,No,Single,5.1,1.7,8,1,2.3,70,78
28,Male,4,3.97,3,100,7.1,3.4,1.6,2.4,6.2,Yes,Single,2.7,0.6,10,1,3.9,100,89
20,Male,4,2.8,1.3,73,6.7,5.1,1.2,0.2,3.7,Yes,In a Relationship,6,2,14,2,1.8,93,82
25,Female,4,4,5.4,100,7.5,6,4.3,3,4.5,Yes,In a Relationship,2.6,3,26,2,6.7,100,98
23,Male,4,3.65,3.4,98,8.2,7.4,3,0,3.2,No,In a Relationship,3.8,0,7,2,3.3,96,91
26,Male,2,3.92,3.2,100,9.1,5.9,3.8,2.1,1.6,No,In a Relationship,4.6,2.1,6,0,6.1,100,100
23,Male,4,4,4.8,100,7.7,2.1,0,1.4,3.7,No,Single,2.2,0.6,13,2,3,100,100
24,Male,1,4,4.1,95,6,7.6,3.2,0,1.8,Yes,Single,4.2,0,19,2,5.5,100,87
23,Female,2,3.77,1.8,86,6.8,5.9,2,0,3.9,Yes,Single,5,2.1,17,0,6.5,99,89
27,Male,4,4,3.4,97,6.9,2.9,0.7,1.5,0,No,Single,4.7,3,9,1,2.3,100,100
27,Male,2,3.58,3,85,7.6,5.9,2.7,1.4,2.2,No,Single,3.2,3.3,6,5,3.8,100,86
20,Male,3,3.35,0.9,84,7.5,6.5,4.4,0.5,3,Yes,Single,3.1,1.5,9,4,1.3,100,81
22,Female,1,3.59,2.5,80,9.5,7.3,6.2,1,1.1,No,In a Relationship,5.5,0,13,1,4.4,100,100
25,Female,1,3.18,3.2,93,6.4,6.4,3.2,0,3.7,No,Single,4.6,1,14,4,1.6,90,100
28,Female,1,3.91,3.3,93,7.5,4.3,1.7,0,2.2,No,Single,4.2,1.1,11,0,3.7,100,96
22,Female,4,3.68,1.3,81,9.8,3.5,1.6,1.1,3,No,Single,2.5,2.3,11,0,4.7,89,91
22,Female,4,3.84,5.2,100,6.3,8.8,4.2,0,1.9,No,Single,6,1.2,11,3,5.6,100,100
28,Male,4,3.7,3.3,97,7.2,3.2,1.3,1.2,4.9,No,In a Relationship,4.6,0,15,3,7.3,100,88
25,Female,1,3.03,3.6,72,5.9,6.9,3.7,2.1,4.1,Yes,Single,6.1,1.8,14,1,4.3,96,83
27,Female,2,4,4.1,99,7.1,7.5,3.2,1.2,3.6,No,In a Relationship,3.3,1.3,15,2,3.5,100,100
22,Female,1,2.87,2.3,77,6.1,5.8,3.1,2.1,3.1,Yes,Single,7,2.1,14,3,4.5,75,78
19,Female,1,4,4.2,92,8.3,2.5,0.4,0.5,8.1,No,Single,2.3,1.4,3,4,6.6,100,100
28,Female,3,3.87,2.9,98,7.2,5.7,2.3,0,2.7,No,In a Relationship,2.4,1.9,12,1,2.4,100,100
23,Male,1,3,2.2,80,5.9,4.1,0.6,2.2,1.6,No,In a Relationship,4.3,1.2,9,2,1.7,77,90
25,Female,1,4,4.4,100,8,6,1.9,1.1,0.7,No,In a Relationship,4,1.5,20,2,3.1,100,100
24,Male,2,4,5.7,100,7.2,9.4,4.2,0.1,4.8,Yes,In a Relationship,4.1,0.3,6,0,2.5,100,100
24,Male,2,3.78,4.6,97,8.1,7.1,4.6,1,6.3,No,Single,3.5,1.6,2,1,5.9,92,91
19,Female,1,3.7,4.9,100,5.6,6.3,3.1,0.5,1.3,Yes,Single,5.7,1,16,1,3.5,100,95
25,Female,1,3.54,2.7,84,7.4,3.4,1.9,2.5,2.4,Yes,Single,4.4,1.7,13,0,5.9,100,95
20,Female,2,3.2,1.1,82,7.9,9,5.2,0.2,2.3,Yes,Single,4.3,0,13,2,3.5,95,83
27,Female,3,4,5.7,100,6.5,5.1,1.9,0.4,2.8,No,In a Relationship,3.4,2.6,14,2,5,100,100
18,Female,4,4,6.6,100,5.5,3.9,1.1,1.4,0,No,Single,3.9,1.4,12,0,5.5,100,100
23,Male,1,4,5.8,100,7,6.1,3.8,1.5,4.6,No,In a Relationship,4,2,10,2,2.2,100,93
23,Male,1,4,3,76,8.5,6.1,3.5,1.1,5.4,No,In a Relationship,4.2,1.2,13,2,4.2,90,91
20,Female,3,3.27,1.8,80,8.4,5.3,2,0,0,No,In a Relationship,5.1,1.8,7,1,3.3,88,81
18,Male,4,3.38,1.9,79,6.5,4.8,3,0,6.5,Yes,Single,3.4,0,19,3,4.4,96,85
18,Male,2,2.53,1,72,5.5,6.1,3.5,1.7,6.2,No,Single,5.3,1.1,9,2,4.3,80,76
19,Female,2,3.86,3.3,95,6.5,6.1,3.1,0,0,Yes,In a Relationship,5.4,0.4,6,0,5.4,100,99
28,Male,2,4,5.9,100,6.4,4.7,3.5,2.1,0,No,In a Relationship,5.3,0.8,14,1,3.9,100,98
27,Female,1,3.87,3.3,88,7.5,3.7,2,0,2.7,Yes,In a Relationship,5.5,2.2,8,2,3.1,100,97
21,Female,4,3.95,4,93,6.9,5.8,3.6,0.8,5.6,No,In a Relationship,4.2,0,18,2,6.5,100,86
22,Female,2,4,5.6,100,6.1,7.7,2.8,0,3.6,No,Single,4.1,1.9,2,3,2.2,100,97
22,Female,3,3.79,2.9,95,8.3,4.1,2.1,0,3,No,In a Relationship,4.2,1.7,4,1,3.4,100,100
28,Female,3,4,6.6,100,7.2,5.3,2.4,0,4.1,Yes,In a Relationship,2.4,2.5,10,2,3.1,100,100
18,Female,4,4,6.5,100,7.5,4.5,2.7,1.1,1.4,No,Single,4,0,13,3,5.5,100,90
24,Female,4,3.47,3.3,88,4.9,2.7,0.6,0.5,5.6,No,Single,3.7,1.8,8,2,4.4,100,90
23,Male,3,3.14,2.6,87,4.1,3.1,1.8,0.6,2.8,No,Single,5.4,1.5,11,4,8.5,89,91
20,Male,4,3.9,4.5,100,5.3,6.7,2.9,0,0,No,Single,5.5,1.1,21,0,3.2,100,94
26,Female,1,3.81,3,85,6.4,2.2,0.8,2.6,1.4,No,In a Relationship,2.5,2.6,8,3,6.9,100,99
19,Female,2,3.14,1.8,90,7.7,6,1.9,1.4,3.7,No,Single,2.4,0,4,3,4.5,73,100
26,Male,1,3.79,5.4,95,4.2,10,6.4,1,2.4,No,Single,6.2,1.3,11,5,4.6,100,93
27,Male,2,4,5.3,100,8.9,4,1.1,2.3,2.2,Yes,Single,3.1,2.2,6,4,1.2,100,100
20,Female,1,4,3.7,91,7.2,6.3,2.2,1.5,3.4,No,In a Relationship,2.4,0,15,2,6.7,100,92
18,Female,4,3.37,1.6,70,8.6,8.2,1.5,0.4,3.7,No,Single,4.3,1.8,14,4,5.4,81,89
19,Female,3,3.06,1.7,69,5.9,6.2,2.6,1.9,0.5,Yes,In a Relationship,5.2,1.5,11,4,3.9,87,88
26,Female,4,3.7,3.7,83,7.6,3.3,1.6,3.6,5.4,Yes,In a Relationship,3.2,0,14,0,3.4,98,85
26,Male,1,3.68,2.8,77,7.1,7.2,2.4,1.1,2.7,No,In a Relationship,3.8,2.3,7,2,4.8,100,97
21,Female,2,4,3,100,8,4.9,1.7,2.1,3.8,No,Single,1.7,0.3,17,1,4,100,92
27,Female,4,4,5,96,6.7,9.9,4.4,2.9,3.2,Yes,In a Relationship,4.9,2.8,9,0,4.2,100,100
27,Male,2,4,4.6,87,7.6,5.3,2.9,1.6,2.2,Yes,Single,4.8,1.8,20,7,0.5,100,100
25,Female,3,4,5.6,100,8.3,5.8,1.3,2.7,4.8,No,Single,2.5,1.5,10,0,2.5,100,94
24,Female,2,3.08,2,81,6.2,7.1,4.1,1.1,3.2,No,In a Relationship,5.9,2.2,10,0,3.7,100,80
28,Male,2,3.58,3,94,7.3,7.6,1.4,0,3.1,No,Single,3.3,2.1,11,2,1.5,92,99
22,Male,1,3.57,4.6,94,4.7,3.2,0.5,0,0,No,In a Relationship,5.3,0,15,4,3.7,100,80
26,Female,1,3.88,4.2,100,7.8,9.4,2.8,2.2,4.6,No,Single,3.4,0,19,3,5.5,99,100
25,Male,3,4,5.8,99,9.3,9.2,5.7,3.7,2.7,No,In a Relationship,4.9,1.1,14,0,6.1,100,100
20,Female,3,4,4.1,100,5.5,4.1,0.1,0.5,4.5,Yes,In a Relationship,4.1,0.1,23,3,2.8,97,100
27,Male,2,4,6.3,100,6.9,5.8,0.8,3.5,6.3,Yes,Single,1.6,2.9,8,0,4.9,100,100
28,Male,2,3.48,4.3,98,8.1,6,3.9,0,4.6,No,Single,4.5,0.2,11,3,5.5,100,81
26,Male,1,4,5.1,94,7,6,1.8,0.9,3.1,No,Single,4.7,1.3,6,1,2.7,100,94
18,Male,1,3.69,3,94,7.2,6.3,3.7,1.4,2.4,Yes,In a Relationship,6.7,1.8,9,5,3.3,100,93
27,Female,3,3.95,3.5,90,6.5,4.7,1.5,2.1,8.1,No,Single,2.8,3.6,9,1,5.3,100,88
19,Male,2,4,4.9,100,6.5,6.1,3,2.2,4,No,Single,2,2.3,5,2,3,100,96
21,Male,2,4,5.9,100,6.9,9.1,5.4,1.4,3.4,Yes,Single,3.3,0.5,17,1,0.4,100,100
26,Female,1,4,4.6,98,7.1,4.6,1,4.7,2.6,No,In a Relationship,2.5,1.7,15,1,7.3,100,90
22,Female,1,3.5,3.4,100,5.6,6.6,4.3,1.9,1.2,Yes,In a Relationship,6.8,1.9,10,1,0.7,100,92
22,Male,3,3.82,5.6,100,6.9,6.9,3.8,0.6,0,Yes,Single,7.3,1.8,14,1,5.8,100,93
20,Male,1,3.23,0.5,75,8.9,1,0.6,3.8,6,Yes,In a Relationship,1.5,0.2,10,1,4.2,72,92
21,Female,3,2.62,1.4,84,6.5,7.8,3.6,1.8,1.4,No,Single,4.9,3.2,11,0,3,90,72
21,Female,2,3.86,4.5,100,5.5,7.9,2.9,3.2,2.6,Yes,In a Relationship,2.1,0,15,0,4.8,100,100
23,Female,4,3.71,3.5,76,6.8,6.1,2.9,0,2.8,No,Single,4.9,1.9,12,2,4.5,91,91
18,Female,2,3.44,4.4,85,6.1,4.4,3.3,1.7,5.9,No,Single,4.1,0.3,12,0,4.7,97,100
28,Male,2,3.35,3.6,85,5.4,6.2,2.3,1.1,1.5,No,In a Relationship,4.5,1.6,2,2,9.1,100,99
24,Male,1,3.72,4.4,100,7.2,5,2.9,0.8,3.5,No,In a Relationship,3,1,16,5,8.1,100,90
22,Male,3,3.73,2.3,78,6.1,6.4,3.2,1.7,4,No,In a Relationship,4,0,19,1,5.3,100,91
24,Male,2,4,4.4,100,6.3,7.7,3.9,3,0.2,No,In a Relationship,4,0,17,1,8.8,100,99
22,Female,4,4,5,100,7.2,4.2,0.5,1.3,0,Yes,In a Relationship,2.8,2.1,9,3,7.5,100,88
19,Female,4,4,5.3,86,5.2,9,4.7,3.3,1.6,Yes,In a Relationship,4.5,0.6,17,2,6.5,100,91
18,Male,2,4,6.5,100,4.9,4.3,1.1,0,3.5,No,In a Relationship,3,1.3,14,2,6.3,100,100
28,Male,1,4,3.9,98,7.8,7.1,3.9,1.9,3.2,Yes,In a Relationship,3,3,8,2,3.5,100,94
18,Male,2,3.46,3.9,84,4.7,6.8,2.9,2.2,2.8,No,In a Relationship,5.5,1.8,10,1,1.9,87,90
22,Male,2,3.27,1.2,73,5.8,3.8,0.9,0,4.3,No,Single,2.3,0,12,3,3.6,77,87
19,Female,2,3.22,2.7,73,4.8,5.8,3.6,2.1,1.3,Yes,In a Relationship,5.4,0,1,3,0,91,85
18,Female,3,3.33,3.2,87,6.4,4.9,1.4,1.2,2.7,No,Single,2.7,0,13,1,2.3,99,94
27,Male,3,4,5.1,100,7.5,6,4.4,2,2.8,No,In a Relationship,3.5,0.4,6,1,3.4,100,100
22,Female,4,3.52,2.6,82,7.1,4.6,1.7,3,1.3,No,Single,2.8,0.9,7,3,3.9,88,85
18,Male,1,4,4.7,100,9.9,1.9,0.6,1.8,7.6,No,Single,2.2,3.8,13,1,3,100,100
20,Male,3,3.89,3.5,93,8.3,7.4,5.1,1.1,0,Yes,Single,5,2.2,10,4,1.5,100,100
26,Male,2,3.89,3.2,88,5.9,5.5,3.1,0,5.5,No,In a Relationship,3.3,1.6,7,1,6,100,100
25,Female,1,3.19,3.9,77,5.6,5.9,4.1,1.4,4.6,No,In a Relationship,3.8,1.6,13,2,3.7,92,98
18,Female,3,3.94,2.9,100,10,5.8,1.5,3.4,4.6,Yes,In a Relationship,1,1.7,8,1,6.8,100,100
19,Male,2,3.85,2.9,88,8.3,4.2,0,0,3.2,No,In a Relationship,1.7,0,8,4,4.5,100,100
28,Female,2,3.06,0.9,66,7.7,9.9,5.3,3,5.7,No,Single,2.8,0,18,3,4.1,93,75
20,Female,4,3.49,3.1,87,7.1,5.6,2.8,2.3,2.1,No,In a Relationship,3.8,1.7,13,5,4.1,99,89
18,Female,3,3.29,2.8,87,7.3,6,3.5,1.4,3.8,No,In a Relationship,3.4,1.2,14,2,0,97,91
26,Male,4,3.31,2.7,82,5.2,7.8,3.8,2.3,3.1,No,Single,4.3,1.5,20,3,1.6,100,91
26,Female,3,3.44,4.1,100,7.2,5.5,2.3,3,2.5,No,Single,5.1,2.8,11,1,4.6,100,88
21,Female,3,3.98,4.5,97,7.1,6.2,3.1,0.9,3.2,Yes,In a Relationship,3.9,0.5,9,2,2.5,100,96
20,Female,2,3.9,3.8,78,5.9,5.1,5.2,1.6,1.1,No,In a Relationship,5.6,0.8,9,2,4.5,95,100
24,Male,3,4,5,100,6.4,6.7,2.8,1.5,1.7,No,Single,5.8,1.4,21,2,5,100,100
24,Male,3,3.89,4.4,97,8.8,7.9,4.2,3.5,6.2,Yes,In a Relationship,2,0,12,3,2.6,100,95
24,Female,3,3.92,3.1,94,6.8,3,0,1.5,8.8,No,Single,1.4,0,7,2,5.2,100,96
28,Male,2,3.51,2.8,82,9.5,8.5,4.5,1.7,4,No,In a Relationship,2.1,2.6,13,1,6.1,98,96
20,Male,1,3.47,4,90,4.9,4.2,0.5,2.7,4.7,Yes,In a Relationship,3.6,0.9,9,3,6.3,100,92
24,Male,4,3.68,4.4,100,6.4,6.5,4.3,2.2,3.5,No,Single,5.4,0.7,10,3,2.6,100,84
25,Male,2,3.88,5.6,92,5.1,6.1,3.4,1.8,3.9,Yes,In a Relationship,2.4,1.4,20,0,6.8,100,96
23,Male,3,4,5.3,93,5.5,4.5,2.7,0,4.1,No,Single,5.2,0,13,2,1.8,100,94
26,Male,4,3.82,2.7,82,6,7.5,2.7,0.9,5.1,Yes,Single,4.3,0.9,6,4,1.1,92,93
24,Female,3,3.76,3.3,96,7.4,6.6,2.4,2,6.1,No,Single,3.2,0.6,10,0,4.1,95,100
28,Male,4,4,4.5,95,7.3,3.6,1.6,1.7,1.2,No,Single,2.6,1.6,3,1,0.6,100,100
28,Male,1,4,5.1,90,6.2,6.2,2.5,1.3,8.7,No,In a Relationship,3.9,0,8,1,4.3,100,94
28,Male,1,3.1,4.9,81,4.3,9.4,6.1,2.4,3.3,No,Single,8,0.4,17,2,2.5,99,87
19,Female,2,3.63,3.4,88,8.8,7,4.8,4.3,3.3,No,In a Relationship,3.8,0.7,8,2,4.5,100,87
20,Male,4,3.2,1.6,74,6.7,4.6,1.5,1.6,2.2,No,Single,3.5,0.7,25,1,3.4,86,94
23,Female,3,3.11,2,97,5.7,7.2,3.2,2.4,2.2,No,Single,4.9,2.3,1,3,3.1,83,88
25,Male,2,3.62,3.9,100,7.3,7,2.9,1.2,4.2,No,In a Relationship,3.4,0.4,10,0,1.6,100,100
24,Female,4,4,4,100,7.2,8.4,2.6,0,4.3,Yes,In a Relationship,3.5,4.3,13,3,5.2,97,100
19,Male,2,3.48,1.9,87,6.6,4.4,1.3,1.1,4.1,Yes,In a Relationship,4.4,1.9,12,4,3.4,91,100
20,Male,1,3.48,3.6,96,7.2,6.2,3.5,1.8,2.1,No,In a Relationship,4.4,0.7,15,3,6.3,92,98
24,Male,1,3.84,4.4,100,5.6,7.8,4.1,1.4,0,Yes,In a Relationship,6,1.8,11,2,5,99,100
22,Female,4,3.3,1.8,86,7.9,4.3,1.5,1.6,0,Yes,In a Relationship,5.9,1.9,18,1,4.7,100,95
24,Male,2,3.52,5.2,90,5.8,8,5.7,0,3,Yes,Single,7.1,0.9,6,2,4.8,100,96
28,Female,3,3.06,2.9,100,6.3,7,5.1,0.9,3.7,No,Single,4,2.4,11,0,2.3,99,84
25,Female,2,4,5.4,100,7.8,2.5,3.6,0,2.2,Yes,In a Relationship,6,0.2,6,3,2.5,100,87
23,Male,3,3.77,2.7,100,8.4,4.9,1,1.9,1.6,No,Single,4.5,1.8,10,5,6.3,100,100
24,Male,3,3.47,2,99,8.9,4.4,3.4,1.5,3.6,Yes,In a Relationship,5,1.1,11,2,5.1,94,95
21,Male,1,3.68,2.8,76,8.3,5.1,3.2,1.3,2.8,Yes,Single,3.2,1.5,15,4,3.9,83,85
26,Female,3,3.83,3.4,83,6.6,7,3.6,0,2,Yes,In a Relationship,4.9,1.4,7,3,6.2,92,95
20,Female,2,2.95,2.9,79,5.2,7.8,5.2,1.3,0,No,Single,5.9,1.2,11,4,5.5,87,87
23,Female,1,3.99,3.2,99,8.7,8.1,2.5,3.4,1.3,No,In a Relationship,3.8,3.2,12,2,4.2,100,93
19,Female,2,4,4,100,8.6,7.1,5.9,0.8,4.9,Yes,In a Relationship,6.1,0.6,13,0,4.8,97,93
28,Female,3,3.5,3.2,87,6.2,9.1,3.4,1.6,1.1,No,Single,5.1,0.4,6,0,3.4,80,94
26,Male,4,3.94,3.4,100,8.1,7.1,2.4,1.7,4.3,Yes,In a Relationship,1.5,1.1,13,1,4.9,100,97
24,Female,1,3.16,0.9,72,6.6,10.5,6.4,0,5.8,No,Single,4.7,2.5,18,1,1.9,87,85
18,Female,2,3.7,4.1,100,8.8,8.7,4,0,1.4,Yes,In a Relationship,3.6,1.2,18,4,7.1,100,94
28,Male,3,3.64,3.4,90,6.4,5.6,2.1,0,2.1,No,Single,6,1.1,11,2,4.6,100,84
18,Male,2,4,5.9,100,9.4,3.9,2.9,2,5,No,Single,2.1,0.6,15,4,8.6,100,97
28,Female,2,3.53,2.1,85,7.9,7.4,3.8,3.1,5.5,No,In a Relationship,3.2,0.7,11,1,2,100,82
26,Male,4,3.46,0.8,87,9.2,3.8,2.6,3.8,1.7,No,Single,3.1,2.3,17,0,2,87,98
26,Female,1,2.79,4.4,87,6.4,5.4,3,1.3,0,No,In a Relationship,6.6,1.1,15,1,3.8,92,76
25,Male,2,4,4,100,7.5,4.5,1.6,2.9,5.5,No,In a Relationship,3.9,1.5,6,0,0,100,94
25,Male,3,3.31,2,72,5.8,2.2,0.3,1,4.2,No,Single,3.8,0.5,11,4,5.4,79,78
19,Male,2,3.48,1.2,72,8,7.1,3,0,3.8,Yes,In a Relationship,3.9,2,9,0,4.7,95,92
20,Female,1,4,5.8,100,8.1,5.7,3,0.4,4.8,Yes,Single,3.6,2.4,12,0,5.3,100,100
26,Male,3,4,5.6,100,9.9,7.1,3.6,0.9,0.6,No,In a Relationship,3.9,0.3,6,2,2.7,100,100
28,Male,4,3.09,0.5,75,7.6,4.9,1.9,1.5,3.8,No,In a Relationship,5.4,0.3,11,3,3.5,75,83
18,Male,2,3.75,2.8,86,7.9,4,0.8,1.4,2.4,Yes,In a Relationship,1.8,0.4,11,3,3.9,91,96
23,Male,3,4,6,100,6.4,3.3,1.4,2.3,4.2,No,Single,1,2.2,11,0,6.7,100,100
26,Male,3,2.74,2.8,86,7.6,6,4.4,1.2,4.6,No,In a Relationship,4.6,0.2,13,1,5.9,83,81
20,Female,1,3.45,2.8,89,6.5,4.6,1.8,2.7,5,No,In a Relationship,4.8,0.9,4,1,5.1,100,88
19,Female,2,4,3.1,100,7.1,3.9,2.1,0.7,4.2,Yes,In a Relationship,3.7,0.2,16,1,4,100,94
23,Male,4,3.69,1.8,86,7.2,7,2.3,1,3.5,No,In a Relationship,1.7,2.9,16,0,2,96,93
21,Female,1,3.02,0.9,80,6.6,3.2,1.9,3.6,3.6,No,In a Relationship,4.5,0.7,19,2,6.2,77,92
18,Female,1,4,5.1,100,7.1,7.6,1.8,0,3.7,No,Single,2.4,2.9,12,3,1.6,100,93
18,Female,3,3.08,0.7,85,6.5,4.9,1.5,4.7,1.8,No,Single,2.7,1.2,13,0,4,87,89
25,Female,1,3.1,3.9,83,6.5,8,4.9,2.2,2.3,No,Single,4.2,0.7,17,0,0.9,100,81
26,Male,4,4,4.8,100,8.3,6.2,3.8,5.5,3.8,No,Single,2.2,2,8,1,4.2,100,91
20,Male,2,3.13,1.3,78,7.2,8.5,4.7,3.3,4.3,No,Single,4.7,1.2,14,3,3.5,80,85
20,Female,1,3.25,2.1,90,7.4,7.8,5,1.2,1.7,Yes,Single,4.4,2.6,8,1,2.8,93,83
26,Female,4,4,5.3,97,5.3,3.4,0,0,0.8,Yes,Single,2.7,1,15,2,2.5,100,100
20,Female,3,3.98,4.3,93,7.5,7.3,3.3,3.5,0,No,Single,7.1,0.7,14,0,5.9,100,97
26,Female,4,3.8,2.6,88,7.6,5.7,1.9,0,0.5,Yes,In a Relationship,3.5,0.7,8,4,0.3,98,91
27,Female,3,4,5.3,100,6.5,9,4.5,2.1,1.9,No,Single,5.2,2.4,15,1,2.7,100,95
26,Male,3,4,5.3,100,9.5,5.3,1.7,0.3,2.1,No,Single,4.5,1.5,10,1,1.6,100,99
27,Male,3,3.51,3.9,93,4.3,3.1,1.2,2.8,2.4,No,In a Relationship,5.2,0.5,11,1,0,100,96
22,Male,3,3.32,2.1,84,7.9,1.1,0.6,0,0.6,No,Single,5.3,0,16,1,3.6,89,68
21,Female,1,3.63,2.9,98,7.9,5.6,2.3,2.5,0,Yes,In a Relationship,3.5,1.4,17,2,3.6,100,88
26,Female,2,3.51,3.9,100,7.6,7.5,4.2,2.1,3.3,Yes,Single,5.4,0.3,14,2,3.2,100,94
18,Female,3,3.15,3.2,86,7.2,8.5,3.2,1.8,3.3,No,In a Relationship,4.6,0,12,2,1.4,100,83
25,Male,1,4,4.9,99,7.7,3.9,1,2,4.2,Yes,Single,3.9,2.3,16,2,4.6,100,100
28,Female,1,2.82,1.2,79,8,9.4,6,1.8,4.6,No,Single,5.5,0,10,2,5.5,75,69
26,Male,4,2.64,1.3,78,6.1,7.7,3.8,0.5,3.8,No,In a Relationship,3.9,0,16,3,7,89,81
27,Male,3,3.42,3.8,88,7.4,7.6,4,0,3.2,No,Single,7.2,1.1,9,0,4.8,100,85
23,Male,1,3.42,2.8,89,6.8,8.7,4.7,1.3,4.8,No,Single,2.3,0.9,11,1,5.1,90,89
21,Female,1,3.56,2.6,94,5.7,2.3,0.3,4.1,5.8,No,In a Relationship,2.1,0.3,7,0,3.2,98,89
26,Female,2,3.1,0.8,88,7.9,3.2,1.4,2.2,1.6,Yes,In a Relationship,4.2,1.4,12,2,5.1,83,100
28,Male,3,3.48,3.5,96,6.3,6.7,4,0.6,4.5,Yes,Single,4.8,0.9,20,1,4.7,100,95
23,Female,4,3.72,3.4,88,5.2,2,1.6,2.4,1.8,No,Single,4.6,3.4,20,0,3.2,100,94
23,Male,4,3.71,4.5,93,6.4,5.4,2.4,1.1,3.4,Yes,Single,4.8,1,20,2,2.3,100,100
23,Female,1,3.44,3.6,100,6,4.9,2.7,0.4,5.1,No,Single,3.1,0,9,2,3.9,100,100
27,Female,4,3.93,3.3,94,8.2,4.3,0.9,3.1,2.5,Yes,Single,3.8,1.5,26,0,6,100,100
26,Male,1,3.97,5.3,92,7.2,5,2.3,2.4,1.1,Yes,Single,4.1,1.6,18,2,4,100,97
20,Male,2,3.11,1.5,70,8.7,6,4.2,1.5,2.1,No,In a Relationship,5.6,0.9,17,1,4.9,84,95
24,Male,1,3.18,4.3,78,6.2,8.5,3.9,3.4,1.1,No,Single,4.9,0,13,1,5.2,100,87
26,Male,4,3.15,1,84,8,7.6,4.5,2.1,0.9,Yes,In a Relationship,5.3,2.7,4,2,2.7,92,88
19,Male,4,3.64,2.2,100,10,8.3,4.3,1.8,5.4,No,In a Relationship,3.8,0,9,1,4.7,100,94
25,Male,3,3.35,1.7,82,7.4,6.6,3.4,0,4.1,No,In a Relationship,4.9,2.1,10,0,2.9,100,100
18,Male,3,3.58,4.7,89,8,6.9,3.3,3.2,1.6,Yes,In a Relationship,4.2,2.4,11,2,2,100,91
24,Male,2,3.34,3.4,100,7.8,4.6,3.2,0,1,Yes,Single,4.1,0.9,10,1,3.8,100,96
21,Female,3,3.68,3.5,95,5.3,6.4,1.9,1.7,1.2,No,Single,3.9,2.1,12,2,0.3,96,100
23,Male,2,3.27,1.8,95,7.7,5.4,1.3,1.9,1.6,Yes,Single,4,2.2,14,0,6.5,90,100
21,Male,4,3.75,3.1,98,7.4,4.8,1.8,0.8,5.3,No,Single,1.2,0.1,12,0,2.5,97,100
20,Female,2,3.7,2.4,75,6.7,5.6,2.3,0.1,2.8,Yes,Single,4.3,2.7,11,2,3.2,86,96
25,Male,1,3.98,4.1,100,5.9,6,1.8,1.7,7.3,Yes,In a Relationship,3.6,1.5,11,0,2.9,100,100
19,Female,3,2.82,2,70,7.8,6,3.4,2.3,2.9,No,Single,5.9,0,19,4,3.3,95,72
24,Male,4,4,5.5,98,5.8,4.2,3.1,0.6,1.8,Yes,Single,4.2,1.4,10,0,1.9,100,98
24,Male,4,3.3,1,88,9.6,5.9,3.3,0.8,4.9,No,Single,3.2,0.6,16,3,2.9,89,99
26,Female,2,3.41,2.3,92,7.1,6.5,3.3,0,0,Yes,Single,5,1.6,12,1,7.4,92,94
23,Male,3,4,6,96,5.5,7.6,4.6,0,3.4,Yes,In a Relationship,4.1,0.6,3,2,3.2,100,100
28,Male,2,3.51,2.8,78,6.4,7.4,2.8,1.3,0.6,Yes,Single,4.8,0.6,24,2,3.2,97,91
19,Female,3,2.54,1.5,76,6.7,6.1,4.3,0.5,0,No,In a Relationship,4,0.2,18,1,1.6,79,87
27,Male,1,4,3.8,100,9.9,5.6,3.6,2.4,2.8,No,In a Relationship,4.4,1.4,23,2,3.2,100,96
25,Female,3,3.12,2.8,87,5.9,6.2,4.5,2.4,4.7,No,Single,5.4,1.7,16,5,3.9,81,85
26,Female,1,3.29,2.2,98,6.9,8.7,5.2,2.3,3.4,Yes,In a Relationship,5.4,1.2,12,4,3.3,80,89
23,Female,3,2.73,1.9,77,6.4,4.9,3.7,0.6,3.2,No,In a Relationship,4,0.9,15,2,9.4,79,90
27,Male,3,4,7.7,100,7.6,6.9,3,2.7,0,No,Single,6,1.3,10,2,1.9,100,95
28,Male,3,3.37,3.1,86,6.4,4.8,2.9,0.3,2.7,No,Single,3.3,2.3,8,3,2.1,100,86
19,Female,1,2.58,0.6,65,5.6,4.2,2.1,2.6,2.7,Yes,In a Relationship,4.4,0.2,22,2,4.6,75,78
26,Male,4,4,5.7,100,6.8,7.1,2,2.1,4.2,No,Single,2.4,0,11,2,4.9,100,97
21,Female,2,4,4.4,98,6.6,8.7,4.2,2.4,0.9,No,Single,5,0,13,2,1.9,100,100
19,Female,4,3.52,2.4,97,6.3,4.5,1.4,0,4.7,Yes,Single,4.7,0,14,4,0.5,100,89
25,Male,4,3.37,2.1,74,6.4,6.6,5.2,3.1,2,No,In a Relationship,5.9,0.2,11,0,4.9,84,87
21,Female,1,4,4.5,100,8.4,8,2.6,1.7,2.4,No,Single,2.7,2.3,17,1,3.2,100,90
19,Female,2,3.3,3.1,95,6.6,9.9,7.1,1.5,4.1,Yes,Single,5.2,0,12,3,3.1,100,92
19,Female,1,2.9,0.6,79,5.6,5.1,1.8,0.3,0.6,No,In a Relationship,4.3,0.9,30,3,5,78,83
20,Female,1,4,6.2,100,6.4,7.3,3.2,0.7,4.6,No,Single,3.3,1.9,2,2,5.2,100,100
27,Female,1,3.79,2.8,84,7.1,2.9,2.3,1.2,0.3,Yes,Single,4.6,1.2,9,0,4.5,100,97
23,Male,2,3.99,5.7,100,5.4,3.8,1.6,1.2,4.3,Yes,In a Relationship,6.1,2.1,17,2,2.3,100,100
20,Female,2,4,5.4,98,9,7.3,4.4,3.7,2.5,No,Single,3.6,0.6,4,0,4.3,100,99
21,Male,1,3.44,2,93,8,4.3,1.1,1.4,2.7,Yes,In a Relationship,5,0.7,13,1,1.4,100,88
21,Female,3,4,5,98,8.7,3.2,1.8,1.1,0,No,In a Relationship,3.7,0.8,10,3,5.9,100,100
21,Male,1,2.9,2.5,77,7.5,7.1,3.7,1.2,1.8,No,Single,4.8,1.8,11,1,4.7,82,79
22,Male,3,2.59,0.7,66,4.5,6.9,3.9,2,2.6,No,In a Relationship,5.7,3.9,18,0,7.9,68,80
26,Female,1,4,2.9,100,8.8,5.7,0.7,1.8,6.1,No,In a Relationship,1,1.2,13,3,4.9,100,83
28,Female,3,3.79,4.1,100,6,7.9,3.7,0.1,2.9,No,In a Relationship,5.3,1,8,0,1.9,100,99
21,Male,2,3.43,2.8,86,6.1,5.7,3,3.9,1.7,Yes,Single,2.3,0.2,17,2,5.7,91,90
26,Male,1,3.87,3,89,7.2,4.2,1.4,1.2,4.7,No,In a Relationship,3.3,2.9,13,0,7.2,97,86
27,Male,2,4,5.2,100,8.7,5.8,1.6,0,2,Yes,Single,3.4,0.8,5,3,4,100,98
25,Male,2,4,3.7,100,8.3,3.3,0,0.7,5.1,No,Single,1,0.6,9,4,4.8,100,100
22,Male,1,3.15,2.2,86,8.1,6.8,5.4,1.4,3.5,Yes,Single,4.7,1,12,3,3,88,78
27,Female,3,4,4.6,98,6.6,9.8,4.3,3.7,1.2,Yes,Single,4.9,3,16,0,6.1,100,100
23,Female,3,4,3.8,100,6.6,2.7,0.9,1.2,4.9,Yes,Single,2.9,0.6,11,2,4.1,100,100
20,Male,2,3.08,0.5,83,7.4,10,4,0.4,4.2,No,Single,4,1.2,17,0,8.5,78,89
19,Male,3,4,4.1,100,6.8,5.4,1.9,1.1,4.8,No,In a Relationship,2.8,0,12,0,5,100,100
26,Male,1,3.68,4.1,85,8.1,6.4,4.2,1.3,2.6,No,In a Relationship,4.4,2.2,9,1,7.4,100,95
24,Female,2,3.97,3.5,100,8,2.3,2.1,1.3,4.2,No,In a Relationship,4.1,0.9,12,1,5.1,100,93
27,Female,4,4,4.8,100,7.7,6.2,2.3,0,6.8,Yes,In a Relationship,2.6,2.1,16,3,2.8,100,91
20,Female,4,3.2,2.5,74,4,3.5,2.4,0.2,3.3,No,In a Relationship,4.8,1.8,11,4,3.1,100,86
19,Female,3,3.76,4,100,7.2,5.2,1.8,2.6,2.2,Yes,In a Relationship,4.4,1.4,6,1,3.9,100,93
27,Female,2,2.83,1.1,96,6.9,10.2,4.9,2,6.1,Yes,Single,6.6,0.8,13,2,4.3,80,84
20,Female,2,4,4.1,99,7.2,5.7,4.1,1.9,4.3,Yes,Single,4.1,1.3,7,0,6.3,100,100
24,Male,1,4,6.4,100,6.1,6.9,3,0.7,2.1,Yes,Single,2.9,0,19,3,5.6,100,100
24,Male,2,3.21,2,75,5.4,6.3,4.3,0,6.5,No,Single,3.6,1.4,18,0,2.2,94,96
27,Female,2,3.56,2.4,92,7.6,4.8,0.4,1.6,0.6,Yes,In a Relationship,4,1.8,11,3,7.5,97,93
19,Male,3,3.12,2.4,75,6.6,4.1,1,2,4.1,No,Single,4.8,1.3,14,2,6.4,93,78
19,Male,3,3.46,3.7,81,7.7,6.5,3.5,3.9,5.3,No,In a Relationship,2.7,1.2,12,2,3,96,88
20,Female,2,3.18,1.9,80,6.2,8.3,3.9,0.4,5.1,No,Single,4.3,0.6,20,1,6.5,86,85
27,Male,4,4,4.1,99,8.7,7,3.2,2.3,1.2,No,In a Relationship,4,1,4,2,4.1,100,100
23,Female,3,4,4.8,100,8.2,2,0,2.2,0.5,No,In a Relationship,2.3,0.1,13,3,1.6,100,96
22,Male,1,4,4.3,100,7.4,6.3,1.2,0,3.5,No,Single,4.7,0.7,7,1,6.1,100,100
28,Female,1,2.82,0.8,73,6.7,4.6,3.4,1.9,4.4,No,Single,5.3,3.3,14,1,0.9,87,85
25,Male,3,3.71,5,100,8,9.7,6.4,0.4,0.8,No,In a Relationship,5.9,1.3,3,1,2.1,100,100
25,Female,2,3.7,4.9,82,7.5,6.6,4.6,2.2,3.6,No,In a Relationship,4.1,1.7,14,2,2,100,86
19,Male,4,3.45,4.7,90,7.3,6.4,5.2,2.5,0.1,No,Single,6.5,1.2,22,2,5.1,100,85
21,Female,3,3.88,4.1,95,8.3,4.9,3.3,0.6,5.1,Yes,In a Relationship,3.9,1.3,9,0,3.9,100,100
18,Female,4,3.79,3.8,96,8.7,6.2,3.3,2,1.9,No,In a Relationship,3.5,1.3,4,3,3.4,100,96
27,Female,3,4,5,92,5.5,4.6,1.2,3.9,2.7,No,In a Relationship,5,1,15,2,5.5,100,95
26,Male,2,4,6.4,100,5.7,8.5,4.2,1.9,4.7,Yes,Single,5.1,1.8,10,2,0.8,100,100
21,Female,3,3.69,2.1,87,6.1,7.5,2.7,1.1,4.5,No,Single,2.4,0.5,17,4,1.9,98,92
22,Female,1,3.87,5.1,100,5.2,7.1,3.8,1.8,3.9,No,Single,3.9,0,17,0,4.2,100,97
19,Female,2,3.37,3.4,70,6.9,5.3,2.8,0.8,5.1,Yes,Single,2.4,1.4,17,2,3.6,100,92
19,Male,2,3.8,3.3,90,7.7,7.4,3.2,0.4,3.8,No,Single,4.9,2.3,12,1,4.7,100,100
22,Female,1,2.58,1.2,76,7,5,2.7,2.8,5.9,Yes,Single,2.7,0.6,21,4,3.4,89,89
19,Female,4,3.48,3.1,81,6.4,4.2,3.1,1.3,0,Yes,In a Relationship,5.6,2,16,1,2.4,100,98
24,Female,2,2.81,2,81,8.4,8.4,4.3,2.3,2.9,No,In a Relationship,6.4,1.9,8,2,0.2,82,83
18,Female,1,3.81,2.8,95,7.2,5.5,0.9,0.9,2.8,No,Single,4.1,2.8,9,2,2.7,85,98
26,Male,1,3.92,1.9,93,7.4,2.6,0.6,2.7,2.6,No,Single,2.7,3.1,19,1,3.9,90,99
21,Female,2,3.89,2.8,90,8.4,8.8,3.4,2.2,4,No,Single,2.9,1.8,15,4,2,100,90
27,Male,4,3.7,2.9,89,6.9,8.7,5,3.8,3.4,Yes,Single,4.6,1.1,8,0,3.1,100,95
20,Female,2,3.78,3.6,94,9.5,8.8,5.3,1.8,4.6,No,Single,2.8,0,10,2,2.6,100,93
24,Male,4,3.07,1.1,60,6.5,3.4,1,1.5,0.6,Yes,In a Relationship,2.9,2.2,12,1,2.8,88,76
26,Female,1,3.54,1.3,82,9.4,6.4,2.2,1,7.6,No,Single,1.3,2.3,16,0,2.9,90,94
26,Female,1,3.94,4,89,5.8,1.8,0.6,1.9,2.2,No,In a Relationship,4.3,0.9,11,2,0.3,90,95
18,Female,3,3.25,2.3,88,7.6,4.6,2,1.5,3.6,Yes,In a Relationship,2.9,1.6,19,3,5.3,99,84
23,Male,2,3.86,5.1,97,6.2,6.6,4.5,2.1,2.6,No,Single,4.9,0.2,14,0,0.4,100,98
21,Male,1,3.94,3.8,96,8.3,4.2,2.8,0.4,3.2,No,Single,4,0.6,19,1,4.2,100,84
20,Female,1,3.89,4.4,92,6.4,6.2,2.2,1.9,1.9,No,Single,5,0,6,3,2.9,98,100
25,Female,1,4,5.6,100,7.3,7,3.6,1.5,3.4,No,In a Relationship,2.3,1.5,20,1,4.2,100,95
27,Male,2,4,3,93,6.2,5.6,1.6,1.9,4.2,No,Single,1.9,0.8,18,2,3,100,100
28,Female,3,3.3,2.6,77,8.1,7.9,5.2,0,0,Yes,In a Relationship,4.9,2.4,12,0,3.5,100,97
19,Female,2,4,4.8,95,6.2,7,2.8,1,2.3,Yes,In a Relationship,3.4,1.4,9,2,3.7,100,99
22,Male,2,3.79,4.3,90,9,5.3,2.2,3.3,2.3,No,Single,4.1,1.6,19,2,3.9,100,90
25,Female,4,3.32,3.2,89,5.8,6.1,3.7,0.7,7.6,Yes,In a Relationship,3.5,1.2,10,2,3.7,100,99
18,Female,3,3.81,5.6,91,5.4,6.4,4.2,1.2,4.7,No,Single,6.6,2.8,12,2,5.5,100,97
20,Female,2,4,3.2,88,8.1,5.8,5.2,0.9,6,Yes,In a Relationship,3.6,2.7,15,1,5.8,100,100
18,Male,1,3.89,3.5,98,6.3,6.9,2.5,0,4.1,No,Single,4.3,1,6,0,5.5,99,100
24,Female,3,4,3.5,100,7,8.7,4.4,0.5,3.2,Yes,In a Relationship,4,1.5,11,3,1.5,96,100
28,Female,4,3.01,2.1,79,6.6,9.5,3,0.8,3.7,No,In a Relationship,4.6,2.6,7,2,5.1,93,88
18,Male,2,4,3.6,97,5.4,4.5,1.9,2.3,5.2,No,Single,4.3,0,4,0,7,98,100
24,Male,1,4,5.6,100,6.9,3.8,1.6,1.2,6.5,No,Single,3.8,1.5,22,2,5.6,100,100
19,Female,3,4,4.2,89,8.5,2.2,1.2,2.6,3.6,No,Single,2.7,0.8,9,3,3.8,97,100
22,Female,4,3.46,3.5,86,8.2,5.9,1.7,1.7,1.8,Yes,Single,4.7,2.7,15,3,4.3,100,96
20,Female,2,3.26,3.3,95,7.3,8.4,4.5,0.5,4.8,No,In a Relationship,4.6,1.7,22,3,2.3,92,90
18,Male,4,3.76,4,100,8.3,8.8,3.9,0,1.3,No,In a Relationship,3.8,0,9,3,5.8,100,95
23,Male,4,4,4.6,85,5.7,2.8,0.9,3.8,3.8,Yes,Single,3,0.8,6,2,6.1,100,98
25,Male,1,4,4.4,100,6.6,4.1,0.2,2.2,4.4,Yes,Single,3.6,2.6,21,0,2.1,100,100
23,Male,2,3.82,3,96,7.5,3.5,1.1,0.6,2.8,Yes,In a Relationship,4.5,2.1,7,1,3.9,93,79
23,Male,1,3.67,4,92,6.8,6.2,1.6,3.2,1.2,No,Single,2.9,0.2,10,5,2.9,100,100
24,Male,4,4,4.2,92,6.7,5.9,2.3,1.6,2.1,No,Single,4.9,0.2,9,1,1.1,100,95
18,Female,1,3.05,2,68,5.6,5.7,4.6,1.3,2.4,No,Single,3.9,1.3,13,0,4.7,93,82
22,Male,1,3.16,3.8,76,4.5,4.8,2,4.2,0.9,Yes,Single,4.4,1.1,3,1,6.6,90,80
23,Male,2,2.16,0.5,60,8,6,5.3,2.2,2.2,No,Single,5.4,0.9,15,1,5.2,75,65
18,Female,3,4,4.2,100,7.3,1.9,0.3,3.4,0.1,Yes,Single,2.7,0.8,14,0,1.9,100,100
27,Female,3,3.86,4.5,100,8.1,4,2.3,3.4,4.2,No,Single,4.7,0.6,16,1,6.1,100,84
25,Female,1,3.95,4.6,100,6.5,6.2,4,1,3.7,Yes,In a Relationship,5.2,3.5,16,2,1.3,100,100
20,Male,1,3.28,2.9,68,6.1,6.8,4.1,0.6,3.5,No,Single,3.6,0.8,14,1,1.5,87,87
22,Female,2,3.78,4,100,7,5.5,2.3,2.8,2.2,Yes,Single,4.7,0.5,10,4,4.7,100,100
23,Male,1,4,5.6,100,8,7.4,4.3,2.6,2.5,No,In a Relationship,3.1,1.7,12,0,1.4,100,100
18,Male,4,3.95,5.6,84,6.7,7,4,1.8,1.3,Yes,In a Relationship,5,1.1,9,3,3.6,100,100
22,Male,2,3.54,3.5,93,8,5.2,1.8,2.1,4,No,Single,4,0.3,13,5,4.5,91,96
28,Male,3,3.45,3.7,94,5.8,4.8,3.3,1.1,0.3,Yes,In a Relationship,5.9,0.9,8,7,2.6,100,94
24,Male,1,4,5.2,100,6.8,7,3.9,0.8,3.2,Yes,Single,4.5,1.1,13,0,7.8,100,100
28,Male,4,2.78,1.2,67,6.9,6.6,1.9,0.6,1.7,No,Single,3.7,1.6,10,1,6,85,82
21,Female,4,3.78,3,98,8.5,8.1,5.3,3.3,6.5,Yes,In a Relationship,2.7,1.5,8,1,4.6,100,86
23,Male,2,4,5.5,100,7.2,5.1,1.5,4.7,4.1,Yes,Single,3.4,0.2,17,2,3.4,100,100
28,Female,2,4,5,99,9.1,6.5,3,1.1,3,No,Single,4.2,1.8,16,1,2.7,100,92
26,Male,3,4,4.1,100,5.4,4.9,0.9,2.1,0.8,No,In a Relationship,6.4,2.1,12,2,3,100,91
28,Female,4,3.57,1.2,95,7.2,6.3,3,1.6,0.3,No,In a Relationship,4.2,0.1,3,2,4.4,93,96
28,Female,2,3.92,3.4,93,7.2,5.2,1.2,2.2,4,No,In a Relationship,4,0.4,8,0,3.1,90,100
20,Female,4,3.63,2.6,85,7.7,6,2.4,0.7,6.6,Yes,Single,3.7,1,12,4,1.9,100,87
27,Female,4,3.97,4,92,6,4.2,0.4,1.5,3.8,No,In a Relationship,2.8,1.4,14,0,7.7,100,93
19,Male,3,3.89,2.3,100,9,7.5,4,0.3,3.4,Yes,In a Relationship,4.5,1.5,14,3,0,100,100
25,Female,4,3.41,2,76,7,5.1,3.3,1.4,3.4,No,In a Relationship,3.4,1.2,13,3,2.8,93,92
20,Male,4,2.11,0.5,58,5.7,6,4.4,1.9,3.2,No,Single,5.4,0,12,1,2.8,56,65
19,Female,4,4,5.3,100,7,4.9,2.3,3.8,3.4,No,Single,3.6,2.2,11,0,3.9,100,98
24,Female,2,3.69,2.9,80,6.6,9.4,4.5,0.8,1.6,No,Single,5.6,0.2,9,4,4.5,100,97
25,Male,2,4,3.7,95,10,5.7,2.9,2.1,1.1,No,Single,4,2.6,20,2,2.9,100,89
22,Male,2,3.93,3.5,89,8.3,6.4,3,4.1,3.2,No,In a Relationship,3.1,2.4,17,5,5.8,100,91
24,Male,1,2.74,1.9,70,7.1,6.6,6,1.5,6,No,Single,4.7,0.1,15,2,3.7,79,83
19,Female,1,3.58,1.6,82,6.9,5.3,2.1,0,4.6,No,In a Relationship,3.4,1.6,6,3,3.4,88,87
25,Male,2,3.54,2,92,8.1,7.7,4.6,0,0.5,No,Single,3.8,2.6,6,4,4.2,78,100
28,Male,3,3.42,2.4,78,8.2,3.3,3.5,1.8,2.5,No,In a Relationship,3.7,1.8,12,0,4.4,97,80
28,Female,1,3.59,4,81,3.5,5.2,1.9,1.1,4.5,No,Single,4.1,0,9,1,2.5,100,88
19,Female,3,3.73,2.3,93,7.8,1.8,0.8,0.8,6,No,In a Relationship,1.3,1.2,6,2,3,100,96
20,Male,1,4,6.1,100,7,3.4,1.3,4.3,6.6,No,Single,1.9,2,13,1,4.2,100,100
18,Male,4,3.59,5,100,5.4,8.7,4.5,1.9,2.6,Yes,In a Relationship,5.1,2.9,3,2,3,100,97
25,Male,4,4,4.7,100,8.1,8.6,5.4,2.1,4.6,Yes,In a Relationship,4.5,1.1,12,2,6.4,100,92
23,Female,2,4,3.3,84,9.7,5.4,2.9,2.3,3.5,Yes,In a Relationship,1.8,0,15,1,3.1,95,89
20,Female,3,4,5.8,94,7.7,5.4,3,0.8,2.8,Yes,Single,5.1,3.4,14,3,5.7,100,84
21,Male,2,3.53,3.2,96,8.3,6.5,4,2.1,3.1,No,Single,4.7,1.1,3,1,4.3,89,100
20,Female,4,4,3.5,100,9.2,6.1,2.9,0.4,3.1,Yes,Single,3.2,2.6,3,0,4.5,100,100
27,Female,3,4,3.8,100,6,6,4.4,1.5,5.4,No,In a Relationship,3.4,0.9,11,3,6.6,100,100
19,Female,4,3.94,4.6,99,4.8,7.5,3.2,1,0.2,Yes,In a Relationship,5.3,1.7,9,4,5.1,100,100
20,Male,1,3.59,4.5,97,7.8,4.6,3,0,3.9,No,In a Relationship,3.4,0.5,6,1,0,100,100
26,Female,3,3.62,2.8,98,6.7,2.7,1.8,1.2,6.1,Yes,Single,2.1,0.5,1,1,5.7,95,100
18,Male,1,3.06,2.7,79,5.4,5.6,1.4,1.2,5.9,Yes,In a Relationship,2.3,3,8,6,4.2,94,91
24,Female,3,4,4.5,100,6.9,2.5,0,0.6,4.1,No,In a Relationship,3.5,2.1,11,3,2.8,100,100
18,Female,3,3.97,4.6,100,7.9,7.8,4.7,1.5,1.5,No,In a Relationship,4.5,1.2,11,1,0.8,100,100
26,Female,3,3.66,2.9,83,6.8,6.4,2.6,0,4.6,No,Single,4.6,2.1,6,2,2.6,94,94
23,Female,2,2.98,1.1,68,6.1,4.3,2.2,0,5.6,No,In a Relationship,3.6,0.5,7,1,4.4,89,78
24,Female,1,3.69,3.2,97,6.7,3.2,0,0,2,No,Single,4,1.2,10,2,4.7,98,83
19,Female,3,4,4.4,100,7,5.6,1.8,1.3,3.7,Yes,In a Relationship,4.2,1.3,8,0,5.3,100,94
18,Female,4,3.94,6.2,100,4.7,6.6,1.6,2.1,2.6,No,In a Relationship,4.9,0.4,14,3,3.4,100,100
26,Male,4,2.68,1.7,72,6.8,4,1.6,1.8,1.8,No,In a Relationship,5.1,0.3,15,3,3,81,78
20,Female,2,3.47,2.9,83,5.4,5.7,3.3,3,2.4,No,In a Relationship,5.1,0,14,2,2.4,85,89
22,Female,2,3.98,2.9,97,7.8,6.7,3,2.1,3.3,No,In a Relationship,2.3,0.2,7,1,5,100,100
22,Female,2,4,5.5,100,5.1,4.1,0.8,1,1.2,Yes,Single,3,3,14,2,4.9,100,87
26,Male,4,4,3.4,100,8.2,3.7,0.9,0.7,0.8,No,Single,2.7,0,14,2,3.1,97,100
26,Female,4,3.25,2.1,95,6.5,5.8,0.9,3.2,1.2,No,Single,4.6,1.2,19,1,3.4,74,97
22,Male,1,3.51,4.3,97,6.3,6.5,5.5,4.4,3.7,Yes,Single,4.9,1.4,22,1,2.5,97,94
26,Female,3,3.14,2.9,75,7.4,6.3,5,1.8,0.1,Yes,In a Relationship,5.6,1,18,0,4.9,96,86
24,Female,4,2.85,1.7,83,6,2.5,1.5,2.4,0,No,Single,5,2.1,10,2,3.1,91,84
24,Female,2,4,2.2,100,7.3,4.4,0,0,5.7,No,In a Relationship,2.5,0.9,8,1,3.3,96,100
18,Female,4,4,6.1,100,6.1,6.6,3,0,1,No,In a Relationship,2.6,2.2,11,2,0,100,95
28,Male,2,3.66,4.1,100,6.3,4.3,2.9,3.3,2.6,No,Single,3.2,1.7,9,1,4.1,100,94
19,Female,2,3.35,3.7,100,7.5,6.2,3.3,0,4.8,No,Single,5.5,0,22,3,5.1,99,100
22,Male,1,3.08,3.1,76,5.6,6.9,3.9,2.5,0.1,No,In a Relationship,5.9,2.4,17,0,3.7,85,83
26,Female,3,3.84,3.9,100,5.5,3.8,3.5,4,0.1,Yes,Single,2.8,0.9,15,1,5.1,100,100
27,Female,1,3.76,3.9,100,7.3,4.3,1.1,3.6,1.7,No,In a Relationship,3.6,0,16,1,7.2,97,98
25,Female,1,3.78,3.9,93,7,4.8,3.2,1.2,4.9,No,Single,5.7,1.7,19,3,5.9,100,94
24,Female,3,3.66,3.7,100,7.2,7.9,4.1,1,3,No,Single,4.8,0.9,15,4,1.2,100,100
21,Male,4,4,4.8,100,7.4,3.3,1.7,1.8,3,Yes,In a Relationship,3.5,2.8,11,0,3.4,100,100
24,Male,4,3.46,3.5,92,7.1,6.5,3.2,0.1,2.4,Yes,In a Relationship,2.5,2.3,16,2,5.5,94,96
26,Female,2,2.97,2,78,7.7,6.6,2,1.4,4.1,No,In a Relationship,3,0.3,16,3,3,86,96
26,Male,1,3.47,2.6,73,7.1,10,5.8,2.9,5.9,No,In a Relationship,3,2.1,6,3,5,95,69
20,Female,3,2.7,0.5,72,4.6,4.4,0.8,4.4,9,Yes,In a Relationship,1.7,0.5,24,5,1.9,92,82
24,Female,3,4,6.5,100,4.9,7.4,4.5,3,2.7,No,In a Relationship,4.1,0,9,2,2.9,100,100
24,Female,2,4,4.8,100,9.3,1.5,0.3,3,6.1,No,Single,3.4,0.6,20,5,1.3,96,91
26,Male,2,3.39,2.3,82,7,8,5.5,3.4,5,Yes,In a Relationship,5.5,0,11,0,3.8,100,79
26,Male,3,4,3.1,100,8.1,3.8,1.1,0,3.5,No,In a Relationship,4.3,1.2,18,1,5.9,90,88
18,Male,1,3.33,2.5,87,6.6,5.7,3.1,1.6,0,Yes,In a Relationship,3.6,3.1,12,2,2.9,100,100
22,Male,4,4,5.8,100,6.9,1.6,0.4,0,2.2,No,In a Relationship,3.5,1.3,5,2,2.7,100,85
18,Male,4,3.3,1.4,84,6.5,4.3,0.8,0.1,2.3,Yes,Single,2.6,1.7,17,1,7.8,82,77
22,Male,2,4,3.7,99,10,5.7,4.1,1.3,3.7,Yes,Single,2.5,0.2,19,2,5.9,100,99
22,Male,3,3.38,3.3,92,7.3,9.2,4.3,3.5,2.6,No,In a Relationship,5.1,0.7,12,1,5.1,100,100
25,Male,4,4,4.7,100,6.4,6.4,3.2,1.1,1.9,No,Single,4.8,1.7,16,1,4.8,100,100
19,Male,2,3.15,3.3,81,5,8.1,3.9,0.8,7.1,No,Single,4.7,1.1,9,3,7.2,100,87
25,Female,4,3.59,0.9,66,9.4,8.6,4.4,1.3,5.6,No,In a Relationship,2.1,0.5,12,4,8.3,100,95
27,Male,3,3.94,3.1,94,6.8,7.3,1.8,1.4,0,Yes,Single,4.5,2.2,18,1,4.5,100,100
23,Male,3,3.56,2,90,7.9,3.9,0.7,0,2.4,No,Single,3.4,1.3,14,3,6.2,100,93
24,Male,4,4,3.6,99,8,5.3,2.8,3.1,4.3,Yes,Single,2.8,3.3,15,4,7.6,100,91
18,Male,1,4,5.7,100,6.4,4.5,1.9,1.3,5.7,Yes,In a Relationship,3.1,1.9,17,1,4,99,100
21,Female,3,3.11,0.9,75,7.8,8.2,3.4,0.4,2.2,No,In a Relationship,2.5,0.1,20,0,3.9,78,90
23,Male,4,3.31,2.3,80,6.3,5,3.6,2.7,2.6,Yes,Single,2.6,1.3,18,1,2.5,95,90
24,Male,3,3.48,2.7,91,5.8,3.7,1.8,0.2,3.2,No,Single,6.1,0,14,2,0.5,93,93
23,Male,4,3.68,2.9,81,8.4,7.2,3.9,2.4,4.3,No,In a Relationship,4,3.2,12,2,2.4,100,100
24,Female,4,3.65,4.6,99,6.8,6.6,3.8,1.5,0,Yes,Single,4.8,0.2,13,1,5.1,100,100
20,Female,3,3.82,3.2,89,7.6,8.1,3.9,0,0,Yes,Single,5.7,2.3,6,1,4.5,99,80
22,Female,3,3.93,4.1,100,7.5,3.6,2.2,2.2,5.5,Yes,In a Relationship,2.3,2.2,13,4,4.8,100,84
24,Female,4,3.52,2.6,82,7.8,6.9,4,0,1,No,Single,4.8,0.5,6,3,5.8,100,97
23,Female,4,3.77,3.8,90,5.1,6.4,3.6,1.3,7.2,No,Single,5.3,1.5,10,1,4.9,91,100
20,Female,3,4,4.7,97,6.3,5.5,3.8,0,1.3,No,Single,4,1.5,16,0,5.5,100,90
25,Female,3,3.31,2.4,60,6.6,9.4,5.3,2.5,2.6,No,In a Relationship,4.8,2,10,3,5.7,100,82
28,Female,2,3.63,4.7,94,6,6.2,3.3,0.4,3.7,Yes,In a Relationship,3.1,1.4,19,3,0.8,100,100
20,Female,1,4,3.6,96,7.5,4.7,1.9,1.5,0,No,In a Relationship,5,0.5,12,3,3.1,100,97
19,Female,1,4,5.1,100,8.4,3.1,1.1,2.6,8.7,Yes,In a Relationship,2,1.8,18,1,2.5,100,100
20,Female,4,3.35,3.2,90,8.6,7.1,4.5,0,2.2,Yes,In a Relationship,5.5,1.8,11,1,2.9,94,72
22,Female,2,3.45,4.1,100,6.6,5.1,3.3,0.3,1.3,Yes,In a Relationship,5.6,0.3,11,1,6.4,100,97
23,Female,2,3.01,3.4,96,7.4,9.3,5.3,0,0.7,Yes,In a Relationship,5.1,0,18,2,2.4,97,92
28,Male,3,3.36,3.4,84,7.5,4.2,0,0.1,3.7,No,In a Relationship,3,1.8,11,2,5.3,100,93
28,Female,4,3.55,3.9,100,7.7,9.2,4.2,3,3.6,No,In a Relationship,4.7,1.6,14,4,2.9,100,99
20,Female,3,3.33,4.3,100,5.9,5.9,2.4,1.6,0.7,No,Single,5.5,1.6,10,1,3.8,100,99
20,Male,4,3.4,1.6,84,9.2,4.9,2.3,1,0.3,No,Single,5.1,2.5,1,1,6.4,87,95
28,Male,2,4,5.7,94,8.1,4.1,1.7,0.1,5.1,Yes,In a Relationship,1.7,2.1,9,1,7.4,100,100
21,Male,2,3.28,0.7,79,8.1,7.7,4.1,0.9,1.7,Yes,Single,2.6,2.5,19,5,3.7,83,82
20,Male,4,3.89,2.5,83,8.4,6.9,3.7,1,0,No,Single,3.5,2,14,0,4.2,99,85
23,Male,4,3.86,3.4,98,7.6,3.9,1.1,0.4,2.7,Yes,In a Relationship,3.7,1.3,16,4,6,100,100
21,Female,4,3.18,4.1,87,5.8,5.7,3,2,2.2,No,In a Relationship,5.1,0,17,4,3.9,100,88
18,Female,4,4,5.9,100,6.8,8.3,3.9,0.3,6.9,No,In a Relationship,3.2,2.7,16,1,2.8,100,94
18,Female,4,2.65,0.7,76,5,5.6,3.1,0,2,No,In a Relationship,4.8,1,20,2,3.4,78,74
20,Female,3,4,2.7,98,7.5,9.1,4.5,0,2.4,No,Single,3.9,0.6,10,2,4.5,100,99
25,Male,2,2.4,0.5,69,6.8,5.6,2.4,0.9,3.4,Yes,In a Relationship,3.8,1.8,19,4,3.2,75,78
25,Male,3,4,3.5,100,7,2.6,0,3.3,1.9,No,Single,2.5,0,15,0,1.6,100,100
22,Male,3,4,3.9,94,8.4,5.2,3.1,3.4,3.9,No,Single,5.2,0.5,14,1,1.8,100,92
27,Female,4,4,5.9,100,6.5,5.9,3.1,0,1,No,In a Relationship,6.1,0.6,2,2,4.6,100,99
21,Female,1,3.2,3.7,81,6.7,6.9,3.3,0.3,2.5,Yes,Single,5.2,0.5,14,1,2.5,100,82
20,Male,2,4,5.1,100,7,7,4.5,0,3.8,No,Single,4.6,3.1,17,2,5.2,100,100
25,Male,4,3.72,4.4,99,4.8,4,0,1.2,5.3,No,Single,4.4,1.1,13,3,5.7,100,100
27,Female,4,3.17,2.8,87,6.7,4.9,2.4,0.6,1.8,Yes,Single,4.4,0.6,18,5,1.5,100,100
27,Female,1,3.04,1.4,72,4,4.3,1.4,1.8,1.8,No,Single,5,1.2,18,1,5.6,92,75
19,Female,3,3.99,3.9,90,6.3,2.5,1,0.3,6.1,No,Single,1.2,2.1,11,4,5.5,100,98
28,Female,3,3.15,1.3,85,8,6.4,2.7,2.7,1.9,No,In a Relationship,4.2,0,13,1,0.6,96,76
26,Male,4,3.89,5.4,100,7.5,6.6,3.9,2,2.9,Yes,In a Relationship,3.1,1.3,11,1,2.9,100,87
28,Female,2,3.37,3.3,96,6.3,8.2,3.3,1.2,6.4,Yes,Single,3.4,0.7,10,1,2.1,100,91
26,Female,1,4,5.3,100,7,5.6,1.8,0.4,3.1,No,In a Relationship,3.8,1.5,12,1,5.8,100,94
19,Male,3,3.33,2.8,88,5.7,5.7,2.6,4.4,2.5,Yes,Single,3.6,0.1,13,1,8,96,88
20,Male,4,4,3.9,100,7,8.7,4.2,1.5,2.7,Yes,In a Relationship,5.2,1,2,4,5.4,100,92
18,Male,1,3.55,3.8,93,10,7.3,3.8,1.1,1.5,No,In a Relationship,4.8,1.1,12,1,7.3,93,89
25,Male,3,4,3.4,94,9.2,6.2,2,1.8,3.9,No,Single,1.9,0,14,5,6.3,100,100
19,Female,4,3.78,2.9,87,7.1,3.9,1.9,0,1.2,No,In a Relationship,4.2,3.1,13,1,5.3,100,94
23,Female,2,3.98,4.1,94,7.2,3.8,0.2,0.6,4.6,Yes,In a Relationship,1.4,1.6,12,0,1.8,96,100
24,Male,2,3.69,2.1,95,5.8,5.8,2.2,2.4,3,Yes,Single,3.1,2.1,7,1,5.6,100,97
22,Male,4,2.6,1.7,65,6,1.3,0.2,2.6,3.5,No,Single,3.6,0.8,5,0,5.7,78,72
22,Male,4,3.49,5.4,91,7.4,10.7,5.9,2.2,6.5,No,In a Relationship,5.2,1.4,9,1,7,100,99
28,Male,3,3.79,4.6,100,6.4,3.1,1.5,0,0.1,No,In a Relationship,2.8,0,3,1,3.8,100,100
19,Female,1,3.55,3.6,87,8.1,5.9,4.5,1.3,3,No,In a Relationship,6.4,0.6,12,2,3.7,100,99
21,Male,1,4,6,100,8.9,5.1,5.5,0.4,4.3,No,Single,3.7,0.3,8,1,3.7,100,95
26,Male,4,3.56,3.1,90,7.4,6.7,3.1,2.1,1.8,Yes,In a Relationship,4.5,1.5,13,1,2.3,96,96
24,Female,1,4,5.5,100,7.1,3.6,2.6,1.7,4.9,No,Single,3,2.9,9,1,2.8,100,96
23,Female,1,3.57,3.8,96,5,3.2,0.8,2.5,1.9,Yes,In a Relationship,3.9,2.1,2,1,1.1,100,91
23,Female,3,4,2,83,7.9,6,2,1,3.6,No,In a Relationship,4.8,3,7,3,4.7,100,95
19,Male,3,3.98,6.3,100,5.6,8.4,5.2,1.6,2.8,No,In a Relationship,7.1,2,13,2,3.4,100,100
26,Male,2,3.52,5,100,6.5,5.6,3.3,3.4,3.3,Yes,In a Relationship,2.7,1.6,16,0,0.5,97,100
24,Female,3,4,3.3,100,8.2,3.9,2.8,3.5,3.1,No,Single,3.1,0.3,11,3,6.3,100,100
23,Female,1,3.63,4.6,94,8.2,7.7,4.8,2.8,2.9,Yes,In a Relationship,7.4,1.5,13,1,2,86,93
19,Male,1,3.19,2.9,90,6.4,7.8,3.8,0,2.1,Yes,In a Relationship,4.4,0.7,11,0,6.5,97,100
21,Male,1,4,4.7,100,6.5,6.4,2.6,0.9,1.7,Yes,In a Relationship,4.8,2,11,4,7,100,93
26,Female,2,2.71,0.5,59,6.2,8.2,3.1,3.2,3.6,No,In a Relationship,5.5,0,8,2,0.9,77,88
27,Male,1,3.1,2,73,5.6,3.8,1.6,1.4,3.1,No,In a Relationship,4.9,1.1,12,1,0.3,98,93
19,Female,1,4,5,100,6.2,3.4,2,0.6,1.6,No,In a Relationship,1.5,1.2,9,2,2,100,97
27,Male,3,3.25,3.1,81,5.1,5.9,2.5,1.7,3.7,No,In a Relationship,4.8,3,19,0,4.6,100,92
19,Female,1,4,3.8,95,7.8,6.9,3.6,0.7,2.1,Yes,Single,6,0.2,9,1,1.7,100,100
18,Male,2,3.56,1.5,82,7.5,3.9,0.9,1.7,6.1,No,In a Relationship,2.5,2.4,13,2,3.4,96,85
28,Female,3,4,6.3,100,7.7,5,2.9,1.7,8,Yes,In a Relationship,1.8,2,7,1,1.9,100,100
21,Male,3,4,5.3,100,5.9,2,2.2,0.7,5.8,No,In a Relationship,2.6,0.9,11,2,1.8,100,100
27,Male,1,3.66,3.2,92,5.6,3.2,1.4,1.8,5.7,No,Single,3.3,1.6,7,2,2.3,100,96
21,Female,2,3.31,2.9,84,7.1,5.9,2.2,0.9,4.6,Yes,In a Relationship,4.2,1,9,5,3.6,88,81
24,Male,1,3.87,5,100,7.1,3.3,0,0.8,2.6,No,Single,5.9,1.2,17,0,7.5,100,86
20,Male,4,4,6.5,100,6.8,5.9,1.7,1.9,0,Yes,Single,4,2,12,2,4.1,100,93
21,Female,3,4,4.9,100,6.7,4.6,1.2,2.3,0.9,Yes,Single,4.5,3.7,16,2,3,100,100
20,Female,3,4,6.8,100,9.1,6.3,2.4,1.6,1.6,No,In a Relationship,1.9,2.2,11,2,2,100,98
20,Male,4,3.78,2.1,97,7.5,3.9,0,0.1,5.4,No,Single,1,1.4,16,4,3.3,100,92
27,Female,1,4,2.3,98,9.4,6.1,3.1,0.3,3.5,No,Single,2.8,2.6,16,0,5.6,99,100
28,Female,4,3.75,1.7,77,8.5,7.2,4.2,3.2,1.7,No,Single,4.8,0,16,2,5.1,86,77
28,Male,1,4,4.2,100,9,2.1,2.6,1.2,0,No,In a Relationship,3.8,0.8,17,4,2.4,100,100
23,Male,4,3.67,3.8,82,5.7,5.7,3.5,0.6,7.6,Yes,Single,3.9,1.3,14,0,2.5,100,94
20,Male,4,3.86,3.3,90,7.7,4.3,2,4.1,4.1,Yes,In a Relationship,3,0.2,10,1,3.9,100,100
23,Male,2,4,4.7,100,6.5,3.4,0.5,3.2,4.8,Yes,Single,2.9,0.7,5,2,5.3,100,99
20,Male,2,3.98,5.3,100,5,4.7,2.8,2.9,1.9,No,Single,4.7,0,8,1,5.6,100,97
21,Female,1,2.71,1.2,80,8.8,7.9,3.8,1.5,2.7,No,In a Relationship,2.6,0,14,1,2.9,83,77
24,Female,1,3.56,2.6,88,6.6,2.7,0.8,1.2,2.3,Yes,In a Relationship,2.1,1,18,3,1.6,94,100
27,Female,2,3.79,4.7,100,5.7,6.4,2.1,1.2,3.1,No,In a Relationship,5.6,0.3,14,1,5.7,100,99
18,Male,1,3.47,2.8,92,6.5,4.2,2.4,1.1,6.7,No,Single,2.5,1.6,10,4,6.5,93,93
24,Male,1,3.09,2.3,86,6,9.4,7.1,2.1,0.6,No,Single,6.4,1.5,10,0,2.4,100,86
18,Female,1,3.3,5,96,6.2,5.3,3.1,2.6,2.9,Yes,Single,5.7,1.6,12,1,0,100,100
27,Female,2,2.83,1.6,77,6.7,2.4,0,0,3.7,Yes,In a Relationship,2.6,0.7,15,2,2,96,85
18,Female,2,4,3,93,9.1,4.4,0,0.3,2.8,Yes,In a Relationship,3.1,2.3,12,2,3,95,95
27,Male,1,3.83,4,98,6.2,6.5,3.9,0.7,5,No,In a Relationship,3.5,1.7,10,1,5.9,100,100
20,Male,3,3.37,2.6,96,9,9.1,6.5,0,0,No,In a Relationship,7,1.4,8,2,5.2,81,85
20,Female,2,4,4.7,100,8,4.5,2.4,1.8,6.8,No,In a Relationship,3,1.4,8,4,1.8,100,100
20,Female,4,3.7,2.6,96,7.5,5,2.3,0,0.3,Yes,Single,4.2,1,9,2,8.9,100,94
24,Female,4,4,5.6,100,7.9,6.7,3.4,3,0.7,Yes,In a Relationship,4.3,2.5,12,4,6.6,100,100
18,Female,1,3.86,3.3,84,7,4.3,1.6,1.3,2.1,No,Single,4.5,2.3,8,2,2.1,100,94
18,Female,2,3.61,4.5,100,8.5,2.8,0,1.6,1.7,No,Single,2.9,0.8,9,4,2,100,100
26,Male,4,4,4.6,100,7.7,8.6,4.4,2.5,3.8,Yes,In a Relationship,1.1,1.4,15,1,6.5,100,94
25,Female,1,3.42,2.6,89,5,5.2,1.9,1.9,3.6,No,Single,3.8,0.8,15,2,0.5,92,93
24,Male,2,2.45,0.5,76,7.4,6,4.4,1.6,3.2,Yes,Single,4.9,3.7,20,3,2,65,73
22,Female,2,3.41,4,87,7.9,4.6,1.7,1,0.2,No,Single,2.9,0.9,14,1,2.4,94,99
24,Male,2,3.7,3.6,89,6.7,5.4,3,1.2,2.7,No,Single,3.8,2.4,5,2,4,90,87
19,Male,2,3.68,4.3,100,7.2,7.7,4.1,0.6,3,No,In a Relationship,4.1,3.9,4,5,2.8,99,98
28,Female,4,3.12,3.2,85,6.3,7.5,4.4,2.7,5.5,Yes,Single,6,1.5,13,3,2.9,80,89
23,Female,3,3.4,2.9,84,5.3,7.5,3.1,2.2,3.4,Yes,Single,5.3,0,12,1,1.8,94,86
28,Female,4,4,6.5,100,5.1,5.2,3.1,4.2,3.8,Yes,In a Relationship,5,2.7,11,2,6.2,100,100
19,Male,1,3.1,1.3,73,5.2,6.5,3.7,2.2,6.9,Yes,Single,3.1,0.7,6,1,5.7,100,75
25,Female,4,4,4.6,100,7.8,5.2,3.5,1.7,0.7,No,Single,3.8,0.5,7,1,5.9,100,100
23,Male,2,3.42,2.6,84,4,3.8,0.9,1.9,2.2,Yes,In a Relationship,5.4,3,17,4,3.9,100,93
21,Male,2,4,3,98,6.2,2.1,0.9,0.6,0.7,No,Single,4.7,0,17,0,1.6,100,100
26,Male,4,3.78,3,97,6.1,3.4,0,3.1,6.2,Yes,In a Relationship,1.2,2.6,13,2,3.2,100,90
23,Male,1,2.69,2.3,77,6.7,6.8,3.9,1.3,6.3,No,In a Relationship,5.4,1,15,4,4.3,89,95
21,Female,4,3.35,4.4,88,4.8,5.4,2.2,0,6.1,No,In a Relationship,3.1,0,6,3,3.3,95,100
23,Male,3,3.79,5.6,100,7.5,7.9,4,0,4.1,No,Single,4.5,2.1,14,1,6.2,100,100
22,Female,1,3.77,4.2,100,5.5,6.7,3.4,1.3,3.8,No,In a Relationship,7.4,0,9,0,5,100,81
22,Male,4,4,3.7,97,8.4,2.8,1.3,0,2.1,No,Single,2.7,1.2,18,1,3.3,100,99
27,Male,2,3.07,2,86,6.3,4.9,2.6,0.2,4.5,No,Single,4.1,0,14,1,0.9,86,96
28,Female,1,3.4,4.3,98,6.9,5,2.1,2.5,0.4,Yes,In a Relationship,3.8,0.9,4,2,3.3,92,97
21,Female,1,4,6.7,100,7,4.5,1.9,2.6,0.4,Yes,Single,4.4,1.9,6,1,7.5,100,100
26,Male,1,3.4,2.9,96,7.3,7,4.2,2.3,2.2,Yes,Single,6.1,1.6,12,3,4.5,92,96
27,Female,4,2.95,2.9,82,7,11.5,6.6,2.5,6.8,No,In a Relationship,4.6,1.4,7,2,4.9,100,86
27,Female,1,3.46,2.7,78,6.5,7.6,4.5,2.3,2,No,In a Relationship,4.8,2.2,18,0,1.2,86,86
20,Female,3,3.45,2.8,100,7.4,6.3,2.8,2.5,2.2,No,Single,5.2,1.2,3,0,5.7,100,94
28,Female,3,2.8,0.5,64,7.6,5.3,4.7,2,3.6,No,In a Relationship,3.2,1,12,1,4.6,73,77
23,Male,1,3.73,4.1,96,6.1,9.3,5.4,2.3,4.8,No,In a Relationship,5.1,1.5,4,2,2.2,100,98
26,Female,3,3.55,2.2,77,7.5,7.1,0.7,3.6,5.5,No,Single,1.8,0.5,10,4,3.2,91,88
24,Female,3,3.04,1.1,86,8.4,9.2,4.6,1.2,0.8,No,In a Relationship,4.5,2.1,6,0,3.1,84,77
21,Female,2,4,4.6,100,7.8,6.5,4,4.5,2.8,No,In a Relationship,3.4,1.3,12,1,6,93,94
25,Female,4,3.09,1.9,80,8.1,10.3,4.6,1,3.4,No,Single,2.9,1.9,7,2,7.1,95,84
19,Male,2,3.55,3,79,7.2,7,4,0.9,3.6,Yes,In a Relationship,2.2,1,9,0,3.5,92,86
26,Female,4,4,5.7,100,5.9,5.9,2.5,1.9,4.7,No,In a Relationship,3.5,1.7,17,1,6.1,100,100
24,Male,2,2.4,1.4,71,6,8.5,5.8,1,4.6,Yes,Single,5.5,1.9,10,1,2.1,76,75
25,Male,4,2.92,1.2,94,7.4,5.9,3.3,0,3.1,No,In a Relationship,4.9,0,1,5,3.5,85,74
24,Female,4,3.98,3.9,95,8.1,2.4,2.1,0.3,5.3,No,In a Relationship,1.6,0,11,1,2.3,89,100
26,Male,1,4,5.2,99,10,7.5,3.6,0.7,4.9,Yes,In a Relationship,3.1,0.6,19,1,5.1,100,85
18,Male,1,2.77,1.1,78,8.2,6.9,4.3,1,4.8,No,In a Relationship,4.4,1.1,14,0,1.7,76,86
25,Male,2,3.79,4.1,99,5.6,5.7,2.9,0,1.9,No,In a Relationship,5.2,2.5,17,1,4.9,100,100
25,Female,1,3.9,4.4,90,6.1,6.7,3.4,0.6,4.4,No,In a Relationship,4.6,1.7,9,1,4,100,88
28,Male,1,2.75,0.5,85,9.7,5.4,2.9,0.7,5.4,No,Single,1,1.7,15,1,3.1,78,83
22,Female,1,4,4.7,100,6.7,5.1,1.8,0.5,2,No,Single,3.9,2.7,10,3,4.4,100,100
28,Male,3,4,4.8,100,7.1,6,1.6,1,3.3,No,Single,3.4,2.6,14,4,3.3,100,100
18,Male,3,3.34,3,96,5.8,4.2,0.7,2.6,6.1,No,In a Relationship,3.6,0.2,18,1,8.4,99,96
21,Female,3,4,5.4,100,8.9,7.9,5.1,2.7,3.8,Yes,Single,5.6,2.4,7,1,1,100,100
18,Male,3,4,5.2,100,7.6,5.4,2.5,1.8,2.8,No,In a Relationship,3.5,1.3,3,1,5.1,100,92
26,Female,3,3.59,3.7,85,6.1,3.2,0,2.9,5.9,No,Single,2.3,0.7,10,4,6.4,100,80
25,Female,1,2.95,2.8,79,5.8,5.4,3.4,1.6,2.1,No,Single,5,0.9,14,6,4.4,87,85
20,Female,4,3.41,2,100,7.4,6.6,3.4,3,0,Yes,Single,4.8,0.6,20,1,2,100,78
28,Female,2,3.82,3.4,98,7.1,3.8,0,2,1.4,No,Single,3.7,1.3,12,2,7.1,100,99
21,Male,1,3.95,4.4,95,8,4.7,1.6,0.6,5.3,Yes,In a Relationship,3.3,1.1,15,2,0,100,97
19,Male,3,4,3,100,7.7,4,1.5,0.7,4,No,In a Relationship,2.9,2.4,9,1,3.9,100,97
27,Male,4,3.21,0.5,73,6.7,4.4,1.7,2.2,3.1,No,Single,4.2,3.1,9,1,2.8,95,92
20,Female,3,3.86,5.4,100,6.3,8.4,4.6,2.5,5.1,Yes,In a Relationship,4.4,0.8,14,0,9.3,100,94
21,Female,1,3.95,3.8,97,6.8,4.3,2.6,0.2,3.3,Yes,In a Relationship,2.5,0,20,3,2.4,100,89
26,Male,4,3.74,2.9,100,6.3,4.2,2.2,4.2,2.6,Yes,In a Relationship,3,1.9,12,3,0.9,100,99
28,Female,1,4,4.8,88,6.8,5.6,4.5,2.7,4.7,No,Single,2.1,2.1,13,2,2,100,100
19,Male,3,4,5.8,100,7,6.5,3.5,1,2.2,No,In a Relationship,6.2,1.6,9,2,5.5,100,100
23,Female,2,3.32,0.5,81,5.9,4.2,0.2,0.2,4,No,In a Relationship,4.5,0,9,1,8.3,76,97
24,Female,4,4,4.2,100,7.8,6.5,1.9,0,1.4,No,In a Relationship,4.8,0.4,18,3,2.5,100,100
25,Male,2,2.93,1.4,70,6.6,8.2,3.3,3.3,0.9,Yes,In a Relationship,4.6,1.3,5,1,2.8,89,89
28,Female,3,3.97,4.2,97,6,3.6,1.4,2.6,1.3,No,In a Relationship,5.2,0.6,8,3,3.3,100,100
24,Female,4,3.56,3.7,88,6.6,9.1,5.8,1.5,2.9,Yes,In a Relationship,6.3,0.2,11,4,5.8,100,95
26,Female,2,4,4.5,100,7.3,5.5,3,2,1.7,No,In a Relationship,2.9,3.3,13,2,2.8,100,95
27,Female,2,3.67,2.8,100,7.1,6.7,1.7,0,1.8,No,Single,3,0.2,12,3,4.7,100,100
28,Male,3,3.25,0.7,75,7.5,5.7,1.1,0,2.7,Yes,In a Relationship,3.8,2.4,16,1,2.8,80,91
24,Male,3,3.72,2.8,100,8.1,7.4,4.2,2.1,2.9,Yes,Single,3.8,1.6,27,1,3.3,93,97
23,Male,3,4,4.1,100,8.6,4.1,1.8,1.8,0,No,Single,3,1.8,7,0,2.8,100,100
19,Male,4,4,5,100,7.3,2.3,3.4,1.7,0,Yes,Single,5.6,2.3,13,1,4.8,100,100
18,Female,3,3.68,1.7,79,5.7,2.4,1.1,3.5,3.8,Yes,Single,2.9,0.5,9,2,2.9,92,91
23,Male,1,3.64,5,98,6.7,3.7,2.9,2.4,3.3,Yes,In a Relationship,6.6,0.9,17,2,7.6,100,100
23,Female,3,3.23,2.5,90,5.8,3.1,1.8,0.9,0.3,Yes,In a Relationship,6.2,1.7,21,0,1.5,95,96
21,Female,4,3.98,4,100,9,7.6,2.3,0.9,3.9,No,In a Relationship,2.8,0,12,3,5.1,100,100
18,Male,1,3.79,2.7,91,9.4,3,1.6,2.3,3.9,No,Single,3.8,2.8,17,3,5.3,88,93
28,Female,1,3.72,3.8,100,7.8,6,4.3,2.2,2.4,Yes,In a Relationship,4.7,1.3,7,1,3.9,97,100
21,Female,3,3.85,4.8,100,8,4,2.1,3.9,6.9,No,Single,2.2,0.3,18,2,0,98,93
28,Female,1,3.56,1.7,85,7.3,8.7,2.6,0.6,5.5,Yes,In a Relationship,5.4,2.3,21,4,3.7,88,100
24,Female,3,3.55,2.5,95,7.4,5.6,2.7,0.3,2.2,No,Single,4.4,1.3,11,1,2.6,100,100
26,Male,2,3.38,3.8,93,5.1,9.4,5.2,1.7,2.2,No,Single,5,0.5,15,1,3.5,100,92
18,Male,4,4,7.1,100,6.9,7.3,4.1,1.6,0.1,No,Single,5.7,2.1,6,3,3.6,100,98
26,Female,1,3.06,2.2,85,5.9,4.6,4,3,5.4,Yes,In a Relationship,6.1,0,9,2,6.9,100,96
18,Female,3,4,6.6,100,7.3,5.2,0.4,1.7,3.5,Yes,Single,2.9,1.6,15,5,5.7,100,100
24,Male,1,4,6.5,100,6.9,5.3,1.8,2.1,4.6,No,In a Relationship,3.6,2.5,24,0,3,100,97
22,Female,3,3.84,3.4,94,9.3,7.5,4.6,0,0,Yes,In a Relationship,4.3,0.4,3,0,4.1,100,98
27,Male,1,3.88,3.1,93,8.1,6.1,1,3.1,4.6,Yes,Single,3,0,13,2,5.2,97,100
27,Male,3,3.58,2.5,87,7.3,5.5,2.9,1.5,2,No,In a Relationship,3.2,1.6,18,0,6,93,95
21,Male,1,3.59,3.4,95,6.7,4,1.2,0,4.2,No,In a Relationship,2.5,0.5,21,0,5.5,100,100
25,Male,3,3.73,1.4,91,9,4,1.4,2,4,No,In a Relationship,2.3,3.4,11,1,7.1,100,100
22,Male,1,2.6,3.4,75,7,9.6,5.3,0.6,3,No,Single,5.2,0.7,18,0,0.1,85,84
27,Female,1,4,5.7,100,7.4,7.9,3.9,0.3,1.6,Yes,Single,5.8,1,16,0,2.4,100,100
18,Male,2,3.56,2.6,84,7.1,7.6,4.3,1.9,3.8,No,In a Relationship,4.3,1.7,21,0,2,88,87
27,Male,4,3.29,3.1,100,6.5,5.7,4,0.2,1.3,No,Single,5.9,0,11,4,6,89,100
25,Male,2,3.46,0.9,59,7,5.2,2.6,2.2,5.1,No,In a Relationship,3.1,1.3,12,4,1.4,79,92
18,Male,1,3.7,4.1,100,4.6,3.5,1.8,1,1.6,No,In a Relationship,5.4,2.3,9,2,2.7,100,100
27,Female,1,3.24,3.9,97,5.1,6.6,2.2,1.4,3,Yes,In a Relationship,5.7,1.1,11,2,3.7,100,93
19,Male,4,3.41,3.6,100,7.4,3.6,2.5,2,1.5,No,Single,4,0.1,10,2,8,99,97
21,Male,4,3.23,3.2,86,8.9,10.4,5.5,0,3.3,No,In a Relationship,4.8,0.8,8,0,4.4,100,85
27,Female,4,4,3.1,97,7.4,5.3,0.8,1.6,0.9,No,Single,3,0,21,1,5.7,100,90
23,Male,1,3.94,4.3,99,6.1,3.9,2,3.4,1.4,No,In a Relationship,5,0.9,12,0,1.4,100,91
21,Male,2,4,3.5,100,5.3,3.9,1.4,2.1,7.6,No,Single,1,2.3,10,2,7.6,100,100
22,Female,4,4,4,93,7.9,6.5,4.4,2.4,4.7,Yes,Single,2.4,0.6,10,1,1.5,90,97
28,Female,3,3.78,3.8,82,6.3,9.1,5.6,2.2,3.7,Yes,In a Relationship,5.9,1.9,4,6,2.4,100,76
21,Male,2,4,5.2,100,7.8,8,3.3,0,4,Yes,Single,2.2,0,15,1,2.8,100,100
20,Female,1,4,4.5,100,7.5,7.8,3.4,2,3.6,Yes,Single,3.5,3.1,8,1,5.4,100,86
21,Female,3,3.62,3.8,100,7.6,5.4,2.9,1.5,2.8,Yes,In a Relationship,5.3,2.3,9,1,5,100,93
20,Male,2,4,5.8,100,7,8,3.5,0.9,4.5,Yes,Single,4.9,0.7,18,3,3.7,100,88
28,Male,4,3.33,4.1,96,7.5,8.4,4,3.9,1.3,No,Single,7.1,0,9,1,3.2,100,92
26,Male,3,4,5.5,100,6.9,6.2,3.4,0,6.2,Yes,In a Relationship,3.8,0.7,14,3,3.6,100,94
28,Male,1,3.6,4.4,97,6.2,6.5,3.5,5.8,3.2,Yes,In a Relationship,4.5,1.5,9,1,6,100,96
24,Female,1,2.73,0.7,62,5.8,8.9,4,2.7,4.6,No,Single,4.7,2.3,9,3,5.4,89,76
21,Female,3,3.68,5.5,95,4.1,4.4,0.1,2.6,6.1,No,In a Relationship,2.5,0,9,2,3.6,100,100
20,Female,2,3.65,3.7,87,6.8,7.3,2.8,0,4,No,In a Relationship,3.7,2.4,11,2,6.7,100,100
21,Male,3,3.42,3.4,76,8.8,9.4,3.3,1.1,1.4,No,In a Relationship,2.7,1.5,5,3,1.7,100,88
18,Male,3,3.54,3.9,93,7.9,7.1,3.4,0,5.4,No,In a Relationship,4.7,0,16,0,4.5,96,98
28,Male,4,3.56,3,87,7.3,5.9,2.5,0.6,6.4,Yes,In a Relationship,3.9,0,26,1,4.1,100,98
20,Female,4,3.32,3.8,98,6.1,7.6,3,1,0,Yes,Single,3.9,1.3,15,1,4.2,100,97
23,Female,2,3.44,2.6,92,8.2,7.1,1.7,1.9,2.8,No,Single,2.6,1.4,7,1,7.3,100,88
28,Female,2,4,5.4,100,6.9,2.4,0.1,1,3.6,No,Single,3.3,0.6,15,0,6.7,100,97
20,Male,3,4,3.3,100,8.9,7.1,4.3,1.2,2.5,Yes,In a Relationship,4.4,2.1,4,2,0.4,100,100
22,Female,1,3.46,2.9,86,5.8,2.9,1.1,1.6,0.5,No,In a Relationship,3.3,3.2,8,1,7.1,100,85
20,Male,2,3.05,2.1,73,6.1,6,2.6,0.1,1.2,Yes,In a Relationship,4.7,0.8,10,2,0.4,97,74
23,Male,1,3.34,3.9,76,6,5.8,1.7,1,0,No,In a Relationship,5.2,0.5,17,0,5.9,90,95
22,Female,4,3.23,3.8,87,5.2,7.1,5.2,0.3,4.9,No,Single,5.9,2.9,15,0,4.6,100,78
22,Male,2,3.86,4.1,95,5.9,7.1,2.7,0.7,5.7,No,Single,5.6,1,5,3,3.6,92,93
26,Female,4,3.68,2,94,7.1,4.8,2.3,1.1,5.7,No,In a Relationship,3.5,1.9,16,2,4.5,100,93
28,Female,4,2.96,1.1,65,6.1,6.3,3.9,1.8,2.9,No,In a Relationship,3.6,0.6,9,2,5.8,96,80
24,Female,4,3.92,4.4,92,3.5,10.4,6,1.2,3.5,No,Single,5.4,2.3,15,1,0.9,100,100
22,Male,4,4,5.7,90,8.3,5.6,3.4,1,5.1,No,Single,4.7,0,8,2,5.8,100,96
24,Male,1,3.09,2,69,5,3.5,2.2,0,2.5,Yes,Single,6.2,1.3,11,0,4.9,85,85
18,Female,3,4,5.9,100,7.7,7.7,3.8,0,1.1,Yes,Single,4.6,1.5,8,5,2,100,100
24,Female,4,3.94,3.9,100,7,3.2,0.4,1.4,1.9,No,In a Relationship,3.7,1,11,3,5.5,100,99
18,Male,3,3.96,3.5,84,9.5,7.3,2.9,1,3.4,Yes,In a Relationship,3.2,0.6,6,1,2.2,98,100
22,Male,1,3.58,2.9,79,8.2,9.8,5.8,2,1.6,Yes,In a Relationship,4.8,3,8,0,3.6,86,95
26,Male,2,3.44,1.4,77,6.4,3.9,3,0,3.9,No,Single,2.7,2,9,0,2.6,92,99
21,Male,3,3.83,5,100,6.2,7.6,3,2.4,0.3,Yes,In a Relationship,5.4,0.3,7,3,4.6,100,100
18,Female,1,3.76,2.3,92,8.8,8.1,2.8,0.5,2.5,Yes,In a Relationship,5.3,0,10,1,5.8,96,97
19,Male,3,3.28,2.3,89,5.2,6.4,2.2,1,3.8,Yes,In a Relationship,4.5,2.7,12,0,2.3,86,77
25,Male,1,4,5,93,7.2,7.6,3.3,1.8,3.3,No,In a Relationship,3.8,0.3,19,3,1.8,100,91
19,Female,1,2.35,0.7,74,6.8,6.7,4,0.6,1.5,Yes,Single,4.5,1.3,6,0,4.1,72,85
18,Female,2,3.4,1.2,71,6.6,4.7,2.3,0,4.5,Yes,Single,4.2,1.3,7,0,4.3,98,84
20,Male,1,4,3.5,100,7.4,3.3,0,1.1,3.5,No,Single,3.9,1.5,12,3,2.9,100,100
19,Male,4,3.55,3.9,91,7.2,7.6,3.5,0,0,No,In a Relationship,5.4,0,4,4,1.4,100,95
24,Male,4,4,4.2,100,7.5,10.1,6,0,3.9,No,In a Relationship,3.1,0.9,13,2,5.1,100,98
26,Male,3,3.81,3,96,7.2,4.7,2.2,2.3,2.2,Yes,Single,5.7,1.2,12,2,2.9,99,100
19,Female,2,4,7.3,100,7.5,3,0.6,1.5,2,Yes,In a Relationship,4,1.1,15,1,3.3,100,84
23,Female,4,3.35,3.2,76,7.1,5,3.8,1.8,1.3,No,Single,4.6,1.9,23,3,7.9,100,97
28,Male,3,3.17,3.2,94,6.2,9.2,5.4,2.2,1,No,In a Relationship,5.3,1.4,12,1,2.6,99,92
24,Female,3,3.41,2.3,77,7,6.1,3.6,1.9,3.4,No,Single,3.9,1.6,9,0,6.4,100,86
20,Female,3,3.22,3.7,82,6.1,8,5.4,0.6,4.1,No,In a Relationship,6.1,0.6,17,2,6.4,100,95
21,Female,1,4,4.4,100,6.1,9.1,4,1.2,3.3,No,Single,2.8,2.9,12,3,3.9,100,92
18,Female,1,3.91,5.3,94,6.6,7.6,3.9,0.5,4.9,Yes,In a Relationship,4.8,0.9,11,1,4.5,100,100
28,Female,2,3.25,1.3,80,6.9,5.4,2,1.9,4.2,No,In a Relationship,3.8,1.5,21,4,4.6,73,83
25,Male,3,3.38,3.1,89,7,7.2,3.2,0,0,No,In a Relationship,5.1,1.3,16,4,4.6,88,88
19,Female,1,4,4.2,99,8.1,7.5,2.8,0.4,1.2,No,In a Relationship,2.9,1.7,7,2,3.2,100,100
27,Male,2,4,4.4,100,6.4,3.8,2.7,1.6,5.4,No,In a Relationship,2.1,2.4,7,3,7,100,99
21,Female,2,3.36,3.5,98,7.2,4.7,2.4,1.2,0.5,No,Single,6.6,0.4,5,2,2.6,95,99
19,Female,1,3.99,4.3,100,7.1,5.8,3.1,0.1,0,No,In a Relationship,4.9,2,6,3,9.5,100,100
23,Male,3,3.06,2.3,85,6.3,2.7,0.9,0,6.7,No,In a Relationship,4.8,1.9,18,2,1.7,85,86
19,Male,3,4,5.8,100,7.1,6.7,4,1,3.6,No,Single,5.3,1.4,9,6,4.3,100,100
22,Female,4,4,5,100,8.2,2.6,1.5,1.4,1.6,No,Single,3.5,1.4,3,1,2.6,100,100
26,Female,2,2.93,1.5,76,7.2,6.5,2.4,2.2,1.3,No,In a Relationship,4.4,0,14,4,6.4,68,82
20,Male,2,3.42,1.9,82,7.3,5.7,3.3,1,4.3,No,Single,5,0.9,13,3,0,92,94
20,Female,4,3.22,1.9,86,6.2,4.6,1.4,2.7,4,No,Single,4.8,0,10,1,3.6,82,88
20,Female,3,4,4.5,100,9.4,3.1,0,2.5,3.7,No,In a Relationship,2.4,0.9,9,0,7.9,100,99
21,Female,3,3.08,1.6,73,6.2,5.9,2.2,1.2,2.6,No,In a Relationship,5.3,1.1,12,3,1.5,91,89
20,Male,3,3.29,3,87,5,1,0.7,2.3,0.4,No,In a Relationship,5.6,0,12,6,5,91,85
19,Male,4,3.64,4.2,100,8,7.4,3.9,2.6,2.9,Yes,Single,4.5,1.5,14,0,4.1,100,86
26,Male,1,4,3.4,98,6.9,3.8,1.1,0.8,5.1,No,In a Relationship,2.4,2.4,3,3,3.5,100,100
20,Female,3,3.79,3.9,80,6.6,8.5,5,0.8,1.9,Yes,Single,5.8,1.4,7,1,3.6,100,81
27,Male,1,3.38,1.9,96,6.3,4.4,2.8,1.8,4.2,No,In a Relationship,3.3,1.2,10,1,2.2,100,98
21,Male,3,4,4.4,100,9.2,6.4,2.9,1,2.2,No,In a Relationship,3.1,0.7,5,0,4,100,100
28,Female,4,3.85,2.6,90,7.4,4.6,0,4,4.6,No,Single,2.9,1.6,14,1,3.3,99,100
21,Female,3,3.51,3,89,7.7,6.2,3,2.4,1,No,Single,4.2,0.2,15,4,6.3,96,100
20,Female,4,3.44,3.9,94,7.2,4.8,2.7,1.9,3,No,In a Relationship,5.3,0,9,1,2.8,100,88
21,Male,4,4,3.7,96,7.3,3.1,0.9,0.8,3.9,Yes,Single,2.4,2.8,15,0,1.7,100,87
24,Male,2,4,3.5,100,8.7,6.6,2.9,3.7,1.6,Yes,In a Relationship,1.7,2.2,13,3,7.4,100,100
21,Female,4,3.4,2.4,100,6.7,5.9,2.2,0.9,3.7,Yes,Single,5.1,0.1,13,0,2.6,100,100
24,Male,4,3.2,3.1,83,5.3,5.9,2.5,2,2.9,No,In a Relationship,4.6,0,1,3,7.5,88,87
25,Male,1,3.82,3.5,91,8,5.8,2.8,2.9,2.9,Yes,Single,3.8,1.3,11,1,4.2,100,100
26,Female,1,3.27,1.4,80,7.6,5.3,2.1,2.1,1.6,No,Single,3.1,1.3,9,4,7,96,100
24,Male,2,3.65,2.8,76,7.1,6.1,3.2,0.6,5,No,Single,1.9,2,11,0,4.7,92,74
27,Female,4,4,4.1,100,7.6,5.2,2.7,1.8,1.1,No,In a Relationship,3.4,0.9,10,1,0,100,100
18,Male,1,3.28,1.6,79,6.6,7.4,3.5,1.2,3.6,No,In a Relationship,4.9,2.4,6,2,0.5,92,98
24,Female,4,3.72,5.2,100,7,5.4,2,0.7,1.3,Yes,In a Relationship,3.9,1,10,3,3.1,100,100
23,Male,3,4,5.4,94,6.8,5.7,1.2,3.2,2.9,Yes,In a Relationship,3.2,2.4,10,4,3,100,91
22,Female,4,3.32,1.6,62,6.3,6,1.7,1.9,4.3,No,Single,1.9,1,17,4,3.4,94,78
25,Male,2,4,5.5,100,8.4,8.3,5,2.5,2.4,No,In a Relationship,6.4,0.3,11,0,1.4,100,95
25,Female,1,3.67,3.3,91,5.3,7.9,4.2,0.9,0,Yes,Single,5.8,0.8,9,3,1.2,100,99
19,Male,2,3.6,4.1,85,9.8,6.5,4.6,1,0.3,No,Single,6.7,1.9,6,4,0,88,92
24,Male,4,3.6,2.8,94,8.1,7.6,4.7,1.4,0,No,In a Relationship,5.4,1.6,26,2,5,96,100
26,Female,1,3.62,4.9,97,4.9,5.5,2.1,2,3.1,Yes,In a Relationship,6.1,1.3,17,1,3.5,100,100
28,Male,3,4,4.1,89,6.7,4.3,3.2,3.4,3,No,In a Relationship,3.6,0.2,13,2,4.8,100,100
19,Male,4,3.3,2.3,85,6.8,6.4,2.9,1.4,2.3,No,In a Relationship,2.8,1.1,5,1,1.4,100,90
26,Female,4,2.99,1.8,70,7.5,5.6,3.8,0,1.7,No,In a Relationship,4.4,0.5,4,1,7.8,98,87
18,Male,3,2.9,1.3,56,5.8,4.4,2.4,2.3,3.4,Yes,In a Relationship,4.8,0.5,20,1,2.2,74,81
23,Male,4,3.63,3.8,100,7,5.3,2.9,0.9,0.1,No,In a Relationship,5.4,2.2,20,4,4.1,100,95
21,Male,2,3.6,4.4,98,6.9,5.9,2.9,1.3,4.9,No,Single,4.2,0.4,13,2,3.9,100,92
20,Female,4,4,4.5,91,6.1,5,3.6,3.6,3.2,No,In a Relationship,7,0.4,8,4,2.2,100,100
24,Male,4,3.67,3.3,83,5.9,7.8,3.8,0.7,1.1,No,Single,5.6,1.5,9,3,6.5,100,100
26,Female,3,3.39,1.8,77,8.1,6.1,2.9,0.8,2.2,No,Single,3.6,0.3,8,1,6.2,96,85
23,Female,1,3.05,2.5,79,5,8.3,3,0.6,2.7,No,In a Relationship,4.7,0.6,22,2,2,90,82
28,Male,3,4,5.2,100,7.6,6.5,3.1,0.3,0.2,Yes,In a Relationship,3.7,3.1,11,0,6.9,100,100
18,Female,1,3.05,2.8,91,8,9,5.3,0.7,4.3,No,Single,4.8,1,16,3,3.8,82,97
21,Female,3,3.56,3.7,93,6.7,2.2,0.2,1.8,4.9,No,In a Relationship,3.8,1.9,17,6,3.7,90,82
25,Male,4,3.04,1.9,76,7.1,2.9,1.3,0,3.2,No,Single,4.8,3.7,6,1,2.4,100,91
27,Female,1,3.84,4,93,8.4,7.5,3.8,0.5,4.9,No,In a Relationship,3.3,1.4,12,3,4.6,100,94
23,Female,3,3.7,2.8,100,6.2,4.9,3.2,1.1,8.3,No,In a Relationship,3.4,1.7,11,1,3.6,99,100
20,Male,1,3.91,5.1,100,6.3,7,3.2,2.8,0,Yes,Single,4.4,1.5,18,1,2.6,100,90
24,Female,2,3.76,4.7,100,6.4,8.8,3.8,4.1,3.1,No,Single,5.6,0.9,15,6,0.6,100,100
26,Male,4,3.56,2.8,88,8.4,7.2,3.1,0.2,0.3,Yes,Single,3,1.3,12,2,3.1,99,100
21,Male,1,4,3.3,100,8.6,5.7,2,2.3,6.1,No,In a Relationship,1.8,1,13,4,3.6,100,100
27,Male,4,3.41,2.7,89,5.3,7,3.7,2.2,3.5,No,Single,1,0.3,9,0,8.5,100,86
20,Female,4,3.14,1.4,72,8.2,5.3,2.8,1.4,1.6,Yes,In a Relationship,2.8,2,7,1,6.4,93,90
24,Male,3,3.16,2.2,88,8,5,2.1,3.8,2.5,No,Single,2.9,0,8,1,3.4,92,90
28,Female,1,3.83,3.8,94,8.9,6.1,3.8,1.3,5.7,Yes,Single,2.8,1.2,14,1,3.9,100,95
28,Male,4,3.84,4,99,7.5,5.2,3.8,2.4,3.9,Yes,In a Relationship,2.8,0.9,17,0,2,100,99
20,Male,1,3.38,3.7,100,6.9,6.1,3.1,3,4.2,No,Single,2.9,0.2,15,1,4.8,90,100
24,Female,3,3.29,3,77,8.4,9.7,5.4,1.3,6,No,Single,5.3,1.8,4,1,2.9,83,86
24,Female,1,4,4.9,100,7.8,6.3,4.8,0.1,4.9,No,Single,3.4,0.2,14,1,3.8,100,88
28,Male,2,3.75,3.6,90,9.7,9,4.3,0,5.2,No,In a Relationship,1.5,0.8,15,3,2.9,100,94
21,Male,2,3.96,4.6,100,8.2,11.1,6.6,2.1,2.7,Yes,In a Relationship,4.2,1.9,21,0,2.2,100,95
20,Male,2,3.34,0.8,83,7.2,6.1,2.6,1.5,0,No,Single,3.5,0,5,3,3,80,82
28,Female,4,3.18,0.5,55,5.6,5.6,2.1,1,3.2,Yes,Single,4.2,2.3,17,3,5,93,71
28,Female,4,3.45,3.9,83,6.3,6.9,4.1,1.6,1.7,No,Single,5.5,1.2,20,3,6.8,99,100
28,Female,1,2.73,1.4,65,5.3,5.5,2.4,2.9,4.6,No,In a Relationship,2.8,0.9,7,5,0,83,80
28,Male,1,3.3,3.2,90,6.7,5.2,2.8,2.5,0,No,In a Relationship,5.1,0,15,1,8.4,100,85
26,Female,3,3.94,3,97,8.1,4.3,1.3,1.1,4.7,Yes,In a Relationship,4.1,1.3,4,1,1.4,100,94
20,Male,3,3.74,5.9,100,7,6.9,3.7,1.3,3.4,Yes,In a Relationship,5.4,1.2,12,3,2.2,100,100
27,Male,2,4,4.1,100,8.2,5.9,0.6,2.9,3.7,No,Single,3.2,1.7,7,0,7,100,100
24,Male,2,3.55,3.7,93,7.4,6.4,2.7,0.7,4.2,No,In a Relationship,4.1,0.7,15,1,1.1,100,90
28,Female,4,4,4.8,100,6.5,5.5,2.8,1.3,2.9,Yes,Single,3.9,0.2,12,1,2.3,100,96
26,Male,4,3.58,4.1,100,7.1,5,2.1,2.6,2.3,No,In a Relationship,5.3,1.5,10,1,1.4,100,100
19,Male,4,3.98,2.8,82,7.6,2.3,0.2,2.7,5.3,No,In a Relationship,2.8,0.6,15,5,1.9,100,100
20,Female,3,4,5.1,95,7.2,2.5,0.2,1.4,4.2,Yes,In a Relationship,1.9,1.7,8,2,5.5,100,90
28,Female,2,3.29,1.8,79,7.2,5.8,1.7,4.1,4.4,No,Single,3.1,0.2,12,0,3.4,100,82
24,Male,1,3.69,4,87,6.1,6,3.6,1.7,2.8,Yes,Single,4.1,2,15,4,2.4,100,100
20,Female,3,2.88,1.2,69,6.5,5.5,3.2,0,3.2,Yes,In a Relationship,4.2,2.7,10,0,4.6,76,89
25,Female,3,4,3.8,100,9.7,5.1,2.8,2.9,3,No,Single,4.3,1,13,1,6.2,100,100
19,Male,3,3.61,3.8,91,8.5,3.6,1.5,0.8,0,No,Single,3.4,2.5,11,0,4.7,100,95
23,Female,1,4,6,100,5.2,7.7,3.3,2.4,0.2,Yes,Single,4.7,2,19,3,3.9,100,95
25,Male,1,2.96,1.2,74,4.2,3.3,0.1,1.8,2.8,No,Single,5.1,1.5,19,2,9.3,93,95
18,Female,2,3.35,2.6,90,7.1,2.7,0,5,0,No,Single,4.8,1.2,12,5,5.8,100,92
18,Female,4,4,4.7,100,8.1,5.4,2.4,1,2.8,No,Single,2.8,0.7,11,2,7.1,100,100
18,Female,1,4,4,96,6.4,5.3,2,1.5,1.2,No,In a Relationship,5.8,2.4,7,2,2.7,100,100
19,Male,1,3.58,3.8,88,8.2,6.4,4.3,1.4,2.8,No,Single,5.3,2.2,23,0,5.5,100,98
23,Male,1,3.51,2.1,81,7.1,4.3,3,1.2,3.3,No,In a Relationship,3.5,0.2,16,2,6,99,91
23,Male,4,3.15,2.6,81,6.8,9.9,5.3,0,0,Yes,Single,7,1.3,17,0,4,79,86
23,Female,1,4,5.4,100,7.9,6.2,2,0,3.7,Yes,In a Relationship,2.1,0.4,19,2,6.2,100,99
24,Male,3,3.27,3.4,78,6.4,7,3.5,1.1,2.1,Yes,In a Relationship,4.3,1.7,12,1,6.4,100,98
20,Female,3,4,4.1,97,6.7,6.5,2.4,1.5,0,Yes,Single,3.5,1.9,11,2,4.9,100,97
18,Female,1,3.51,3.3,90,7.8,10.2,4.9,0.9,2.1,Yes,Single,3.8,0,19,4,4.2,100,92
26,Male,4,3.09,1.7,82,7,4.9,2.5,1,3.8,No,In a Relationship,4.6,1.1,9,5,1.4,90,91
18,Female,4,4,4.9,100,9.3,5.8,4.1,2.4,2.2,No,Single,3.9,1.6,11,1,2.6,100,100
26,Male,1,4,4.3,93,7.8,5,1.2,0.9,2.1,No,In a Relationship,2.2,1.3,14,2,2,100,100
19,Female,2,4,7,100,7.8,3.4,2.2,0,3.3,No,Single,2.9,3,7,6,0.3,100,100
22,Female,4,3.55,2,83,6.9,5.7,2.7,2.3,2,No,Single,3.6,0,16,1,2.3,90,90
21,Male,4,4,4.7,100,8,7.3,4.7,2.9,2.5,Yes,In a Relationship,4.8,2.6,15,0,4.3,100,100
21,Male,3,3.31,1.5,82,6.6,3.8,0,2.2,0.3,Yes,In a Relationship,5.9,0.3,9,1,7.4,83,88
22,Female,4,3.75,3.7,92,7.3,4.7,2.3,1,2,Yes,Single,4.2,0,18,3,4,98,89
26,Male,4,3.88,5,100,5.9,6.7,2.3,1.3,6.8,Yes,In a Relationship,3.8,1.5,6,4,3.1,100,100
22,Male,3,3.05,0.5,70,8.2,2.1,0,1,3.4,No,Single,4,1.1,10,3,4.4,81,88
25,Male,1,3.4,3.2,82,7.3,5.9,2.1,2.1,3.5,No,In a Relationship,3,1.3,19,2,5.3,97,85
18,Female,4,4,2.7,87,9.4,2.7,0.5,3,1.7,No,Single,3.9,1.7,11,0,5.6,100,99
24,Male,1,3.88,2.4,99,9.9,3.7,0,2,2.2,Yes,Single,1.7,1.7,5,0,6.2,100,100
23,Female,4,4,4.1,94,7.9,4.2,2.4,1.5,2.5,Yes,In a Relationship,3.3,0.7,13,3,3.7,100,100
27,Male,3,4,5.2,100,7.1,5.4,2.4,1.6,4.7,No,Single,3.2,2,11,1,4.5,100,99
23,Female,1,3.56,3.3,100,5.9,7,2.4,2,5.4,No,Single,3.7,0,15,2,4.4,97,100
21,Female,2,4,3.8,87,8.1,6.3,3.2,3.9,2.1,No,Single,3.9,1.1,17,3,3.2,100,100
19,Male,1,4,3.7,84,7.3,5.9,1.5,2.5,3,No,Single,3.8,2.3,12,5,4.1,100,99
23,Female,1,3.71,3.5,95,7.6,8.5,5.5,0.2,2.5,No,In a Relationship,4.6,1.5,1,1,2,89,100
21,Female,3,3.58,1.9,79,9.1,5.2,2.8,0.2,4.5,No,Single,3.1,1.2,15,2,7.1,100,90
22,Male,4,3.98,5.2,90,6,7.9,4.7,3.8,3.9,Yes,In a Relationship,3.4,0.9,7,0,3.5,100,95
21,Female,4,3.83,3.9,98,5.9,4,0.3,2.4,2.8,Yes,Single,4.3,1.5,15,3,2.1,94,96
22,Male,4,4,4.1,98,6.7,2.2,1.5,0.2,5,No,Single,4.4,0.9,16,4,0.3,100,92
21,Male,4,3.25,2.3,78,8,7.4,3.8,0.4,4,No,Single,4.1,1.8,17,0,4.3,77,78
28,Female,3,3.7,2.8,94,7.7,4.4,2.5,1.5,1.5,No,In a Relationship,4.8,0.7,16,0,3.5,93,100
20,Male,2,3.34,3.2,86,5.9,2.8,1.2,3,3,No,Single,3,2.7,10,1,5.1,86,95
21,Female,1,3.6,1.2,78,7.9,3.6,0,0.3,2.6,No,Single,4.2,1.7,11,0,5.6,92,94
20,Female,4,2.43,1,55,5.6,8.5,3.9,2,1,No,In a Relationship,5.6,3,14,3,5.6,94,67
24,Male,1,2.87,2.6,63,6,7.1,3.8,3.3,2.5,No,In a Relationship,3.3,0.8,16,2,8.1,70,97
28,Female,4,4,4.3,99,6.9,4.6,3.2,0.5,5.3,No,In a Relationship,5,2.4,7,1,5.3,97,91
21,Female,3,3.29,2.5,75,6.3,4.3,2.1,1.1,5.2,Yes,Single,4.3,0,17,2,5.7,85,84
19,Female,3,3.43,2,87,8.1,3.6,1.1,4.7,4.8,No,Single,4.5,1.9,3,2,5.1,100,88
18,Male,1,3.35,2.3,100,7.3,5.9,2.7,1.4,4.6,No,In a Relationship,5.3,1.1,2,3,6.1,100,90
26,Male,2,3.71,2.8,100,9.1,3.7,0.8,1.4,3.4,No,Single,3.8,1.3,4,4,5.1,100,100
21,Female,1,3.79,3,91,6.7,5.3,1.7,1.6,1.8,Yes,In a Relationship,4.4,1.9,15,1,3.4,88,95
24,Male,1,4,6.7,100,6.9,8.9,4.7,1.4,4.1,No,Single,5.4,1.9,15,0,5.3,100,93
20,Male,3,4,5.1,100,8.5,3.4,0,2.5,0,No,In a Relationship,1.9,2,13,1,8.3,100,100
25,Male,2,4,5,86,6.9,7.9,3.8,1.8,1.7,Yes,Single,4.5,1.6,9,3,4.5,100,92
27,Female,3,4,5.3,100,8.8,7.7,5,0.8,5.2,No,In a Relationship,6.9,1.7,14,0,1.8,100,96
27,Female,1,3.27,2,93,7.6,11,4,0.8,2,No,Single,2.8,1,9,1,2.2,91,82
22,Male,1,3.22,1.7,76,4.2,7.1,3.4,1.9,4.3,No,In a Relationship,5.3,0.6,10,3,3.1,88,93
23,Male,2,3.38,1.8,95,8.4,5.9,2.1,0,2.3,No,Single,3.4,1.4,8,2,3,98,85
23,Female,2,4,5.5,100,8.1,6.9,1.8,2.6,4.1,No,In a Relationship,3.9,0,15,2,2,100,91
27,Female,1,4,2.7,85,8.1,3.1,0,4.4,0,Yes,In a Relationship,3.4,1.6,9,1,5.1,100,100
18,Male,2,3.27,1.6,90,4.7,5.1,2.9,1.8,5.5,Yes,Single,5.6,2.1,14,4,3.8,89,100
21,Female,4,3.65,2.9,89,6.2,6.8,2.2,0,0.8,No,Single,4.6,1.8,12,2,3.1,92,97
20,Male,3,3.42,3.1,97,6.3,6.4,1.8,1.3,0.3,No,In a Relationship,5.2,0.6,20,1,3.6,89,86
27,Female,2,4,3.9,100,6,6,2.8,0.9,5.4,Yes,In a Relationship,4.3,0,12,4,6.5,100,100
24,Female,1,4,3.9,100,9.1,8,2.9,1.6,3,No,Single,3.1,1.9,18,0,4.6,100,95
26,Male,4,3.19,2.3,89,7,4.7,1.8,1.5,2.4,No,In a Relationship,3.4,0.4,16,1,5.2,91,87
27,Male,1,3.83,4.5,98,7,9.3,5.2,3.1,6.1,No,In a Relationship,5.7,0,6,2,6.5,97,100
26,Female,3,3.43,2.5,89,7.7,8.7,3.9,0.9,4.5,No,In a Relationship,4.6,2.1,9,2,5.4,100,100
26,Female,3,3.33,3.3,85,7.7,7.2,4.1,1.4,2.1,Yes,In a Relationship,5.5,0,11,3,4.5,93,99
22,Female,3,3.31,4.5,100,3.5,6.1,2.6,0.3,2.7,Yes,In a Relationship,6.5,1,15,1,3.4,100,100
18,Male,2,3.64,2.5,78,6.2,7.8,3.6,1.9,5.1,Yes,Single,3.7,3,16,1,4.9,98,90
19,Female,4,3.73,2.6,95,5.3,4.1,1.5,2.6,1.1,No,In a Relationship,4.3,0.5,15,3,4.1,100,98
23,Female,4,3.57,4.4,100,7.5,5.8,3.8,3.3,5.9,No,In a Relationship,3.4,0.1,8,1,3.9,89,100
24,Male,3,3.36,2.2,66,6.7,7.1,2.5,2,2.1,No,Single,5.3,1.7,12,5,4.7,100,87
28,Female,1,3.75,2.9,98,7,4.7,1.3,1.8,1.3,No,Single,3.9,1.5,10,2,3.7,100,86
25,Female,3,3.35,4.3,95,4.5,5.2,2.8,0.5,5.2,No,In a Relationship,4.7,0,14,1,4.9,93,80
24,Female,2,4,6.6,100,6.6,5.5,2.4,0,4.5,No,In a Relationship,2.7,1.3,4,4,4.4,100,94
22,Male,2,3.96,4.4,100,8.3,9.9,6.3,0.8,0,No,Single,6.4,2.4,12,4,6.6,100,100
25,Female,1,3.73,4.2,100,8.7,4.6,3.5,1.2,2.8,No,In a Relationship,4.7,2.6,3,1,2.6,100,91
23,Female,1,3.73,4.3,98,7.9,9.1,5.2,1.3,0.8,No,In a Relationship,5.7,0.9,7,2,0.8,100,100
21,Male,2,2.43,1.9,65,5.4,8,4.5,0,4.6,No,In a Relationship,5.2,1.7,20,1,2.1,71,88
21,Female,4,3.9,3.7,96,8.5,7.9,2.9,1.1,6.4,Yes,Single,3.9,1.7,20,1,4.1,100,88
27,Female,4,3.89,3.5,100,7.9,4.8,2.1,0,4.1,No,Single,3.2,2.2,9,1,6.3,96,100
18,Female,1,4,4,100,6.9,4.9,0.2,0,1.5,No,Single,4.8,1.1,14,1,3.2,100,100
22,Female,3,3.82,3.7,100,4.6,4.4,1.5,2.9,4.8,Yes,In a Relationship,4.7,2.5,14,0,5.2,100,92
22,Male,3,3.84,4.1,97,8.1,7,3.8,3.2,2.9,No,Single,2.8,0.5,19,1,4.1,100,100
24,Female,4,3.44,3,88,6.3,5.6,2.3,1.3,2.9,No,In a Relationship,4,2,13,2,2.4,97,88
24,Male,3,4,3.6,98,7.4,8.9,3.4,1.8,2,Yes,In a Relationship,4.7,0.2,7,0,4.6,100,100
22,Male,3,3.27,1.7,63,7.1,1.5,0,2,3.2,Yes,In a Relationship,2.2,0,8,1,4.6,86,81
18,Female,4,3.56,3,95,8.8,7.1,3.5,2,2.9,No,Single,4.8,1.8,14,2,3.4,97,91
21,Male,3,4,5.6,86,6.8,7.5,4.4,0.3,0,No,In a Relationship,3.4,4.2,3,1,1.8,100,100
23,Female,2,4,4,100,7,3.1,0.1,1.7,3.1,No,Single,3.8,1.5,3,6,1.9,100,100
19,Female,4,3.87,3.5,89,8.9,7.1,3.4,1.8,2.7,No,Single,4.4,1,16,3,3.8,96,89
27,Male,3,4,6.3,98,6.2,9.1,4.8,1.8,3.7,No,Single,3,2.4,25,3,2,100,99
27,Male,1,2.87,1.5,88,8,8.9,5.3,0.5,0,No,In a Relationship,5.4,0.8,9,3,3.9,85,90
26,Female,1,3.41,1.8,91,6.8,6.5,2,0,4,No,Single,3.2,0,11,1,2.9,89,92
26,Female,2,3.97,6.1,100,5.8,6.7,4,1.2,3.1,No,In a Relationship,6.4,2.1,12,2,2.2,100,100
28,Male,3,4,3.6,100,7,7.8,4.9,0,4,Yes,In a Relationship,3.9,2.8,13,2,4.3,100,95
18,Male,2,3.91,3.1,98,7.8,5.2,3.4,0.5,0,No,Single,5.4,1.3,8,2,2.5,100,100
18,Male,1,3.31,1.7,78,8.6,10.1,4.7,2.1,0.5,No,Single,5.8,1.5,11,1,6.6,95,100
20,Male,4,3.92,4.2,86,8.8,5.5,2.7,2.9,0,No,Single,3.6,0.6,16,2,2.2,100,96
18,Male,3,4,4.3,96,6.6,6,3.4,2.6,3.3,No,Single,5.7,1,9,0,3.1,100,93
23,Male,2,3.1,1.9,76,5.8,5.6,1.9,0.6,2.3,Yes,In a Relationship,3.9,1.4,12,2,1.9,79,89
21,Female,4,3.76,3.3,87,6.6,6.9,2.6,1,2.7,No,In a Relationship,5.5,1.2,17,2,2.3,100,87
25,Male,1,3.67,3,89,5.6,5.7,3.5,0.9,0.2,Yes,Single,8,1.2,12,3,5.4,100,87
25,Male,4,4,3.9,92,6.7,6.2,1.8,1.8,0.6,No,Single,5.2,0,4,5,2.5,100,86
24,Male,4,3.35,1.8,91,6.6,5.1,2.5,0.4,0,No,In a Relationship,5.3,1.4,1,4,2.1,100,74
24,Male,4,3.8,5.4,100,7.9,8.6,3.9,1.6,0.3,No,In a Relationship,4.3,0,6,0,1.3,100,100
19,Female,2,3.64,4.9,83,4.4,8.3,5.9,1.4,1.7,No,In a Relationship,8.3,1.7,18,2,6.3,100,94
25,Male,2,3.41,3,98,6.1,3.9,0,2.3,1.8,No,Single,4.4,2.3,11,1,4.5,94,92
25,Male,4,3.14,3.2,83,6.1,8.9,5.8,0,2.9,No,In a Relationship,5.1,1.8,14,4,2.4,93,89
25,Male,3,3.87,3.3,100,8.4,4,2.4,0.3,4.5,No,Single,4.6,0.1,18,3,2.6,98,86
19,Male,3,3.03,2.3,80,5.7,5.5,4.2,1.9,1.6,No,Single,5.5,0.4,6,1,3.9,87,93
27,Male,3,3.53,2.8,74,7.3,6.6,4.5,1.7,4,No,Single,5.1,1.1,25,3,4,88,94
26,Female,3,3.01,3.1,88,6.8,9.3,5.1,0,4.6,Yes,Single,4.3,2.1,11,2,5.6,90,95
18,Female,3,4,5.9,100,8.3,2.4,1.7,0,5.3,No,In a Relationship,1.8,2.2,15,0,4.9,100,96
27,Male,4,4,4.9,100,7.7,5.9,2.5,2.2,4,No,In a Relationship,2.6,1.6,8,1,0.1,100,95
25,Male,2,4,4.9,98,7.1,6,2.7,1.7,3.1,No,In a Relationship,3.6,0.2,7,1,5.5,100,100
28,Female,2,4,4.1,95,6.3,3.3,2.3,1.2,0.8,Yes,Single,5.1,2.4,12,1,4.8,94,100
27,Female,3,2.78,1.8,73,4.8,6.8,4.8,2.2,3.5,No,In a Relationship,5.2,1.2,9,6,5.9,86,87
22,Female,3,3.69,3.4,99,7.3,4.7,2.7,0.4,2.2,Yes,In a Relationship,3.3,0.8,12,2,7.7,100,95
21,Male,4,4,5,100,7.6,3.5,0.4,2,5.8,Yes,In a Relationship,1.4,0.7,1,2,0.2,100,94
20,Male,1,2.46,1.6,55,5.1,6.7,1.9,2.9,3.2,No,Single,5.6,0,5,1,6.5,81,74
21,Male,2,4,4.5,94,5.5,4.7,0.4,2,2.7,Yes,Single,3.6,2.3,9,1,1.5,100,94
18,Female,4,4,7,100,7.3,5.1,2.5,0,5.8,Yes,In a Relationship,1.3,1.1,6,1,4.4,100,94
18,Male,1,4,5.1,100,7.4,5.8,3.8,2.7,2,Yes,Single,4.5,0.5,27,3,6.1,100,100
19,Male,2,4,5.6,100,5.8,2.9,1.8,0.1,3,No,Single,3.7,1.8,13,3,1.9,100,100
26,Male,4,3.9,3.8,100,6.3,4.7,2.2,1,7,No,Single,3.5,2,13,2,4.3,100,93
25,Male,3,4,5,100,4.8,4.3,2.4,2,3.5,No,In a Relationship,4,0,7,2,4.9,100,100
18,Male,2,3.68,2.4,90,8.7,6,3,2.5,5.3,No,Single,4.4,2.8,9,1,2.7,100,100
21,Female,4,3.94,4.7,95,5.4,6.6,3.6,1.4,6,Yes,Single,4.2,3.4,9,0,5.3,100,99
23,Male,3,4,4.5,100,7.7,6.4,4,4.2,1.9,No,Single,4.3,1.3,18,1,6.4,100,87
22,Female,2,2.99,3.9,100,7,8.7,6.2,0,4.8,No,In a Relationship,4.8,1.4,5,2,3.6,100,77
21,Female,2,4,5.5,100,8.5,5.2,3,4.1,2.3,No,In a Relationship,4.2,3.6,10,4,4.6,100,98
19,Male,4,3.71,2.7,85,6,6.3,3.9,0,7.1,Yes,Single,4.4,0.1,14,0,4.7,97,100
20,Male,4,3.94,3.2,86,7.1,5.1,0.4,1.4,5.9,Yes,Single,2.1,0.7,1,1,3.6,91,94
25,Male,1,3.48,3.6,100,5,5.8,2.2,0,4.5,No,In a Relationship,4.3,1.8,4,1,1.9,100,98
25,Male,3,3.23,2,80,4.7,6,2.4,1.9,5.1,No,In a Relationship,4,2.3,5,1,2.4,100,86
25,Female,2,4,3.8,99,7.7,5.5,1.3,0,1.6,No,Single,4.4,1.2,11,5,6,100,100
27,Female,2,2.43,0.9,63,4.9,6.1,2,2.1,6.4,No,Single,2.5,0.4,10,2,2.7,83,76
23,Female,2,4,5.1,100,6.7,7.3,2.6,0.7,1.2,No,Single,4.1,2.5,17,1,3.7,100,99
23,Male,4,4,3.6,97,8.2,5.7,2,0,3.8,No,Single,3,1.2,1,0,6.2,100,100
23,Female,2,3.33,2.7,73,7.9,9.9,6.7,3.5,1.6,No,Single,7,1.2,10,2,3.2,100,93
21,Female,4,3.28,2.2,82,6.2,5.9,3.6,2.4,4.7,Yes,Single,5.5,2.1,18,2,2.8,94,94
26,Male,3,3.48,3.1,73,5.1,7.8,5.8,2.2,6.5,No,Single,5.6,2.7,4,2,2.7,100,87
25,Female,2,3.98,4.5,100,7.6,9.1,5,3.9,3.9,No,In a Relationship,3.6,1.4,11,2,1.5,100,100
24,Male,2,4,4.3,96,8.6,4.7,1.8,0.9,3.6,No,Single,3,1.7,16,0,5.1,100,99
24,Male,3,3.24,2.4,85,6.2,4.3,2.9,3.1,2.8,Yes,Single,6.3,2.2,19,2,1.3,90,93
18,Female,3,3.18,2.2,82,6,2.6,2.1,0.2,3.2,Yes,Single,4,1,6,3,4.5,84,85
22,Male,1,4,4.5,100,6.4,8.2,2.6,1.5,2.3,Yes,Single,4.5,0.7,14,1,5.4,100,94
18,Male,3,3.77,2.4,91,7.7,3.1,1.3,0,6.3,No,Single,2.8,0.8,12,2,4.1,100,100
19,Male,1,4,3.6,99,8.5,4.3,2.1,3.9,4.6,No,Single,2.1,0.3,7,3,3.5,100,100
21,Female,3,3.8,3.7,84,5.5,7.8,3.3,1.2,2.3,No,In a Relationship,4.1,0.1,6,3,1.8,100,90
19,Female,3,3.72,4,96,5.2,4.8,3.3,0.5,3.1,No,Single,4.1,3.4,6,0,5.9,100,92
22,Male,1,4,4.8,100,9.8,6.8,3.2,4,8.8,Yes,Single,1.8,0.3,30,1,6.4,100,96
24,Male,3,3.39,1.6,84,6.8,7.9,2.7,2.3,3.5,No,Single,4.4,1.5,18,2,5,85,85
27,Female,3,2.32,0.6,70,7.3,9.6,4.1,0.5,5.9,Yes,In a Relationship,4.1,1.1,12,1,5.3,79,71
26,Female,2,3.01,2.6,84,6.2,4.9,2.4,0.8,1.8,No,In a Relationship,4.9,2.2,8,0,3.4,87,87
26,Male,4,4,6.2,100,7.6,7.9,4.9,1.8,3.9,Yes,In a Relationship,6.7,1.3,15,1,4.8,98,100
18,Female,2,4,6.5,100,8.2,2.5,0,4.7,1.8,Yes,In a Relationship,5.4,2.6,6,3,3.2,100,87
20,Female,4,4,6.2,100,7.4,6.8,3.8,0.4,1.9,No,In a Relationship,4.6,1.1,14,1,2.5,100,95
25,Male,1,3.93,3.2,100,9.1,8.1,3.5,2.4,4.6,No,In a Relationship,4.2,1.4,16,1,2.4,97,94
22,Female,3,3.13,0.8,65,6.6,3.1,1.8,1.1,1.2,Yes,Single,4.8,2,11,0,4.7,90,82
24,Female,1,2.55,0.5,62,6.7,6.1,2.3,2.7,0.6,No,In a Relationship,5.5,1.4,9,2,0,75,74
20,Female,4,3.56,2.6,85,7.3,6.3,3.5,1.1,4.4,Yes,In a Relationship,5,1.7,9,5,2,98,94
23,Male,3,3.33,3.2,83,7.6,8.8,4.2,1.3,2,No,Single,4.1,1.5,17,0,5.8,95,86
28,Male,1,4,5.5,100,7.3,4.8,0.2,0,2.4,No,Single,5,0,12,2,6,100,100
26,Male,3,3.6,4.8,94,5.5,6.2,3.7,1.3,0,Yes,Single,7.1,2,20,2,4.2,100,97
18,Female,2,3.75,3.8,92,7.4,5,2.1,4.9,0.5,No,Single,5.1,2.4,3,2,0.2,100,98
19,Male,4,2.85,2.2,73,6.6,8.6,4.5,0,3.4,No,Single,5.5,1.1,6,2,1.4,83,85
23,Female,1,3.37,2.1,80,6.3,4.2,0,1.2,2.5,No,Single,3.7,1,12,5,2.8,96,74
18,Male,4,3.52,3.9,85,7,6.5,6.5,1.5,4.8,Yes,In a Relationship,5.4,1.5,14,3,4.4,100,92
25,Female,1,4,4.5,88,5.8,5.6,1.5,2.8,1.2,Yes,In a Relationship,5.1,3.1,12,2,0.2,100,87
22,Male,3,3.26,4.1,95,5.6,9.9,4.9,1.6,2.7,No,In a Relationship,5.7,0.9,19,2,5.4,100,86
28,Female,1,2.53,1.9,69,3.9,6,2.7,3.2,3.1,Yes,Single,5.5,1.8,7,2,4.5,84,80
23,Male,1,4,4.5,100,9.1,5.7,1.6,0.4,2.6,Yes,In a Relationship,3,1,12,4,1.7,100,100
28,Female,4,3.94,4.1,92,7.7,7.7,3.2,1.5,4.2,Yes,Single,3.6,1.8,17,1,0.8,100,97
28,Female,3,3.16,1.9,87,6.9,7.6,4.3,1.4,0.8,No,Single,7.1,0,21,4,6.3,90,83
23,Male,2,3.46,2.3,88,6.2,4.5,0.5,0.7,4,Yes,In a Relationship,3.4,3,11,2,4.7,97,93
23,Male,1,3.79,4.5,82,3.5,6.9,3.9,1.5,5.3,No,In a Relationship,5,1.6,25,1,2.6,95,100
22,Male,4,3.68,3.1,100,6.1,5.7,2.8,0.5,1.4,No,In a Relationship,5,0.9,12,1,3.6,99,100
26,Male,1,4,5.9,100,7.9,5.9,3.7,2.5,3.8,No,In a Relationship,2.9,0.9,20,0,4.8,100,100
28,Female,1,4,4.3,96,8.1,6,2.8,0,3.7,No,In a Relationship,4.6,1.5,10,3,3.4,100,97
20,Male,2,3.97,2.8,87,7.8,7.2,1.9,0,4.2,Yes,In a Relationship,3.3,3.2,11,5,4.4,100,91
21,Male,1,4,3.5,100,7.2,3,1.1,0.2,3,No,Single,3.1,2.7,18,0,5.3,94,100
26,Female,2,3.42,3.6,83,8.6,7.5,3.8,1.6,5.8,No,Single,3,0.9,16,0,1.9,100,100
19,Male,3,3.99,2.4,83,6.6,7.2,3.8,2.1,7.2,No,In a Relationship,2.3,1.3,12,2,4.1,91,91
23,Female,4,2.96,2.1,70,8.3,8.6,3.8,0.6,4.3,No,In a Relationship,5.7,1.3,7,2,6.4,82,80
18,Male,4,4,4.6,98,6.5,8.4,3.4,2.2,3.6,No,Single,4.7,0,25,2,4.6,100,100
18,Male,2,3.21,4.8,100,5.9,6.1,4.2,0,3,Yes,Single,7,1,11,0,2.5,93,84
18,Male,3,3.46,4.4,88,5.8,7.2,4.9,1,0.4,Yes,Single,5.7,1.4,12,1,5.2,100,91
24,Male,1,4,5.8,100,5.7,2.4,0,0.8,0.1,Yes,In a Relationship,4.6,0.3,2,0,1.5,100,100
28,Male,3,3.98,2.7,81,7.8,2.4,0,1.9,0.7,No,In a Relationship,4,2.9,9,2,5.7,100,97
26,Female,1,4,6,98,6.1,7.9,5.4,2.8,3.5,Yes,In a Relationship,5.9,0.1,16,0,2,100,87
26,Male,2,3.43,2.1,75,5.8,4.2,0.8,5,2.6,No,In a Relationship,3.5,0.2,11,3,5.3,96,80
23,Female,3,4,2,100,7.9,3.2,1.2,1.4,6.1,Yes,In a Relationship,1,1.9,25,1,6.2,100,89
27,Female,2,3.35,0.9,73,7.4,4.5,2.4,0,0,No,In a Relationship,6.8,1.5,13,5,4.2,100,93
20,Male,2,4,2.8,90,8.2,2.4,0.3,1.6,3.1,Yes,In a Relationship,2,0.7,9,1,1.9,100,93
25,Female,1,3.39,2.7,88,7.6,5.8,2.2,1.2,3.9,No,In a Relationship,6.1,2.2,21,1,4.1,100,100
20,Male,1,4,4.3,100,6.1,4.3,1.4,2,4.8,No,Single,3,1.4,24,3,4.3,98,97
27,Male,3,3.57,3.9,94,7.1,5.1,2.4,2.1,3.3,No,In a Relationship,5.3,3,19,1,4.5,93,96
26,Male,1,3.23,1.7,70,7.2,5.2,3.2,0.7,3.7,No,In a Relationship,4.7,0,13,0,6.2,94,78
25,Female,1,3.33,2.9,98,5.9,3.4,2.3,0,3.4,Yes,Single,4.9,0.7,11,0,5.3,100,93
26,Female,4,3.54,2.9,96,5.7,7.2,2.2,2.3,3.9,Yes,Single,3.6,2.9,4,3,0.8,100,97
25,Male,3,2.79,0.8,74,6.2,5.9,3.2,3,3,No,In a Relationship,4.2,1.7,14,1,3.7,78,81
27,Female,3,3.55,2,86,9.4,10.7,4.4,2.3,7.2,Yes,Single,2.8,1.1,14,4,6.5,100,100
21,Male,2,3.03,2.3,80,6.5,9.1,5.2,2.2,4.2,No,Single,5.2,0.8,6,0,8.8,99,82
21,Female,2,4,5.7,100,8.5,7.7,2.5,1.6,3.4,Yes,Single,3.3,1.5,12,2,6.4,100,96
24,Female,2,3.38,3.8,84,6.4,9.7,5.5,2.7,1.5,Yes,Single,5.3,0.1,18,1,4.2,91,90
22,Female,4,4,4.5,100,8.1,7.3,4.1,0,2.3,No,Single,3.5,0,11,3,4.1,100,100
27,Male,1,3.82,1.3,88,8.1,3.3,1,2,6,No,In a Relationship,1.6,1.8,14,3,5.3,100,92
21,Male,1,4,5.3,100,8.1,2.7,0.9,0.4,0,No,Single,4.1,2.1,2,1,2.3,100,100
18,Male,1,4,5.5,100,7.5,6.2,1.9,0,3.1,Yes,In a Relationship,2.8,2.1,21,1,6.3,100,100
24,Male,4,2.9,0.5,75,8.7,8.3,5,3,3,Yes,In a Relationship,3.3,0.8,9,1,5.1,85,95
28,Male,1,3.04,2.4,91,7.5,5.7,2,0.5,4,No,Single,3.5,0.7,11,2,0,100,81
23,Male,2,4,4.2,100,9.1,4,0,2,3.5,No,Single,1,1.2,13,4,2.6,97,97
27,Male,1,3.19,4.5,85,5.1,5.9,2.5,2.5,6,No,Single,4,0.2,11,3,4.8,100,97